target_state,lever,intensity,interaction,seed,target_inflow_rate,target_social_cost,chain_share,housing_rejection,job_rejection,coorigin_clustering
NY,combined,0.0,medium,301,0.0043055555555555,0.0477392136322638,0.0,0.0,0.1999999325894016,0.1632711329706044
NY,combined,0.0,medium,302,0.0054166666666666,-0.0617008313683509,0.0512820512820512,0.0,0.2007472827973788,0.1614362026673199
NY,combined,0.0,medium,303,0.0047222222222222,0.074751637541325,0.0588235294117647,0.032258064516129,0.2002551253963655,0.1577774984391701
NY,combined,0.0,medium,304,0.0056944444444444,-0.0101549947991203,0.1219512195121951,0.0,0.2007954639803375,0.1735076562348055
NY,combined,0.0,medium,305,0.0052777777777777,0.0130413797728446,0.1842105263157894,0.0,0.1989523457291222,0.1675580714575018
NY,combined,0.0,medium,306,0.0036111111111111,-0.040793865787348,0.0769230769230769,0.0,0.1992783823085979,0.1689180696925606
NY,combined,0.0,medium,307,0.0056944444444444,0.0241137591620861,0.1219512195121951,0.0,0.201595813279939,0.1734680565822572
NY,combined,0.0,medium,308,0.0045833333333333,-0.0042338545517197,0.1818181818181818,0.0344827586206896,0.1983648412988791,0.1705863512414516
NY,combined,0.5,medium,301,0.01125,-0.0575919267596932,0.1851851851851851,0.0131578947368421,0.1562136610831127,0.1581431468773866
NY,combined,0.5,medium,302,0.0102777777777777,-0.0669341428120117,0.2702702702702703,0.0416666666666666,0.1556272952394649,0.1608277721495705
NY,combined,0.5,medium,303,0.0104166666666666,-0.024811804904316,0.2,0.0138888888888888,0.1566109790418335,0.1729543934523784
NY,combined,0.5,medium,304,0.0104166666666666,-0.0583672846465607,0.2266666666666666,0.0140845070422535,0.1573422979692001,0.1677748083854607
NY,combined,0.5,medium,305,0.0126388888888888,-0.0479965984395339,0.2307692307692307,0.0595238095238095,0.1582880502865886,0.1667072557561371
NY,combined,0.5,medium,306,0.0106944444444444,-0.0368968131417467,0.1558441558441558,0.0142857142857142,0.1554192168286854,0.1740317561007914
NY,combined,0.5,medium,307,0.0101388888888888,-0.0519449855407158,0.1780821917808219,0.0294117647058823,0.1549512282583219,0.1620836803351818
NY,combined,0.5,medium,308,0.0127777777777777,-0.0235487022425923,0.3369565217391304,0.0465116279069767,0.1554040307089087,0.1656740226221716
NY,combined,1.0,medium,301,0.0229166666666666,-0.0919950602402427,0.3636363636363636,0.1618497109826589,0.1204721183027759,0.1912173474349901
NY,combined,1.0,medium,302,0.0265277777777777,-0.1426696523061897,0.5078534031413613,0.1363636363636363,0.1198567619839677,0.2001908393923107
NY,combined,1.0,medium,303,0.0211111111111111,-0.0994510989943715,0.375,0.1038961038961039,0.1277741058740465,0.1941842761649664
NY,combined,1.0,medium,304,0.0263888888888888,-0.1363359617405648,0.3894736842105263,0.0691489361702127,0.1266264420942941,0.225455290364989
NY,combined,1.0,medium,305,0.0208333333333333,-0.0988135262814224,0.3733333333333333,0.1,0.1283717093456215,0.193805416102823
NY,combined,1.0,medium,306,0.0226388888888888,-0.1117478962677324,0.4785276073619632,0.1264367816091954,0.1276687578528498,0.2070994827218487
NY,combined,1.0,medium,307,0.0215277777777777,-0.1061013422423299,0.4387096774193548,0.0700636942675159,0.1184334471435039,0.1949350740929045
NY,combined,1.0,medium,308,0.0226388888888888,-0.0901785138027833,0.4171779141104294,0.109090909090909,0.1186663117744303,0.1878682265934244
NY,combined,1.5,medium,301,0.0366666666666666,-0.1672998416417349,0.5871212121212122,0.2776119402985074,0.1165078452867053,0.2650686557147756
NY,combined,1.5,medium,302,0.0419444444444444,-0.2313151443830287,0.5662251655629139,0.2699228791773779,0.1040126045413883,0.3121389308753244
NY,combined,1.5,medium,303,0.0393055555555555,-0.1819373739064625,0.5653710247349824,0.2225519287833827,0.1260452988276379,0.3060308710978998
NY,combined,1.5,medium,304,0.0455555555555555,-0.2269347829938332,0.6524390243902439,0.1968503937007874,0.1122204832144362,0.3368621461212431
NY,combined,1.5,medium,305,0.0397222222222222,-0.1981072544792639,0.6258741258741258,0.2661064425770308,0.1230760643078618,0.2883944789562039
NY,combined,1.5,medium,306,0.0379166666666666,-0.1885141595770064,0.5567765567765568,0.2208588957055214,0.1109070190533301,0.2790029665914833
NY,combined,1.5,medium,307,0.0369444444444444,-0.185929837433853,0.5902255639097744,0.2254901960784313,0.1063713706038,0.2622243290918173
NY,combined,1.5,medium,308,0.0402777777777777,-0.1902919536419499,0.6172413793103448,0.202416918429003,0.1092273543232216,0.2712455680238634
NY,combined,2.0,medium,301,0.0595833333333333,-0.2666654230306229,0.7622377622377622,0.3805732484076433,0.1157616192424564,0.4668179974169493
NY,combined,2.0,medium,302,0.0615277777777777,-0.3068762710169073,0.6952595936794582,0.3611111111111111,0.1061886055623221,0.5338005735602548
NY,combined,2.0,medium,303,0.0613888888888888,-0.2921356089946306,0.7104072398190046,0.3728549141965678,0.1239967337306948,0.5098067252780716
NY,combined,2.0,medium,304,0.0686111111111111,-0.3297579691765343,0.7591093117408907,0.3157099697885196,0.106343993980668,0.5616057305605356
NY,combined,2.0,medium,305,0.0615277777777777,-0.2852129577274402,0.7313769751693002,0.3734375,0.1286676035037559,0.4785509045049703
NY,combined,2.0,medium,306,0.0605555555555555,-0.2926652975129523,0.7339449541284404,0.3237774030354131,0.1059574354338343,0.4915569469823339
NY,combined,2.0,medium,307,0.0601388888888888,-0.2844169895567337,0.7482678983833718,0.3642276422764228,0.1054065410146412,0.4683865841772854
NY,combined,2.0,medium,308,0.0566666666666666,-0.2513316464919484,0.7303921568627451,0.3990306946688207,0.1034354161883751,0.3932442083784688
NY,combined,2.5,medium,301,0.0777777777777777,-0.3442492460434115,0.7767857142857143,0.495136186770428,0.1139527272941958,0.7178142185433279
NY,combined,2.5,medium,302,0.0823611111111111,-0.4135460684433264,0.8195615514333895,0.445,0.1060600125995498,0.8236642979652238
NY,combined,2.5,medium,303,0.0816666666666666,-0.377821884668406,0.8078231292517006,0.4365162644281217,0.1192102120042271,0.8182364307976379
NY,combined,2.5,medium,304,0.0893055555555555,-0.3957920484990334,0.8398133748055988,0.4006054490413723,0.109790873091914,0.8662733534573612
NY,combined,2.5,medium,305,0.0833333333333333,-0.3804380656624261,0.815,0.466537342386033,0.1262127620695003,0.8178751234136182
NY,combined,2.5,medium,306,0.0840277777777777,-0.3674495611591523,0.8363636363636363,0.4207253886010362,0.1045345760419401,0.7947369427978701
NY,combined,2.5,medium,307,0.0830555555555555,-0.3782287596573554,0.8411371237458194,0.4588353413654618,0.1064152321308566,0.751816259153735
NY,combined,2.5,medium,308,0.0818055555555555,-0.3781102494504464,0.7826825127334465,0.438974358974359,0.1123646378771588,0.7826912006459334
NY,combined,3.0,medium,301,0.0923611111111111,-0.4137775246898249,0.8466165413533835,0.5609584214235377,0.1187252180813252,0.9024169793458636
NY,combined,3.0,medium,302,0.09375,-0.4513383124977574,0.8666666666666667,0.5369276218611522,0.1091372659557936,0.9506761209779784
NY,combined,3.0,medium,303,0.0916666666666666,-0.4222415344677788,0.8469696969696969,0.5601719197707736,0.1192871327102984,0.9475557907895692
NY,combined,3.0,medium,304,0.0951388888888888,-0.4554734924316045,0.8437956204379562,0.4964594807238395,0.1079189941747679,0.963760779112706
NY,combined,3.0,medium,305,0.0956944444444444,-0.4300518597925458,0.8766328011611031,0.5383491599707816,0.1244811089944558,0.937545544139814
NY,combined,3.0,medium,306,0.0940277777777777,-0.4360722311894577,0.8655834564254062,0.5116822429906542,0.104020407611991,0.9507133985171916
NY,combined,3.0,medium,307,0.0931944444444444,-0.4286042463218122,0.8554396423248882,0.5549132947976878,0.1075498572488669,0.9226073602036334
NY,combined,3.0,medium,308,0.095,-0.4344503315686709,0.8713450292397661,0.5334805003679176,0.1093950351674431,0.9313616275441567
NY,combined,3.5,medium,301,0.0973611111111111,-0.4438737779112832,0.8502139800285307,0.6383928571428571,0.1106664098773335,0.9409715831332032
NY,combined,3.5,medium,302,0.0963888888888888,-0.4622051302882939,0.8602305475504323,0.6013513513513513,0.1083874567313126,1.0
NY,combined,3.5,medium,303,0.0975,-0.4373039757785845,0.8874643874643875,0.6159763313609468,0.1191644712174666,0.9802047392838292
NY,combined,3.5,medium,304,0.0994444444444444,-0.472197419135519,0.8840782122905028,0.5684887459807074,0.1062948375948774,0.980206320810972
NY,combined,3.5,medium,305,0.0980555555555555,-0.4528753981867551,0.8725212464589235,0.6055825242718447,0.1250062066553696,0.966937100046824
NY,combined,3.5,medium,306,0.0969444444444444,-0.4554116830318496,0.8581661891117478,0.5983960518198643,0.1047791629533936,0.9800266666666666
NY,combined,3.5,medium,307,0.09875,-0.4589744580255069,0.870604781997187,0.6126340882002383,0.1107627786594078,0.9735024154589372
NY,combined,3.5,medium,308,0.1009722222222222,-0.4575189597422098,0.8803301237964236,0.5932407966203983,0.106595749641795,0.9801023950017352
NY,combined,4.0,medium,301,0.1025,-0.4647004944404596,0.8712737127371274,0.6589653440482169,0.1141378478028948,0.9900223713646532
NY,combined,4.0,medium,302,0.0991666666666666,-0.4802059331278775,0.84593837535014,0.6317249029395452,0.1044337678401008,0.9966666666666668
NY,combined,4.0,medium,303,0.1002777777777777,-0.4695290462751941,0.8601108033240997,0.6411355115158007,0.1188364567445741,0.9933333333333332
NY,combined,4.0,medium,304,0.1016666666666666,-0.4879879968151703,0.8620218579234973,0.6108597285067874,0.1078693250614209,0.9867383512544802
NY,combined,4.0,medium,305,0.1013888888888888,-0.4607575386546467,0.8726027397260274,0.6571719226856562,0.1222279074761481,0.99
NY,combined,4.0,medium,306,0.1005555555555555,-0.4716780042433254,0.8494475138121547,0.6334964654703643,0.0977359413298979,0.9966666666666668
NY,combined,4.0,medium,307,0.1006944444444444,-0.4703399520421569,0.88,0.6490585774058577,0.1109698123426496,0.980064804995876
NY,combined,4.0,medium,308,0.1029166666666666,-0.4733347838763497,0.8758434547908233,0.6413612565445026,0.1106071528830615,0.99
NY,combined,5.0,medium,301,0.1056944444444444,-0.4787218247020882,0.8567674113009198,0.6750572082379863,0.1154870332074587,0.99
NY,combined,5.0,medium,302,0.1009722222222222,-0.4905014958528902,0.8404401650618982,0.6698888351860802,0.1047001983061833,1.0
NY,combined,5.0,medium,303,0.1033333333333333,-0.4756136501367168,0.8548387096774194,0.6784386617100372,0.1221087101281143,0.9933530571992109
NY,combined,5.0,medium,304,0.1045833333333333,-0.5054241080236916,0.8632138114209827,0.6257309941520468,0.1118101745293981,0.9966666666666668
NY,combined,5.0,medium,305,0.1056944444444444,-0.4739990719023756,0.8699080157687253,0.6835902085222122,0.1179659202090376,0.9900258397932816
NY,combined,5.0,medium,306,0.1036111111111111,-0.4734564232947164,0.8565683646112601,0.6677788369876072,0.1044928612952367,0.9966666666666668
NY,combined,5.0,medium,307,0.105,-0.4796065615573801,0.8690476190476191,0.6763754045307443,0.1095686817074136,1.0
NY,combined,5.0,medium,308,0.1051388888888888,-0.4865786569764893,0.8758256274768824,0.6732117812061711,0.1096550263480847,0.9933333333333332
NY,combined,6.0,medium,301,0.1079166666666666,-0.4887344317346659,0.8571428571428571,0.6677374942634235,0.1137925854392166,1.0
NY,combined,6.0,medium,302,0.1044444444444444,-0.4998292597506417,0.8537234042553191,0.661486158329286,0.1077821979540716,1.0
NY,combined,6.0,medium,303,0.1054166666666666,-0.4767328837094274,0.8484848484848485,0.6737621471540953,0.1187981361892266,1.0
NY,combined,6.0,medium,304,0.1065277777777777,-0.5050644842267873,0.8578878748370273,0.6143931256713212,0.1139284446498896,0.9966666666666668
NY,combined,6.0,medium,305,0.1073611111111111,-0.488817297132439,0.8628719275549805,0.6720405343159834,0.1191955485872096,0.9966666666666668
NY,combined,6.0,medium,306,0.1072222222222222,-0.4891445927938155,0.8406735751295337,0.6563097514340345,0.1093399503349611,0.9966666666666668
NY,combined,6.0,medium,307,0.1070833333333333,-0.4885485981095973,0.8819714656290532,0.6712834718374885,0.1065792102763382,1.0
NY,combined,6.0,medium,308,0.1083333333333333,-0.4988930199139834,0.867948717948718,0.6566523605150214,0.1081061484216137,1.0
NY,combined,0.0,strong,301,0.0054166666666666,0.0202904884161179,0.2307692307692307,0.027027027027027,0.2011380738152846,0.1725598670292046
NY,combined,0.0,strong,302,0.00625,-0.0040890190315774,0.1333333333333333,0.0,0.1996836850736665,0.1673840470317662
NY,combined,0.0,strong,303,0.0059722222222222,0.0069080139524797,0.1860465116279069,0.0,0.1982085181419761,0.1768251386000996
NY,combined,0.0,strong,304,0.0038888888888888,-0.0289913378552584,0.0357142857142857,0.0,0.2008344305219132,0.1814886601821332
NY,combined,0.0,strong,305,0.0052777777777777,-0.0148548453089874,0.1578947368421052,0.0294117647058823,0.2011999089792577,0.1835660242465212
NY,combined,0.0,strong,306,0.0061111111111111,0.02402077500284,0.0681818181818181,0.0,0.2018944535364041,0.1792597167777375
NY,combined,0.0,strong,307,0.0070833333333333,-0.0255397892021204,0.1372549019607843,0.0,0.2017962456535172,0.1701960630884791
NY,combined,0.0,strong,308,0.0072222222222222,-0.0210821092802026,0.1923076923076923,0.0217391304347826,0.2008660023569903,0.168036304655909
NY,combined,0.5,strong,301,0.0108333333333333,-0.056867844290934,0.2435897435897435,0.0886075949367088,0.1587181664933429,0.1743520971532088
NY,combined,0.5,strong,302,0.0130555555555555,-0.0928334010210962,0.2234042553191489,0.0232558139534883,0.1576042143606291,0.1757375264388563
NY,combined,0.5,strong,303,0.0106944444444444,-0.0353011298522509,0.2987012987012987,0.054054054054054,0.1575471611191543,0.177125961084766
NY,combined,0.5,strong,304,0.0118055555555555,-0.062901994947374,0.2352941176470588,0.0526315789473684,0.1579098880836381,0.1787296376442962
NY,combined,0.5,strong,305,0.0120833333333333,-0.0700640049539632,0.2988505747126437,0.0246913580246913,0.1574943605612901,0.1721624486544478
NY,combined,0.5,strong,306,0.0120833333333333,-0.0593870309408661,0.2298850574712643,0.0813953488372093,0.1571461043470325,0.1826715014260863
NY,combined,0.5,strong,307,0.0106944444444444,-0.0831100993242233,0.1558441558441558,0.0144927536231884,0.1575812948505755,0.1793479868568736
NY,combined,0.5,strong,308,0.0111111111111111,-0.0536184069550349,0.225,0.050632911392405,0.156110401674507,0.1654429442802144
NY,combined,1.0,strong,301,0.0218055555555555,-0.098292169992575,0.3694267515923566,0.1212121212121212,0.1216935338277285,0.1985002970132276
NY,combined,1.0,strong,302,0.02875,-0.1521370950008865,0.4444444444444444,0.1569506726457399,0.1218263150871832,0.2250491268468722
NY,combined,1.0,strong,303,0.02875,-0.1241021133917433,0.4879227053140096,0.1267605633802817,0.1292461910821763,0.2207282024526914
NY,combined,1.0,strong,304,0.0277777777777777,-0.1478022565880399,0.455,0.1394230769230769,0.1228888385143754,0.2235667135487919
NY,combined,1.0,strong,305,0.0277777777777777,-0.1306905069862695,0.49,0.1981566820276497,0.1211655435370605,0.206703852256154
NY,combined,1.0,strong,306,0.0244444444444444,-0.1431292253528951,0.4090909090909091,0.1229050279329608,0.1265906645388072,0.2073332438061128
NY,combined,1.0,strong,307,0.0263888888888888,-0.1131575464918034,0.4631578947368421,0.0957446808510638,0.1187057257122351,0.2110646844983577
NY,combined,1.0,strong,308,0.0293055555555555,-0.1520616389104705,0.4976303317535545,0.1267605633802817,0.1195835689737436,0.2185846779560184
NY,combined,1.5,strong,301,0.0418055555555555,-0.1930515417157945,0.6179401993355482,0.3267326732673267,0.1154748294086816,0.2897826416265969
NY,combined,1.5,strong,302,0.0463888888888888,-0.2490652570565229,0.625748502994012,0.3049327354260089,0.1058915391204696,0.3638738175925586
NY,combined,1.5,strong,303,0.0438888888888888,-0.225010712580338,0.620253164556962,0.3294930875576037,0.1275184121075835,0.341826007871418
NY,combined,1.5,strong,304,0.0493055555555555,-0.2530844484171234,0.6619718309859155,0.3012820512820512,0.1088384779697053,0.3780953219999184
NY,combined,1.5,strong,305,0.0444444444444444,-0.221547170991062,0.66875,0.3117505995203837,0.1290738733939103,0.3290719005074806
NY,combined,1.5,strong,306,0.0430555555555555,-0.2077870512242881,0.6225806451612903,0.2791878172588832,0.1076577387286373,0.3293807507083794
NY,combined,1.5,strong,307,0.0411111111111111,-0.2048161846307868,0.5945945945945946,0.3036649214659686,0.1066031207144234,0.289454930135521
NY,combined,1.5,strong,308,0.0461111111111111,-0.2345270774043586,0.6626506024096386,0.3566878980891719,0.1075170886048106,0.3340594802096588
NY,combined,2.0,strong,301,0.0627777777777777,-0.271301669835249,0.75,0.4459279038718291,0.1156097977667947,0.4904849030030127
NY,combined,2.0,strong,302,0.0659722222222222,-0.3229851265661647,0.7642105263157895,0.4406565656565656,0.108687157201024,0.5999004995341403
NY,combined,2.0,strong,303,0.0630555555555555,-0.3051103684924856,0.7577092511013216,0.4350205198358413,0.1258287947624572,0.5631280891996937
NY,combined,2.0,strong,304,0.0716666666666666,-0.3484392061881455,0.7887596899224806,0.4168704156479217,0.1057415032710999,0.6509432014003349
NY,combined,2.0,strong,305,0.0625,-0.2866838829167853,0.7311111111111112,0.4336525307797537,0.1286509338772045,0.5069518391206188
NY,combined,2.0,strong,306,0.0654166666666666,-0.32651954118102,0.7388535031847133,0.405114401076716,0.104595942363807,0.5744420729942834
NY,combined,2.0,strong,307,0.0625,-0.2949068706047703,0.7466666666666667,0.42296918767507,0.1051165767685653,0.4975515741871427
NY,combined,2.0,strong,308,0.0645833333333333,-0.308068334463852,0.7569892473118279,0.4361001317523056,0.1063326971514164,0.5397729866634835
NY,combined,2.5,strong,301,0.0834722222222222,-0.3587356486516381,0.8186356073211315,0.5378151260504201,0.1149365631517352,0.7723751133157434
NY,combined,2.5,strong,302,0.0868055555555555,-0.4386207756084652,0.816,0.5095913261050876,0.1082464137133831,0.9223728452979948
NY,combined,2.5,strong,303,0.0834722222222222,-0.3818940398963845,0.8219633943427621,0.5212489158716392,0.1186888557216547,0.8135483707295911
NY,combined,2.5,strong,304,0.0913888888888889,-0.427832493406318,0.837386018237082,0.4809483488569009,0.1078765051406636,0.899595686310997
NY,combined,2.5,strong,305,0.0869444444444444,-0.3935354896720083,0.8354632587859425,0.5209380234505863,0.1270447813606091,0.8636651283246746
NY,combined,2.5,strong,306,0.0884722222222222,-0.4159975017570399,0.8634222919937206,0.4987080103359173,0.1031213799887341,0.8728507729878512
NY,combined,2.5,strong,307,0.0855555555555555,-0.3975070087112878,0.8214285714285714,0.525,0.1027941438733066,0.8239892884750947
NY,combined,2.5,strong,308,0.0851388888888888,-0.3952735242386017,0.831973898858075,0.5179180887372014,0.1166369692577763,0.8304575088257311
NY,combined,3.0,strong,301,0.0963888888888888,-0.4198315599654722,0.861671469740634,0.6045934202358784,0.1156561494108506,0.9603635418459244
NY,combined,3.0,strong,302,0.0940277777777777,-0.45249666817662,0.8463810930576071,0.5861618798955613,0.1043123437739441,0.9800194931773878
NY,combined,3.0,strong,303,0.0931944444444444,-0.4299391794867893,0.849478390461997,0.5998707175177763,0.1236923880192042,0.9702300709154956
NY,combined,3.0,strong,304,0.09875,-0.4498529273793145,0.8874824191279888,0.5430974071478627,0.1072774634893467,0.9734798182304196
NY,combined,3.0,strong,305,0.0954166666666666,-0.4366347642764672,0.87627365356623,0.5902061855670103,0.1244062647974292,0.966874006547911
NY,combined,3.0,strong,306,0.0961111111111111,-0.4471934518617638,0.8641618497109826,0.5787738958470666,0.1011759049530345,0.9833531746031748
NY,combined,3.0,strong,307,0.0975,-0.4598288957760558,0.8888888888888888,0.5817245817245817,0.1076796223245023,0.9835797101449274
NY,combined,3.0,strong,308,0.0959722222222222,-0.447214948025345,0.8827785817655571,0.5795306388526728,0.1084483440120496,0.9737081678956324
NY,combined,3.5,strong,301,0.0997222222222222,-0.4539741915535665,0.8871866295264624,0.6596938775510204,0.1118250424034729,0.9900256410256412
NY,combined,3.5,strong,302,0.0984722222222222,-0.4602926507044635,0.8702397743300423,0.627318718381113,0.1062368174009955,0.9933333333333332
NY,combined,3.5,strong,303,0.0969444444444444,-0.4397234649492638,0.8667621776504298,0.6437224669603524,0.1153492681038047,0.9768539632141884
NY,combined,3.5,strong,304,0.1005555555555555,-0.4860579978928481,0.8701657458563536,0.602125147579693,0.1064662806200927,1.0
NY,combined,3.5,strong,305,0.0981944444444444,-0.4508865898088886,0.8486562942008486,0.6473118279569893,0.1261953929298766,0.9933333333333332
NY,combined,3.5,strong,306,0.0988888888888888,-0.4696984397959791,0.8679775280898876,0.6267725467952354,0.1033357865837074,0.9900198412698412
NY,combined,3.5,strong,307,0.0998611111111111,-0.4661364454291433,0.8831710709318498,0.6337719298245614,0.1075241268939024,0.9966666666666668
NY,combined,3.5,strong,308,0.1022222222222222,-0.4594757104570585,0.875,0.6258278145695364,0.1094201481468128,0.9933830845771144
NY,combined,4.0,strong,301,0.10375,-0.4602301904016295,0.8607764390896921,0.6791666666666667,0.1104583893117277,0.9966666666666668
NY,combined,4.0,strong,302,0.0991666666666666,-0.4749628029530611,0.8641456582633054,0.6586242299794661,0.107100383593272,0.9933333333333332
NY,combined,4.0,strong,303,0.1008333333333333,-0.4649325844696535,0.8622589531680441,0.6712261846604788,0.1175564405818046,1.0
NY,combined,4.0,strong,304,0.1030555555555555,-0.491270792387922,0.8517520215633423,0.6354497354497355,0.1092939608815995,0.9933333333333332
NY,combined,4.0,strong,305,0.1018055555555555,-0.4568146785319493,0.8744884038199181,0.6767485822306238,0.1245629980245681,0.9900258397932816
NY,combined,4.0,strong,306,0.1016666666666666,-0.4704042735057632,0.8633879781420765,0.6593075765178124,0.1020186470914741,1.0
NY,combined,4.0,strong,307,0.1022222222222222,-0.4762828538984785,0.8913043478260869,0.6643564356435644,0.1119041442462316,0.9933333333333332
NY,combined,4.0,strong,308,0.1022222222222222,-0.4742522872002814,0.873641304347826,0.6608996539792388,0.1088466247271993,1.0
NY,combined,5.0,strong,301,0.1070833333333333,-0.4747073487521043,0.8521400778210116,0.6826029216467463,0.1142630262868136,1.0
NY,combined,5.0,strong,302,0.1018055555555555,-0.4786668431865654,0.8431105047748977,0.6826568265682657,0.1026070282777329,1.0
NY,combined,5.0,strong,303,0.10375,-0.4722101723663482,0.8554216867469879,0.6884580703336339,0.1162592005555604,0.9966666666666668
NY,combined,5.0,strong,304,0.1047222222222222,-0.5013867170191871,0.8594164456233422,0.6376288659793814,0.1106159737735486,1.0
NY,combined,5.0,strong,305,0.1055555555555555,-0.4768723362736978,0.8605263157894737,0.6804733727810651,0.1200488919941693,1.0
NY,combined,5.0,strong,306,0.1045833333333333,-0.4799992257873782,0.851261620185923,0.6709340919867236,0.1052312570747148,0.9933531746031748
NY,combined,5.0,strong,307,0.1051388888888888,-0.4811372122310695,0.8784676354029062,0.6920369555653322,0.11139260537666,1.0
NY,combined,5.0,strong,308,0.1059722222222222,-0.4836325920641312,0.8702490170380078,0.6764436296975253,0.1110310110940753,1.0
NY,combined,6.0,strong,301,0.1080555555555555,-0.4901152068942368,0.8521850899742931,0.6678983833718245,0.1166581337733848,1.0
NY,combined,6.0,strong,302,0.1036111111111111,-0.4962642153966051,0.8445040214477212,0.6608187134502924,0.1059431405596625,1.0
NY,combined,6.0,strong,303,0.1065277777777777,-0.4787649866920504,0.8552803129074316,0.672668513388735,0.1166236331067046,1.0
NY,combined,6.0,strong,304,0.1066666666666666,-0.5018174141778309,0.8502604166666666,0.6104525862068966,0.1134568935221364,1.0
NY,combined,6.0,strong,305,0.1068055555555555,-0.494043289938203,0.8621586475942783,0.6732810336871251,0.1212990560979828,1.0
NY,combined,6.0,strong,306,0.1048611111111111,-0.493962232728166,0.8556291390728477,0.6561437591063624,0.1110632713615815,1.0
NY,combined,6.0,strong,307,0.1072222222222222,-0.4848378001064101,0.8808290155440415,0.6806986117330945,0.1121520955210437,1.0
NY,combined,6.0,strong,308,0.1077777777777777,-0.4924761501509278,0.8724226804123711,0.6574427480916031,0.1074278281634466,1.0
NY,combined,0.0,weak,301,0.0030555555555555,0.0037493982558092,0.0909090909090909,0.0,0.200482581569172,0.1628372620464315
NY,combined,0.0,weak,302,0.0047222222222222,-0.0092625363839374,0.1470588235294117,0.0,0.2012390201731223,0.1605492432701466
NY,combined,0.0,weak,303,0.0052777777777777,0.0636680658488191,0.131578947368421,0.0,0.1994523367828882,0.1662823886908301
NY,combined,0.0,weak,304,0.0031944444444444,0.013909768398895,0.0869565217391304,0.0,0.2001867137314621,0.1711129056097104
NY,combined,0.0,weak,305,0.0043055555555555,0.0059653303556633,0.032258064516129,0.0,0.2009354643669642,0.1613606293615909
NY,combined,0.0,weak,306,0.00625,0.031676105885168,0.1777777777777777,0.0454545454545454,0.1998084443594777,0.1582785889172911
NY,combined,0.0,weak,307,0.0052777777777777,0.0018280980461214,0.0263157894736842,0.0,0.2004309488926827,0.1579175901693262
NY,combined,0.0,weak,308,0.0045833333333333,-0.0196542443867891,0.0303030303030303,0.0333333333333333,0.1985650201480402,0.1592564939051579
NY,combined,0.5,weak,301,0.0070833333333333,0.0219399898068494,0.0980392156862745,0.06,0.1552921748349209,0.1587915798508188
NY,combined,0.5,weak,302,0.0084722222222222,-0.0432250238510526,0.2459016393442623,0.0175438596491228,0.1557782378723949,0.1575860624007582
NY,combined,0.5,weak,303,0.0098611111111111,-0.0314462718052837,0.2253521126760563,0.0441176470588235,0.1564126972416228,0.1666070280830511
NY,combined,0.5,weak,304,0.0097222222222222,-0.0321712887286649,0.2,0.0,0.1555984544058685,0.1658134356979174
NY,combined,0.5,weak,305,0.01,-0.0258165516908953,0.2083333333333333,0.0,0.1563722229542117,0.1661372572413834
NY,combined,0.5,weak,306,0.0098611111111111,-0.0431037469414728,0.1971830985915492,0.0,0.1566583413715188,0.1717120510215433
NY,combined,0.5,weak,307,0.0106944444444444,-0.0145514355382635,0.1688311688311688,0.0147058823529411,0.1558204608451005,0.1598880312369959
NY,combined,0.5,weak,308,0.0104166666666666,-0.0272762575196593,0.1066666666666666,0.0,0.158489014557727,0.162438919490175
NY,combined,1.0,weak,301,0.0204166666666666,-0.0741498956484505,0.3741496598639456,0.0769230769230769,0.1247658557443617,0.1803537801769139
NY,combined,1.0,weak,302,0.0230555555555555,-0.1300595181706891,0.4156626506024096,0.0807453416149068,0.1171618818734718,0.1960372063760038
NY,combined,1.0,weak,303,0.0229166666666666,-0.1000030250209509,0.3939393939393939,0.074074074074074,0.129631551778146,0.1889195105918508
NY,combined,1.0,weak,304,0.0226388888888888,-0.1031733519925262,0.3803680981595092,0.065359477124183,0.1245963753633902,0.2005669495180454
NY,combined,1.0,weak,305,0.0215277777777777,-0.0999781400648682,0.4258064516129032,0.087248322147651,0.1280513778713346,0.189048805180453
NY,combined,1.0,weak,306,0.0198611111111111,-0.0734734203963136,0.3356643356643357,0.0814814814814814,0.1298264406134349,0.1848860192694128
NY,combined,1.0,weak,307,0.0179166666666666,-0.0751914479217422,0.3100775193798449,0.0859375,0.1226864422644515,0.1777602427480012
NY,combined,1.0,weak,308,0.0208333333333333,-0.073931016665917,0.3866666666666666,0.0980392156862745,0.1176991372975412,0.186671832278738
NY,combined,1.5,weak,301,0.0333333333333333,-0.1275420596890475,0.4958333333333333,0.2014388489208633,0.1187972465345037,0.2438783677410497
NY,combined,1.5,weak,302,0.0381944444444444,-0.1869908631650945,0.5054545454545455,0.1486486486486486,0.10691648454341,0.28058232938086
NY,combined,1.5,weak,303,0.0368055555555555,-0.1640105064535229,0.5471698113207547,0.1565836298932384,0.1261774189259852,0.2717561976083298
NY,combined,1.5,weak,304,0.0405555555555555,-0.1808789011962044,0.571917808219178,0.1523809523809524,0.1106239969810026,0.3011934321406656
NY,combined,1.5,weak,305,0.0363888888888888,-0.1372376175194291,0.5572519083969466,0.1898305084745762,0.1193097847803347,0.262186630770565
NY,combined,1.5,weak,306,0.0379166666666666,-0.2036734084391662,0.5604395604395604,0.1267605633802817,0.111861995806405,0.282225063443381
NY,combined,1.5,weak,307,0.0352777777777777,-0.1648389361831664,0.547244094488189,0.1794871794871795,0.1081650822236579,0.2504066876895969
NY,combined,1.5,weak,308,0.0394444444444444,-0.1811062708545798,0.5845070422535211,0.1538461538461538,0.1058764485260891,0.2830461333641889
NY,combined,2.0,weak,301,0.0559722222222222,-0.2504388384507457,0.707196029776675,0.2967244701348747,0.1131445327851363,0.4258204720883879
NY,combined,2.0,weak,302,0.0580555555555555,-0.2687716107926017,0.7009569377990431,0.2805343511450381,0.1074842887921279,0.4622968026738455
NY,combined,2.0,weak,303,0.0565277777777777,-0.2543907072222931,0.7027027027027027,0.2789783889980353,0.1201732115776674,0.4307920985346866
NY,combined,2.0,weak,304,0.0611111111111111,-0.2770173016931974,0.7,0.2728904847396768,0.1090120001795578,0.4909548309605263
NY,combined,2.0,weak,305,0.0555555555555555,-0.254498789557643,0.7075,0.32,0.126470325817806,0.4194835110927982
NY,combined,2.0,weak,306,0.055,-0.2613087849853159,0.6742424242424242,0.2510460251046025,0.1034964099427151,0.4462983885857268
NY,combined,2.0,weak,307,0.0570833333333333,-0.27270842630279,0.7420924574209246,0.2816091954022988,0.1078052256488995,0.4555572011459927
NY,combined,2.0,weak,308,0.0590277777777777,-0.2658654823069205,0.7105882352941176,0.3196428571428571,0.1086746857257597,0.4390305810890998
NY,combined,2.5,weak,301,0.0704166666666666,-0.3184189980745298,0.7731755424063116,0.418227215980025,0.1181292538626575,0.5901187554479117
NY,combined,2.5,weak,302,0.0788888888888888,-0.4005798278385021,0.8169014084507042,0.3664670658682635,0.1069868376979762,0.779646968078618
NY,combined,2.5,weak,303,0.0697222222222222,-0.334108172018028,0.7669322709163346,0.4229346485819975,0.1219710990915537,0.6256943205006846
NY,combined,2.5,weak,304,0.0818055555555555,-0.3662117541922691,0.7877758913412564,0.3283582089552239,0.1064508002484354,0.7256995710029792
NY,combined,2.5,weak,305,0.0784722222222222,-0.3491027587565337,0.8,0.4187358916478555,0.122963150556426,0.7001288191876712
NY,combined,2.5,weak,306,0.0756944444444444,-0.3525499099831181,0.781651376146789,0.3545108005082592,0.1069818639098071,0.6979350487389226
NY,combined,2.5,weak,307,0.0741666666666666,-0.335747502343042,0.799625468164794,0.4439359267734554,0.1077945998166093,0.6391112619427978
NY,combined,2.5,weak,308,0.0768055555555555,-0.3471945712639215,0.8119349005424955,0.3867469879518072,0.1121561347197965,0.656077996451782
NY,combined,3.0,weak,301,0.0897222222222222,-0.4095336799956829,0.8498452012383901,0.4731277533039648,0.1113354567181967,0.8531863822998308
NY,combined,3.0,weak,302,0.0883333333333333,-0.410938982716633,0.8113207547169812,0.5067001675041876,0.1060041637628538,0.8532388283234045
NY,combined,3.0,weak,303,0.0886111111111111,-0.4024924703540293,0.8401253918495298,0.5241605241605242,0.1259379647304523,0.874676822542727
NY,combined,3.0,weak,304,0.0922222222222222,-0.4469786109187919,0.8524096385542169,0.4314814814814814,0.109542310191758,0.8869580999042014
NY,combined,3.0,weak,305,0.0876388888888888,-0.3939629256525712,0.8415213946117274,0.5218106995884774,0.1247028006721694,0.8357480071666756
NY,combined,3.0,weak,306,0.0927777777777777,-0.4298680749282032,0.8517964071856288,0.4797979797979798,0.1057689952794973,0.9098422765818656
NY,combined,3.0,weak,307,0.0891666666666666,-0.4142704057437786,0.8193146417445483,0.5140728476821192,0.1034150473599745,0.8606805187664148
NY,combined,3.0,weak,308,0.0886111111111111,-0.4065579035680473,0.8307210031347962,0.5206477732793522,0.1087549424120695,0.8444078436735473
NY,combined,3.5,weak,301,0.0959722222222222,-0.4346295374648971,0.8350217076700435,0.565771812080537,0.1106245292308946,0.9213756877261278
NY,combined,3.5,weak,302,0.0945833333333333,-0.458610526332619,0.8443465491923642,0.5581881533101045,0.1072648337313128,0.9570223855130752
NY,combined,3.5,weak,303,0.0933333333333333,-0.4392261455625152,0.8616071428571429,0.5767160161507402,0.1223580388446453,0.9278454195641802
NY,combined,3.5,weak,304,0.0990277777777777,-0.4683009630794314,0.8597475455820477,0.519884309472162,0.1074447068778021,0.9475640368522984
NY,combined,3.5,weak,305,0.0954166666666666,-0.4373263070503309,0.8544395924308588,0.5750670241286864,0.124875674894705,0.9256442534768446
NY,combined,3.5,weak,306,0.0961111111111111,-0.4491848331458349,0.8598265895953757,0.5639651707970529,0.1041199097958427,0.9603155577299411
NY,combined,3.5,weak,307,0.0969444444444444,-0.4467892310557478,0.8524355300859598,0.5778069599474721,0.1089052018512489,0.9380524641676669
NY,combined,3.5,weak,308,0.0973611111111111,-0.4579771041922891,0.884450784593438,0.5697368421052632,0.1078457123994782,0.9378244554312948
NY,combined,4.0,weak,301,0.1030555555555555,-0.4547914068961097,0.8881401617250674,0.6444560124934929,0.1109165234632345,0.9734797008547008
NY,combined,4.0,weak,302,0.0981944444444444,-0.4684833129947678,0.8571428571428571,0.6239316239316239,0.1055512745544673,0.98
NY,combined,4.0,weak,303,0.0994444444444444,-0.447418748786291,0.86731843575419,0.6375068343357025,0.1211286784207068,0.9669367937258494
NY,combined,4.0,weak,304,0.1020833333333333,-0.4780856769265803,0.8530612244897959,0.6022131624927198,0.1089177277634521,0.9800999115826702
NY,combined,4.0,weak,305,0.1005555555555555,-0.4591784379308637,0.8687845303867403,0.6465288818229995,0.1208661698689825,0.9734468924248604
NY,combined,4.0,weak,306,0.0990277777777777,-0.4685908021677172,0.8569424964936886,0.6218820861678005,0.103081319680631,0.9867261904761906
NY,combined,4.0,weak,307,0.1006944444444444,-0.4584568095731275,0.8731034482758621,0.6428571428571429,0.1081168081155496,0.9605834565710344
NY,combined,4.0,weak,308,0.1015277777777777,-0.468918940178208,0.8645690834473324,0.6164692611393119,0.1128734104272597,0.9767645112497636
NY,combined,5.0,weak,301,0.1066666666666666,-0.4808734135235532,0.8489583333333334,0.6696137738483016,0.1145204897578269,1.0
NY,combined,5.0,weak,302,0.1018055555555555,-0.4816974868328934,0.8526603001364257,0.6713185755534168,0.1025880311416568,0.99
NY,combined,5.0,weak,303,0.1041666666666666,-0.4746736066468425,0.8626666666666667,0.6687410244135951,0.1193582200242455,0.9900197238658776
NY,combined,5.0,weak,304,0.1048611111111111,-0.4959341079724278,0.8556291390728477,0.6246677299308878,0.1090703322879054,0.9933563218390804
NY,combined,5.0,weak,305,0.1045833333333333,-0.4774553264470244,0.8685258964143426,0.6763194768799626,0.1182200784850554,0.99
NY,combined,5.0,weak,306,0.1044444444444444,-0.4710801389164314,0.8430851063829787,0.6594594594594595,0.1020205632222551,0.9933333333333332
NY,combined,5.0,weak,307,0.1047222222222222,-0.4739436659993357,0.850132625994695,0.6824601366742596,0.1108625556399846,0.9966666666666668
NY,combined,5.0,weak,308,0.1055555555555555,-0.4812674075422495,0.868421052631579,0.6631528509822712,0.1057174621101586,0.9966666666666668
NY,combined,6.0,weak,301,0.1090277777777777,-0.4850732940737972,0.8547770700636943,0.6724059809696421,0.1132985940449597,1.0
NY,combined,6.0,weak,302,0.1031944444444444,-0.4934874680210844,0.8317631224764468,0.6559565002471577,0.1069862793466444,0.9966666666666668
NY,combined,6.0,weak,303,0.10625,-0.4773408903358861,0.8431372549019608,0.6647727272727273,0.1155632318420285,1.0
NY,combined,6.0,weak,304,0.1065277777777777,-0.5040820871429522,0.8461538461538461,0.6099020674646355,0.1138227773368755,1.0
NY,combined,6.0,weak,305,0.1066666666666666,-0.486911366481467,0.8541666666666666,0.6717521960240407,0.1230923975244814,0.9966666666666668
NY,combined,6.0,weak,306,0.1063888888888889,-0.4850427552143969,0.8446475195822454,0.6588404408241495,0.1083212691603126,1.0
NY,combined,6.0,weak,307,0.1065277777777777,-0.4781943902461833,0.8748370273794003,0.6774047186932849,0.110034065521715,1.0
NY,combined,6.0,weak,308,0.1081944444444444,-0.4903258727952475,0.8741976893453145,0.6551226551226551,0.1084231009927358,0.9933333333333332
NY,employment,0.0,medium,301,0.0043055555555555,0.0477392136322638,0.0,0.0,0.1999999325894016,0.1632711329706044
NY,employment,0.0,medium,302,0.0054166666666666,-0.0617008313683509,0.0512820512820512,0.0,0.2007472827973788,0.1614362026673199
NY,employment,0.0,medium,303,0.0047222222222222,0.074751637541325,0.0588235294117647,0.032258064516129,0.2002551253963655,0.1577774984391701
NY,employment,0.0,medium,304,0.0056944444444444,-0.0101549947991203,0.1219512195121951,0.0,0.2007954639803375,0.1735076562348055
NY,employment,0.0,medium,305,0.0052777777777777,0.0130413797728446,0.1842105263157894,0.0,0.1989523457291222,0.1675580714575018
NY,employment,0.0,medium,306,0.0036111111111111,-0.040793865787348,0.0769230769230769,0.0,0.1992783823085979,0.1689180696925606
NY,employment,0.0,medium,307,0.0056944444444444,0.0241137591620861,0.1219512195121951,0.0,0.201595813279939,0.1734680565822572
NY,employment,0.0,medium,308,0.0045833333333333,-0.0042338545517197,0.1818181818181818,0.0344827586206896,0.1983648412988791,0.1705863512414516
NY,employment,0.5,medium,301,0.0052777777777777,0.0297563746887102,0.131578947368421,0.0294117647058823,0.1577900191827021,0.1626243105353065
NY,employment,0.5,medium,302,0.0070833333333333,-0.032361731321488,0.0784313725490196,0.0,0.1564666123171871,0.1591830138700183
NY,employment,0.5,medium,303,0.0075,0.0193597155463478,0.2222222222222222,0.0204081632653061,0.1677294202675486,0.1596075027822815
NY,employment,0.5,medium,304,0.0065277777777777,-0.0471663054422961,0.2127659574468085,0.0,0.1568658545454903,0.1673107105296941
NY,employment,0.5,medium,305,0.0066666666666666,-0.0186319473621572,0.125,0.0,0.157267437976265,0.1711805661002843
NY,employment,0.5,medium,306,0.0068055555555555,-0.0096652645442564,0.2040816326530612,0.0,0.1558808329194574,0.1772257542626983
NY,employment,0.5,medium,307,0.0058333333333333,0.017114300929361,0.1666666666666666,0.0,0.1580355125152464,0.1628532112598016
NY,employment,0.5,medium,308,0.0070833333333333,-0.0067414558713763,0.1764705882352941,0.0,0.1571805518773338,0.1636033888688946
NY,employment,1.0,medium,301,0.0086111111111111,-0.0091331251989462,0.2419354838709677,0.0555555555555555,0.1300329111609181,0.162213222074554
NY,employment,1.0,medium,302,0.00625,-0.0517540207186374,0.1333333333333333,0.025,0.1150317451280668,0.1625237334693433
NY,employment,1.0,medium,303,0.0077777777777777,-0.0654368668074188,0.2321428571428571,0.1034482758620689,0.1294077044081503,0.1667667245213657
NY,employment,1.0,medium,304,0.0118055555555555,-0.0545616008649311,0.2352941176470588,0.0253164556962025,0.1275297770632723,0.1760047986713814
NY,employment,1.0,medium,305,0.0084722222222222,-0.0346620904117624,0.1967213114754098,0.0508474576271186,0.1324620457078249,0.1743666997408551
NY,employment,1.0,medium,306,0.0075,-0.0228731669251631,0.1481481481481481,0.04,0.1265870882485501,0.1781272560715712
NY,employment,1.0,medium,307,0.0079166666666666,-0.0137269366034657,0.2982456140350877,0.0181818181818181,0.1187208599250567,0.1601155450215954
NY,employment,1.0,medium,308,0.0094444444444444,-0.0251123499582534,0.1911764705882352,0.0895522388059701,0.1197808053015024,0.1659434246355788
NY,employment,1.5,medium,301,0.0077777777777777,-0.0482157925231009,0.1964285714285714,0.1587301587301587,0.1180737485935589,0.1587317092168744
NY,employment,1.5,medium,302,0.0108333333333333,-0.0734433305575352,0.2307692307692307,0.127906976744186,0.0982796742793626,0.1617985365694612
NY,employment,1.5,medium,303,0.0097222222222222,-0.045036025400979,0.3285714285714285,0.0588235294117647,0.1222392905497182,0.1727155820473728
NY,employment,1.5,medium,304,0.0091666666666666,-0.0429344446109247,0.1515151515151515,0.1232876712328767,0.1180597597752192,0.1741872744155083
NY,employment,1.5,medium,305,0.01,-0.0716523755222666,0.1666666666666666,0.136986301369863,0.1239448181488335,0.1771365472635165
NY,employment,1.5,medium,306,0.01125,-0.0819536476988664,0.2716049382716049,0.0273972602739726,0.1083338276086733,0.1751420300425416
NY,employment,1.5,medium,307,0.0104166666666666,-0.0454371534060232,0.2666666666666666,0.0555555555555555,0.0987237081189441,0.1696022916802515
NY,employment,1.5,medium,308,0.0094444444444444,-0.0142360134151844,0.2352941176470588,0.1690140845070422,0.1061885259686434,0.1691813093162003
NY,employment,2.0,medium,301,0.0133333333333333,-0.0782389656153479,0.15625,0.1926605504587156,0.1244588699137958,0.1624196211439493
NY,employment,2.0,medium,302,0.0133333333333333,-0.0820777443394198,0.25,0.1263157894736842,0.0948765393072929,0.1636490136427327
NY,employment,2.0,medium,303,0.0130555555555555,-0.0381827435072311,0.2659574468085106,0.173076923076923,0.1304860351179567,0.1722913577329504
NY,employment,2.0,medium,304,0.01375,-0.0576575841134626,0.2424242424242424,0.14,0.1075038510314986,0.1814611093662057
NY,employment,2.0,medium,305,0.0138888888888888,-0.0370484674806384,0.22,0.1696428571428571,0.1248254649042308,0.1676596010478557
NY,employment,2.0,medium,306,0.0125,-0.066818934436333,0.3333333333333333,0.108695652173913,0.0964105470895249,0.1742641736274096
NY,employment,2.0,medium,307,0.0109722222222222,-0.0597804756889867,0.2151898734177215,0.1827956989247312,0.1017231991287712,0.1633104765362927
NY,employment,2.0,medium,308,0.0119444444444444,-0.0493335043284495,0.3023255813953488,0.1808510638297872,0.1065008377594255,0.1698137222536246
NY,employment,2.5,medium,301,0.0138888888888888,-0.0553200679750607,0.27,0.2892561983471074,0.11458209204944,0.1745835052180243
NY,employment,2.5,medium,302,0.0177777777777777,-0.0981275582222084,0.34375,0.2567567567567567,0.0978729016336634,0.171797700793691
NY,employment,2.5,medium,303,0.0148611111111111,-0.0777121423702875,0.2616822429906542,0.2131147540983606,0.1209187024528592,0.1651018143672771
NY,employment,2.5,medium,304,0.0156944444444444,-0.0848257085745998,0.3628318584070796,0.2676056338028169,0.1021556995697449,0.1840481498499964
NY,employment,2.5,medium,305,0.0152777777777777,-0.0584820726542474,0.3363636363636363,0.1984126984126984,0.1326479831584681,0.1801247847556012
NY,employment,2.5,medium,306,0.0136111111111111,-0.0961864901490451,0.2959183673469387,0.2372881355932203,0.1062722553023195,0.1836179581606712
NY,employment,2.5,medium,307,0.0138888888888888,-0.0416881378699741,0.27,0.2,0.0977679617225419,0.165925000154374
NY,employment,2.5,medium,308,0.0136111111111111,-0.061551410952913,0.3265306122448979,0.2689075630252101,0.0961551917096839,0.1807260386014968
NY,employment,3.0,medium,301,0.0136111111111111,-0.0376084852346463,0.2653061224489796,0.3233082706766917,0.1252207817501064,0.1673408533291004
NY,employment,3.0,medium,302,0.0169444444444444,-0.1068189853763039,0.3852459016393442,0.3076923076923077,0.0922749712626469,0.1769046899738073
NY,employment,3.0,medium,303,0.0145833333333333,-0.0831223096294868,0.2952380952380952,0.3677419354838709,0.1202658349361667,0.1814342767651535
NY,employment,3.0,medium,304,0.0158333333333333,-0.0835434354528898,0.3333333333333333,0.3164556962025316,0.1061182204018539,0.1727792640344845
NY,employment,3.0,medium,305,0.0138888888888888,-0.0478476041577653,0.28,0.3333333333333333,0.1270039090477447,0.1689405874292683
NY,employment,3.0,medium,306,0.0152777777777777,-0.0725872150906654,0.2818181818181818,0.2608695652173913,0.100277297343894,0.1819659841743033
NY,employment,3.0,medium,307,0.0148611111111111,-0.0820195651721037,0.3271028037383177,0.3071428571428571,0.0963380430694661,0.169384667636086
NY,employment,3.0,medium,308,0.0147222222222222,-0.046652314489415,0.3490566037735849,0.3309859154929577,0.0970403556983035,0.1676666147147309
NY,employment,3.5,medium,301,0.0151388888888888,-0.0488691724469514,0.3211009174311927,0.3286713286713286,0.1206120542460317,0.1686469693828561
NY,employment,3.5,medium,302,0.0173611111111111,-0.1119839109951128,0.296,0.3372093023255814,0.1016826993733719,0.172800096783346
NY,employment,3.5,medium,303,0.0154166666666666,-0.0726736942903553,0.2792792792792792,0.4117647058823529,0.1243470175216913,0.1771491858810254
NY,employment,3.5,medium,304,0.0183333333333333,-0.0767496922895861,0.3636363636363636,0.375,0.1088783268068537,0.1802688307066861
NY,employment,3.5,medium,305,0.01625,-0.0747436682934535,0.3162393162393162,0.3493975903614458,0.1257983324177662,0.1804696227173761
NY,employment,3.5,medium,306,0.0161111111111111,-0.088727718688062,0.3017241379310345,0.3312101910828025,0.1034381254604105,0.1901540351906806
NY,employment,3.5,medium,307,0.01625,-0.0626089081481147,0.3333333333333333,0.3823529411764705,0.0972408518960449,0.1796199257256428
NY,employment,3.5,medium,308,0.01625,-0.0593096105822103,0.3418803418803419,0.3571428571428571,0.1072042001559942,0.1713651575288026
NY,employment,4.0,medium,301,0.0147222222222222,-0.0698054956997263,0.3773584905660377,0.4728260869565217,0.1130798744675078,0.1732572010755188
NY,employment,4.0,medium,302,0.0193055555555555,-0.1013506754143873,0.3309352517985611,0.459915611814346,0.1094739861189123,0.1856613550549458
NY,employment,4.0,medium,303,0.0152777777777777,-0.0734248605254007,0.2909090909090909,0.408284023668639,0.1222658702856702,0.1799266055897582
NY,employment,4.0,medium,304,0.0193055555555555,-0.1102883445721764,0.381294964028777,0.4304932735426009,0.1039727109452143,0.191831135574536
NY,employment,4.0,medium,305,0.0161111111111111,-0.0800728701412647,0.3017241379310345,0.466321243523316,0.1284502645225728,0.1739507205102362
NY,employment,4.0,medium,306,0.0181944444444444,-0.070649680634472,0.3740458015267175,0.4727272727272727,0.0998383039740713,0.1833149136966892
NY,employment,4.0,medium,307,0.0168055555555555,-0.063080287500972,0.3553719008264462,0.4032258064516129,0.0968327287409763,0.1768841136044199
NY,employment,4.0,medium,308,0.0163888888888888,-0.082479115224077,0.3728813559322034,0.4928909952606635,0.1023655714169706,0.1793688065259222
NY,employment,5.0,medium,301,0.01625,-0.0650953993973586,0.2905982905982906,0.6014234875444839,0.1189143865413484,0.1751304337870102
NY,employment,5.0,medium,302,0.0193055555555555,-0.1170679601036436,0.4244604316546763,0.6298507462686567,0.100798910207595,0.1796289331738536
NY,employment,5.0,medium,303,0.0179166666666666,-0.0680621454481977,0.3178294573643411,0.5865724381625441,0.1263409814348638,0.1810222670510264
NY,employment,5.0,medium,304,0.0202777777777777,-0.0985736879677191,0.3219178082191781,0.543918918918919,0.102384359561613,0.1914255206478584
NY,employment,5.0,medium,305,0.0183333333333333,-0.0750813895505127,0.3787878787878788,0.6033898305084746,0.1296127364480385,0.1861274355621352
NY,employment,5.0,medium,306,0.0197222222222222,-0.0933889095099455,0.3380281690140845,0.5770491803278689,0.1036647581412312,0.193694531589204
NY,employment,5.0,medium,307,0.0170833333333333,-0.0924965997092671,0.3414634146341463,0.5912408759124088,0.103179755720044,0.1857771027631996
NY,employment,5.0,medium,308,0.0172222222222222,-0.0662001823980585,0.3225806451612903,0.5854545454545454,0.1043273627383845,0.1825249702691457
NY,employment,6.0,medium,301,0.0180555555555555,-0.0850277883626298,0.3538461538461538,0.7336343115124153,0.1134497528200329,0.1753795568386314
NY,employment,6.0,medium,302,0.0190277777777777,-0.0908473473793928,0.2700729927007299,0.7181208053691275,0.0972198617375638,0.1737531391376051
NY,employment,6.0,medium,303,0.0176388888888888,-0.0792119659562396,0.2992125984251969,0.735981308411215,0.1277971355846338,0.1861626687185545
NY,employment,6.0,medium,304,0.0230555555555555,-0.1145672818643548,0.3855421686746988,0.668903803131991,0.1043432233161471,0.2070056715399789
NY,employment,6.0,medium,305,0.0202777777777777,-0.0974339658469795,0.4041095890410959,0.7168141592920354,0.1281481992119003,0.1891952101679223
NY,employment,6.0,medium,306,0.0195833333333333,-0.0938991852207477,0.3971631205673759,0.6675392670157068,0.1054221293216555,0.183634946218124
NY,employment,6.0,medium,307,0.0194444444444444,-0.0868044580199924,0.3785714285714285,0.7172897196261683,0.1024431610636773,0.1792114785508552
NY,employment,6.0,medium,308,0.01875,-0.0951626180741512,0.3333333333333333,0.7073170731707317,0.1016613490975594,0.1872319983012708
NY,employment,0.0,strong,301,0.0054166666666666,0.0202904884161179,0.2307692307692307,0.027027027027027,0.2011380738152846,0.1725598670292046
NY,employment,0.0,strong,302,0.00625,-0.0040890190315774,0.1333333333333333,0.0,0.1996836850736665,0.1673840470317662
NY,employment,0.0,strong,303,0.0059722222222222,0.0069080139524797,0.1860465116279069,0.0,0.1982085181419761,0.1768251386000996
NY,employment,0.0,strong,304,0.0038888888888888,-0.0289913378552584,0.0357142857142857,0.0,0.2008344305219132,0.1814886601821332
NY,employment,0.0,strong,305,0.0052777777777777,-0.0148548453089874,0.1578947368421052,0.0294117647058823,0.2011999089792577,0.1835660242465212
NY,employment,0.0,strong,306,0.0061111111111111,0.02402077500284,0.0681818181818181,0.0,0.2018944535364041,0.1792597167777375
NY,employment,0.0,strong,307,0.0070833333333333,-0.0255397892021204,0.1372549019607843,0.0,0.2017962456535172,0.1701960630884791
NY,employment,0.0,strong,308,0.0072222222222222,-0.0210821092802026,0.1923076923076923,0.0217391304347826,0.2008660023569903,0.168036304655909
NY,employment,0.5,strong,301,0.0066666666666666,0.0142664624066735,0.1875,0.0465116279069767,0.1556238474158164,0.165021317205351
NY,employment,0.5,strong,302,0.0079166666666666,-0.0475485848983943,0.1929824561403508,0.0357142857142857,0.1575428827756465,0.1602992859459019
NY,employment,0.5,strong,303,0.0048611111111111,0.0305981245409172,0.1142857142857142,0.0,0.1641632387561977,0.1679336383249182
NY,employment,0.5,strong,304,0.0055555555555555,-0.031183874584331,0.125,0.0263157894736842,0.1620175260705542,0.1780324811852215
NY,employment,0.5,strong,305,0.0070833333333333,-0.0185039019659451,0.1372549019607843,0.0208333333333333,0.1573960890955595,0.1729551443115013
NY,employment,0.5,strong,306,0.0077777777777777,-0.0171588728294586,0.0892857142857142,0.0,0.1583436355201233,0.1673897057049087
NY,employment,0.5,strong,307,0.0068055555555555,-0.036028908036287,0.1632653061224489,0.0444444444444444,0.1585703025653574,0.1695124609602132
NY,employment,0.5,strong,308,0.0069444444444444,-0.0085488540530361,0.12,0.0217391304347826,0.1565264770880705,0.1733788951409058
NY,employment,1.0,strong,301,0.0081944444444444,-0.0354456015232166,0.2033898305084746,0.0363636363636363,0.1312901474887617,0.1708610054589396
NY,employment,1.0,strong,302,0.0106944444444444,-0.0520655863697346,0.2207792207792207,0.0897435897435897,0.1145839929822032,0.1659872978365383
NY,employment,1.0,strong,303,0.0104166666666666,-0.0504574323832157,0.1466666666666666,0.028169014084507,0.1312594113668571,0.1724820043300187
NY,employment,1.0,strong,304,0.0118055555555555,-0.0597469353730707,0.2823529411764706,0.0389610389610389,0.1254909492935653,0.1763488848758547
NY,employment,1.0,strong,305,0.0088888888888888,-0.0391788019832964,0.234375,0.123076923076923,0.1287691224349763,0.1698252125601309
NY,employment,1.0,strong,306,0.0094444444444444,-0.0783407079054104,0.2352941176470588,0.0163934426229508,0.124131219199845,0.1744825558277394
NY,employment,1.0,strong,307,0.0075,-0.0245722161446379,0.1666666666666666,0.0566037735849056,0.1193683574473691,0.1726080688619893
NY,employment,1.0,strong,308,0.0086111111111111,-0.0048798990813607,0.2258064516129032,0.0677966101694915,0.1232223446488318,0.1762082186273411
NY,employment,1.5,strong,301,0.01,-0.0585762103084703,0.25,0.1038961038961039,0.1163895464415565,0.1622543291860342
NY,employment,1.5,strong,302,0.0126388888888888,-0.0829918539155862,0.3296703296703296,0.1717171717171717,0.1014364730596145,0.1703229175371317
NY,employment,1.5,strong,303,0.0125,-0.0310711377029982,0.1777777777777777,0.1263157894736842,0.1230801267565939,0.1689994496700488
NY,employment,1.5,strong,304,0.0118055555555555,-0.0723750445502351,0.2352941176470588,0.1318681318681318,0.1153752879006302,0.1800092093927561
NY,employment,1.5,strong,305,0.0125,-0.0391734694179224,0.2222222222222222,0.0978260869565217,0.1181383428171184,0.1864772097875799
NY,employment,1.5,strong,306,0.0125,-0.0641060998291593,0.3,0.0454545454545454,0.1121343980853154,0.1797845367405
NY,employment,1.5,strong,307,0.0126388888888888,-0.0509527452727868,0.3186813186813186,0.0697674418604651,0.1052869482661422,0.17689169448096
NY,employment,1.5,strong,308,0.0116666666666666,-0.054375572806635,0.2023809523809523,0.1294117647058823,0.1083504064413765,0.1777266879649931
NY,employment,2.0,strong,301,0.0129166666666666,-0.0665707855329282,0.3440860215053763,0.173076923076923,0.1140597790942095,0.1691952475956575
NY,employment,2.0,strong,302,0.0138888888888888,-0.0815392892052791,0.36,0.1891891891891892,0.0947560614067466,0.1648214503719682
NY,employment,2.0,strong,303,0.0136111111111111,-0.0591732405771883,0.2653061224489796,0.2280701754385964,0.1254418956205914,0.1793776877773037
NY,employment,2.0,strong,304,0.0140277777777777,-0.0982085674445646,0.3564356435643564,0.2333333333333333,0.1057554205334171,0.1848838039113744
NY,employment,2.0,strong,305,0.0154166666666666,-0.0408263672725569,0.2252252252252252,0.1416666666666666,0.1225956703868638,0.1758070243031849
NY,employment,2.0,strong,306,0.0151388888888888,-0.1100026943938865,0.3761467889908257,0.2142857142857142,0.100851223617204,0.1859904831617125
NY,employment,2.0,strong,307,0.0122222222222222,-0.0860882427158464,0.2613636363636363,0.1595744680851064,0.1024949411763695,0.1711781571121358
NY,employment,2.0,strong,308,0.0122222222222222,-0.0581167351964171,0.25,0.1630434782608695,0.1035843415401981,0.176344861382476
NY,employment,2.5,strong,301,0.0130555555555555,-0.0662575712759979,0.2340425531914893,0.2627118644067797,0.1126466661340025,0.1745521729319424
NY,employment,2.5,strong,302,0.0163888888888888,-0.1062399416727961,0.3135593220338983,0.3248407643312102,0.095413153927917,0.1718506207448143
NY,employment,2.5,strong,303,0.0145833333333333,-0.0518160019812512,0.2571428571428571,0.224,0.1247214061660222,0.18380127022554
NY,employment,2.5,strong,304,0.0166666666666666,-0.1082969635284332,0.375,0.2428571428571428,0.1088303807271774,0.1893459564515119
NY,employment,2.5,strong,305,0.0145833333333333,-0.0692329922657699,0.3047619047619048,0.316546762589928,0.1270129908429135,0.1749301616016016
NY,employment,2.5,strong,306,0.0144444444444444,-0.0927315500962944,0.375,0.2615384615384615,0.107953903742553,0.1904489606751882
NY,employment,2.5,strong,307,0.0138888888888888,-0.0721643198918168,0.25,0.2777777777777778,0.1080980383856891,0.1754821573328642
NY,employment,2.5,strong,308,0.0145833333333333,-0.0743976738799366,0.2666666666666666,0.2992700729927007,0.1039295464683159,0.1814930110002153
NY,employment,3.0,strong,301,0.0145833333333333,-0.0620995905382574,0.2952380952380952,0.3,0.1180655621953466,0.1831722101014129
NY,employment,3.0,strong,302,0.0165277777777777,-0.1242463677274488,0.3361344537815126,0.3414634146341463,0.1033250552926225,0.1724083470700807
NY,employment,3.0,strong,303,0.0166666666666666,-0.0635324267580885,0.4166666666666667,0.3231707317073171,0.1282428100167978,0.1820565877650869
NY,employment,3.0,strong,304,0.01875,-0.1028330772877636,0.3925925925925926,0.3117647058823529,0.1018812918714373,0.186504943654423
NY,employment,3.0,strong,305,0.0158333333333333,-0.0728550685524584,0.3070175438596491,0.3354037267080745,0.1322570009280448,0.1775385578305348
NY,employment,3.0,strong,306,0.0154166666666666,-0.1061942725765924,0.2972972972972973,0.3641975308641975,0.1043693668926539,0.1935368112871749
NY,employment,3.0,strong,307,0.0154166666666666,-0.1054241428727632,0.3063063063063063,0.3227848101265823,0.0962240766035641,0.1829657666557696
NY,employment,3.0,strong,308,0.0175,-0.0840625274059008,0.365079365079365,0.3641618497109826,0.099548359898772,0.1865062037413529
NY,employment,3.5,strong,301,0.0151388888888888,-0.0742228577441701,0.3302752293577982,0.4110429447852761,0.1204624064974378,0.170084984610373
NY,employment,3.5,strong,302,0.0168055555555555,-0.1175270809002195,0.2975206611570248,0.4365482233502538,0.1055153511812083,0.1841841430268447
NY,employment,3.5,strong,303,0.0163888888888888,-0.0552020501623952,0.2033898305084746,0.3941176470588235,0.1276803759492683,0.1815865093388051
NY,employment,3.5,strong,304,0.0186111111111111,-0.0849546954446506,0.2985074626865671,0.3678756476683937,0.1078980250960002,0.1954667546658008
NY,employment,3.5,strong,305,0.01625,-0.0470605480644772,0.2991452991452991,0.4461538461538462,0.1220682105584089,0.1863160453215235
NY,employment,3.5,strong,306,0.0195833333333333,-0.0950837022235834,0.4042553191489361,0.4047619047619047,0.1018016954709176,0.1938345233921178
NY,employment,3.5,strong,307,0.0166666666666666,-0.0963105104837404,0.3166666666666666,0.377906976744186,0.0971759400091859,0.1817885007100228
NY,employment,3.5,strong,308,0.0172222222222222,-0.0936235589434437,0.3225806451612903,0.4086021505376344,0.0998668451550251,0.1780464244358326
NY,employment,4.0,strong,301,0.0143055555555555,-0.0495733875311065,0.2233009708737864,0.492063492063492,0.1194246882795435,0.1787462998563666
NY,employment,4.0,strong,302,0.01875,-0.1369524609442698,0.4,0.5080645161290323,0.1029235184062989,0.1830799051150065
NY,employment,4.0,strong,303,0.0163888888888888,-0.0757907559339609,0.3305084745762712,0.5110132158590308,0.1219379919856655,0.187085048020405
NY,employment,4.0,strong,304,0.0198611111111111,-0.1288805051852514,0.4335664335664335,0.4878048780487805,0.1077942855870961,0.1896169679411748
NY,employment,4.0,strong,305,0.0155555555555555,-0.0739502958533729,0.2946428571428571,0.5211267605633803,0.1242974872802895,0.186174309668634
NY,employment,4.0,strong,306,0.0195833333333333,-0.1154689121518452,0.4397163120567376,0.4506437768240343,0.1095920898294948,0.1891350241835389
NY,employment,4.0,strong,307,0.0169444444444444,-0.0664828995288857,0.2950819672131147,0.4378109452736318,0.1008375541942622,0.1777046866858967
NY,employment,4.0,strong,308,0.0163888888888888,-0.0667958954252587,0.3050847457627119,0.490566037735849,0.1036766103881457,0.1766062095417935
NY,employment,5.0,strong,301,0.0177777777777777,-0.0631184617046036,0.3671875,0.6416938110749185,0.1131268243547915,0.1806383652568573
NY,employment,5.0,strong,302,0.0184722222222222,-0.1517478611153695,0.3233082706766917,0.6514285714285715,0.1041861352645426,0.1897765711237747
NY,employment,5.0,strong,303,0.0176388888888888,-0.0758513312749906,0.2913385826771653,0.6205787781350482,0.1295554815992017,0.1882771368952147
NY,employment,5.0,strong,304,0.0205555555555555,-0.1383093097258331,0.3581081081081081,0.5982404692082112,0.1068064586368688,0.195751156338875
NY,employment,5.0,strong,305,0.0172222222222222,-0.0683519747367622,0.2903225806451613,0.6715976331360947,0.1233378747363664,0.1713562959482655
NY,employment,5.0,strong,306,0.0197222222222222,-0.1171025065729095,0.352112676056338,0.5941558441558441,0.1085948599731089,0.1949356989279715
NY,employment,5.0,strong,307,0.0172222222222222,-0.1141940987341355,0.4032258064516129,0.6182432432432432,0.0946883360682636,0.1879242613828038
NY,employment,5.0,strong,308,0.0173611111111111,-0.0731973903210695,0.328,0.6171617161716172,0.1048688228553685,0.1817596729646383
NY,employment,6.0,strong,301,0.0166666666666666,-0.0450106296355274,0.2666666666666666,0.7696969696969697,0.1160136941400746,0.1729602486725097
NY,employment,6.0,strong,302,0.0208333333333333,-0.1382546338346225,0.4133333333333333,0.730844793713163,0.1024399569889883,0.1903407588365199
NY,employment,6.0,strong,303,0.01875,-0.0978080337731415,0.2592592592592592,0.727069351230425,0.126840115972101,0.1883035837408616
NY,employment,6.0,strong,304,0.0208333333333333,-0.1179038758065699,0.38,0.724,0.1027978934452801,0.1941229469382646
NY,employment,6.0,strong,305,0.0193055555555555,-0.0723999659805615,0.316546762589928,0.7422037422037422,0.12339190885236,0.188778766908851
NY,employment,6.0,strong,306,0.0208333333333333,-0.1092638811456518,0.4133333333333333,0.7293388429752066,0.1059089525514777,0.1938780410205169
NY,employment,6.0,strong,307,0.02,-0.1031020792442389,0.4097222222222222,0.7591522157996147,0.1008537977547461,0.1893609915156259
NY,employment,6.0,strong,308,0.0191666666666666,-0.0671055488394657,0.3840579710144927,0.758893280632411,0.1089578780486883,0.1848721742103958
NY,employment,0.0,weak,301,0.0030555555555555,0.0037493982558092,0.0909090909090909,0.0,0.200482581569172,0.1628372620464315
NY,employment,0.0,weak,302,0.0047222222222222,-0.0092625363839374,0.1470588235294117,0.0,0.2012390201731223,0.1605492432701466
NY,employment,0.0,weak,303,0.0052777777777777,0.0636680658488191,0.131578947368421,0.0,0.1994523367828882,0.1662823886908301
NY,employment,0.0,weak,304,0.0031944444444444,0.013909768398895,0.0869565217391304,0.0,0.2001867137314621,0.1711129056097104
NY,employment,0.0,weak,305,0.0043055555555555,0.0059653303556633,0.032258064516129,0.0,0.2009354643669642,0.1613606293615909
NY,employment,0.0,weak,306,0.00625,0.031676105885168,0.1777777777777777,0.0454545454545454,0.1998084443594777,0.1582785889172911
NY,employment,0.0,weak,307,0.0052777777777777,0.0018280980461214,0.0263157894736842,0.0,0.2004309488926827,0.1579175901693262
NY,employment,0.0,weak,308,0.0045833333333333,-0.0196542443867891,0.0303030303030303,0.0333333333333333,0.1985650201480402,0.1592564939051579
NY,employment,0.5,weak,301,0.0069444444444444,-0.0180846787175024,0.16,0.0408163265306122,0.1599935756544552,0.1571015141070196
NY,employment,0.5,weak,302,0.0055555555555555,0.0027945550374797,0.1,0.0,0.1562180827438457,0.1499690559251862
NY,employment,0.5,weak,303,0.0051388888888888,-0.0127780257360177,0.1621621621621621,0.0,0.1577194173443653,0.1601402433369419
NY,employment,0.5,weak,304,0.0066666666666666,-0.0099655638533276,0.1875,0.0222222222222222,0.1556430418651786,0.1609627569258684
NY,employment,0.5,weak,305,0.0051388888888888,-0.003273128157881,0.081081081081081,0.0277777777777777,0.1579109956654702,0.1669392313094112
NY,employment,0.5,weak,306,0.0040277777777777,0.045558717535203,0.0689655172413793,0.0,0.1565250185870325,0.1689194510578273
NY,employment,0.5,weak,307,0.0051388888888888,0.0172197432005803,0.054054054054054,0.0,0.1556831190605655,0.1573465656946214
NY,employment,0.5,weak,308,0.0065277777777777,-0.010869467703247,0.1914893617021276,0.025,0.1571328573758746,0.1661053654253089
NY,employment,1.0,weak,301,0.0073611111111111,-0.0241952207125313,0.1320754716981132,0.0392156862745098,0.131879740938818,0.1570849804965658
NY,employment,1.0,weak,302,0.0076388888888888,-0.0434566126287215,0.1818181818181818,0.0,0.1154460722587185,0.1585355010371872
NY,employment,1.0,weak,303,0.0075,-0.0021546542386184,0.0925925925925925,0.0416666666666666,0.1331662480184564,0.1624785564495911
NY,employment,1.0,weak,304,0.0079166666666666,-0.0443574631887274,0.2105263157894736,0.0181818181818181,0.1267601847538939,0.1639487919301418
NY,employment,1.0,weak,305,0.0094444444444444,0.0276972188861355,0.1323529411764706,0.064516129032258,0.1306991786302276,0.159023169580305
NY,employment,1.0,weak,306,0.0075,0.043893085831831,0.1296296296296296,0.0392156862745098,0.1195080083407973,0.1689843128322229
NY,employment,1.0,weak,307,0.0063888888888888,-0.0038179637174364,0.1956521739130435,0.0238095238095238,0.1219460283177151,0.1587251247132154
NY,employment,1.0,weak,308,0.0097222222222222,-0.0378214173437147,0.2714285714285714,0.16,0.1206951692324761,0.1616397773455903
NY,employment,1.5,weak,301,0.0083333333333333,-0.009526342499584,0.1666666666666666,0.081967213114754,0.1224326357058548,0.1555800806711778
NY,employment,1.5,weak,302,0.0133333333333333,-0.0459989140897124,0.3229166666666667,0.086021505376344,0.0986078529476983,0.1594640394005008
NY,employment,1.5,weak,303,0.0090277777777777,-0.0011596012027802,0.2153846153846154,0.0967741935483871,0.1391996313252496,0.1674236540994417
NY,employment,1.5,weak,304,0.0093055555555555,-0.0293665251714994,0.1492537313432835,0.1621621621621621,0.116029314911892,0.1647207810113992
NY,employment,1.5,weak,305,0.0120833333333333,-0.0490951975399893,0.1379310344827586,0.1397849462365591,0.1234583886932158,0.1662556120566351
NY,employment,1.5,weak,306,0.0094444444444444,-0.033384404762502,0.2941176470588235,0.1594202898550724,0.1047968005826885,0.1661736025948267
NY,employment,1.5,weak,307,0.0106944444444444,-0.0158115881942844,0.1558441558441558,0.0789473684210526,0.1047860884413932,0.1580253298579896
NY,employment,1.5,weak,308,0.01125,-0.0237709902917529,0.2716049382716049,0.074074074074074,0.1031786817874874,0.1647650489586906
NY,employment,2.0,weak,301,0.0106944444444444,0.0178837091071401,0.2337662337662337,0.1585365853658536,0.1229576409193856,0.1551515451363956
NY,employment,2.0,weak,302,0.0123611111111111,-0.0703376641627549,0.247191011235955,0.0919540229885057,0.0910550890547156,0.159359843170382
NY,employment,2.0,weak,303,0.0113888888888888,-0.0376520103687703,0.2804878048780488,0.0963855421686747,0.1213367633354298,0.1626340734692172
NY,employment,2.0,weak,304,0.0123611111111111,-0.0631608296833496,0.3033707865168539,0.1414141414141414,0.1140649671497847,0.1751460075626504
NY,employment,2.0,weak,305,0.0113888888888888,-0.0538268320707766,0.2195121951219512,0.108433734939759,0.1242692785315965,0.170870457330651
NY,employment,2.0,weak,306,0.0126388888888888,-0.0727607065621064,0.3076923076923077,0.0689655172413793,0.1058243181012429,0.1767866340200281
NY,employment,2.0,weak,307,0.01125,-0.0026922879120237,0.2345679012345679,0.1494252873563218,0.1005492487662439,0.168327397363213
NY,employment,2.0,weak,308,0.0134722222222222,-0.034135152455837,0.2577319587628865,0.2368421052631578,0.0982082653544419,0.1609156747853789
NY,employment,2.5,weak,301,0.0141666666666666,-0.0322960532855361,0.3333333333333333,0.2212389380530973,0.1277340794353418,0.1590547388259106
NY,employment,2.5,weak,302,0.0143055555555555,-0.0569926169126727,0.2718446601941747,0.1531531531531531,0.1044317054088862,0.1627943943279803
NY,employment,2.5,weak,303,0.0130555555555555,-0.0537624130999495,0.3191489361702128,0.205607476635514,0.1215405066445659,0.1706855208191124
NY,employment,2.5,weak,304,0.0138888888888888,-0.0474727048542053,0.26,0.2,0.1111952514414314,0.1734370918344725
NY,employment,2.5,weak,305,0.0148611111111111,-0.0261089162823442,0.2710280373831775,0.2083333333333333,0.1276830166897313,0.1750766235506421
NY,employment,2.5,weak,306,0.0152777777777777,-0.074244326558103,0.3,0.2,0.1048617296011263,0.1798997426734125
NY,employment,2.5,weak,307,0.0140277777777777,-0.0809578560947917,0.2871287128712871,0.2162162162162162,0.0962091649967474,0.1683057463922631
NY,employment,2.5,weak,308,0.0158333333333333,-0.0587612212450497,0.2719298245614035,0.21875,0.1103753421444451,0.171838794138539
NY,employment,3.0,weak,301,0.01375,-0.0372312828236252,0.2626262626262626,0.2755905511811024,0.1242408628162118,0.172516008826923
NY,employment,3.0,weak,302,0.0155555555555555,-0.0788875369007719,0.3214285714285714,0.3082191780821918,0.1027506599991688,0.1697870805038774
NY,employment,3.0,weak,303,0.0140277777777777,-0.0648807603141467,0.1881188118811881,0.2971014492753623,0.1194557789325331,0.1653667837616989
NY,employment,3.0,weak,304,0.0163888888888888,-0.0820093574813498,0.3220338983050847,0.2464788732394366,0.1113306491693381,0.1729358260721863
NY,employment,3.0,weak,305,0.0140277777777777,-0.0655991341734361,0.3465346534653465,0.2903225806451613,0.1237785531821751,0.1716894300211038
NY,employment,3.0,weak,306,0.0154166666666666,-0.0507729278826005,0.3513513513513513,0.2867647058823529,0.0977705011885284,0.1689590038619114
NY,employment,3.0,weak,307,0.0141666666666666,-0.029606190175409,0.2058823529411764,0.2985074626865671,0.1001374087501367,0.1705914924577493
NY,employment,3.0,weak,308,0.0158333333333333,-0.0664126253158882,0.3333333333333333,0.2797202797202797,0.1011140935826917,0.169551764091596
NY,employment,3.5,weak,301,0.0130555555555555,-0.042477320837033,0.2340425531914893,0.3732394366197183,0.1174378324752778,0.1699206107690543
NY,employment,3.5,weak,302,0.0176388888888888,-0.0894241123991743,0.4015748031496063,0.320754716981132,0.1023274235571189,0.1665077469139832
NY,employment,3.5,weak,303,0.015,-0.0359630969693835,0.2314814814814814,0.2887323943661972,0.1308977718358781,0.1653847056291991
NY,employment,3.5,weak,304,0.0176388888888888,-0.0835372816293711,0.3070866141732283,0.3035714285714285,0.1056630015422243,0.1834693916733224
NY,employment,3.5,weak,305,0.0163888888888888,-0.0680101316975031,0.4152542372881356,0.3855421686746988,0.1195518081190124,0.169950609481322
NY,employment,3.5,weak,306,0.01625,-0.087948281635289,0.3247863247863248,0.2953020134228188,0.0994037100825114,0.1765560838720956
NY,employment,3.5,weak,307,0.0138888888888888,-0.0252636431372518,0.26,0.3851351351351351,0.106312666133601,0.1681187159917215
NY,employment,3.5,weak,308,0.0154166666666666,-0.0467485064008467,0.2432432432432432,0.3424657534246575,0.1010057184358384,0.1643131198512375
NY,employment,4.0,weak,301,0.0158333333333333,-0.0334873846770381,0.2631578947368421,0.4152046783625731,0.1192353468621064,0.1601332944094026
NY,employment,4.0,weak,302,0.0172222222222222,-0.1217364843965104,0.2983870967741935,0.4072164948453608,0.0971903523937708,0.1743590896547079
NY,employment,4.0,weak,303,0.0151388888888888,-0.0538201713393173,0.2477064220183486,0.4395604395604395,0.1266217415556988,0.1714589263866113
NY,employment,4.0,weak,304,0.0175,-0.0741474430363677,0.2936507936507936,0.4264705882352941,0.1118294398857975,0.178693309750472
NY,employment,4.0,weak,305,0.0156944444444444,-0.0568535377263884,0.3893805309734513,0.4189944134078212,0.1279440277707447,0.1708807049464578
NY,employment,4.0,weak,306,0.01625,-0.0877994108524569,0.3076923076923077,0.3416149068322981,0.09485781089149,0.1840069780565698
NY,employment,4.0,weak,307,0.0159722222222222,-0.0582929494822629,0.3478260869565217,0.369047619047619,0.097673559248033,0.1704913840607552
NY,employment,4.0,weak,308,0.0172222222222222,-0.0387427348315062,0.2741935483870967,0.3722222222222222,0.1025970795937896,0.1794840118818223
NY,employment,5.0,weak,301,0.0165277777777777,-0.0427848303191484,0.3109243697478991,0.5923076923076923,0.1211711871197996,0.1703759421696902
NY,employment,5.0,weak,302,0.01875,-0.1059219332574571,0.3333333333333333,0.5693950177935944,0.1051881226356086,0.1826862667567382
NY,employment,5.0,weak,303,0.0170833333333333,-0.0957520798534719,0.3333333333333333,0.5763358778625954,0.1203521195845106,0.1864952930816002
NY,employment,5.0,weak,304,0.0195833333333333,-0.1028187297512007,0.3687943262411347,0.5350553505535055,0.1050000741254439,0.1878173663489088
NY,employment,5.0,weak,305,0.0165277777777777,-0.0514354542453482,0.3445378151260504,0.5590551181102362,0.123132981078913,0.1747271653795874
NY,employment,5.0,weak,306,0.0188888888888888,-0.1093702671664509,0.4264705882352941,0.4978540772532189,0.1005533325057411,0.1846445053710126
NY,employment,5.0,weak,307,0.0184722222222222,-0.0648019053122279,0.3834586466165413,0.5436507936507936,0.1023980229273299,0.1711863164392889
NY,employment,5.0,weak,308,0.0180555555555555,-0.0359831386760454,0.3230769230769231,0.5992779783393501,0.1039327535602709,0.1731064734132726
NY,employment,6.0,weak,301,0.0169444444444444,-0.045224990042412,0.3032786885245901,0.7,0.123867619951025,0.1680537681886397
NY,employment,6.0,weak,302,0.0188888888888888,-0.1103530840238261,0.3308823529411764,0.6640211640211641,0.1020642653270266,0.1780611119908184
NY,employment,6.0,weak,303,0.0169444444444444,-0.0700363694471138,0.319672131147541,0.6892655367231638,0.1291380574429927,0.1910733052314546
NY,employment,6.0,weak,304,0.0206944444444444,-0.0880887531602752,0.3288590604026846,0.6564102564102564,0.1053706673347777,0.1963542969504202
NY,employment,6.0,weak,305,0.0173611111111111,-0.0449370055047706,0.368,0.7052631578947368,0.1335107739801489,0.1830523204348649
NY,employment,6.0,weak,306,0.02,-0.0914538173829347,0.3263888888888889,0.6264367816091954,0.098114260807097,0.1810437006387801
NY,employment,6.0,weak,307,0.0177777777777777,-0.0727511662529369,0.296875,0.7089552238805971,0.1003738079919358,0.1749795278329322
NY,employment,6.0,weak,308,0.0181944444444444,-0.0495874075937313,0.3129770992366412,0.6807387862796834,0.1105611560317214,0.1767992641165333
NY,housing,0.0,medium,301,0.0043055555555555,0.0477392136322638,0.0,0.0,0.1999999325894016,0.1632711329706044
NY,housing,0.0,medium,302,0.0054166666666666,-0.0617008313683509,0.0512820512820512,0.0,0.2007472827973788,0.1614362026673199
NY,housing,0.0,medium,303,0.0047222222222222,0.074751637541325,0.0588235294117647,0.032258064516129,0.2002551253963655,0.1577774984391701
NY,housing,0.0,medium,304,0.0056944444444444,-0.0101549947991203,0.1219512195121951,0.0,0.2007954639803375,0.1735076562348055
NY,housing,0.0,medium,305,0.0052777777777777,0.0130413797728446,0.1842105263157894,0.0,0.1989523457291222,0.1675580714575018
NY,housing,0.0,medium,306,0.0036111111111111,-0.040793865787348,0.0769230769230769,0.0,0.1992783823085979,0.1689180696925606
NY,housing,0.0,medium,307,0.0056944444444444,0.0241137591620861,0.1219512195121951,0.0,0.201595813279939,0.1734680565822572
NY,housing,0.0,medium,308,0.0045833333333333,-0.0042338545517197,0.1818181818181818,0.0344827586206896,0.1983648412988791,0.1705863512414516
NY,housing,0.5,medium,301,0.0059722222222222,-0.0019069533021268,0.0697674418604651,0.0,0.2009824342101075,0.1564408192536222
NY,housing,0.5,medium,302,0.00875,-0.0363916049922897,0.2222222222222222,0.0188679245283018,0.199420182124498,0.1555070189207091
NY,housing,0.5,medium,303,0.0038888888888888,0.0050914396487824,0.0714285714285714,0.0,0.2010612098695707,0.1644700013794193
NY,housing,0.5,medium,304,0.0063888888888888,0.017269689294853,0.1739130434782608,0.0,0.2002671330788965,0.1660687153982687
NY,housing,0.5,medium,305,0.0066666666666666,0.0179084730684084,0.1458333333333333,0.0222222222222222,0.2001813474101894,0.1718706605939658
NY,housing,0.5,medium,306,0.0056944444444444,0.0262746780095844,0.1463414634146341,0.0,0.1995846387945008,0.1794866590030421
NY,housing,0.5,medium,307,0.0066666666666666,0.0019433232892157,0.1875,0.0,0.1989287052522088,0.1678888180989768
NY,housing,0.5,medium,308,0.0054166666666666,-0.0030786038336553,0.2307692307692307,0.0,0.2006518247395469,0.1708608001260063
NY,housing,1.0,medium,301,0.0069444444444444,-0.0390770331154235,0.2,0.0,0.1995020631098334,0.1540748535111487
NY,housing,1.0,medium,302,0.00625,-0.0222055874095282,0.1333333333333333,0.0,0.1993503499666053,0.15384368126162
NY,housing,1.0,medium,303,0.0063888888888888,-0.048719261477576,0.0869565217391304,0.0,0.1992289119442296,0.1658055018229947
NY,housing,1.0,medium,304,0.0090277777777777,-0.0373179126939834,0.2307692307692307,0.0,0.1999468654943209,0.1756588669648818
NY,housing,1.0,medium,305,0.0076388888888888,-0.0170173291547969,0.2181818181818181,0.0,0.1994730839044618,0.1780486508156244
NY,housing,1.0,medium,306,0.0080555555555555,-0.0448553849253237,0.1379310344827586,0.0,0.1967296916748267,0.179777791233785
NY,housing,1.0,medium,307,0.0065277777777777,0.0077311546699192,0.0638297872340425,0.0,0.1980738310107983,0.166015676303316
NY,housing,1.0,medium,308,0.0081944444444444,0.0098279943554432,0.2033898305084746,0.0181818181818181,0.19938599951008,0.1643985140030379
NY,housing,1.5,medium,301,0.0081944444444444,-0.070830224352801,0.2372881355932203,0.0,0.2011440082205811,0.1622990165529422
NY,housing,1.5,medium,302,0.0095833333333333,-0.058420703165434,0.1884057971014492,0.0,0.1999561082965033,0.1555165421782515
NY,housing,1.5,medium,303,0.0077777777777777,-0.053643706602044,0.1964285714285714,0.0,0.2009500863180204,0.1679616162986452
NY,housing,1.5,medium,304,0.0084722222222222,-0.0658433994741087,0.1311475409836065,0.0,0.1987875706680513,0.1740972439600867
NY,housing,1.5,medium,305,0.0088888888888888,-0.0055794096094253,0.078125,0.0172413793103448,0.199400934675596,0.1642380928607689
NY,housing,1.5,medium,306,0.00875,-0.0063269274564668,0.1269841269841269,0.0,0.19955004999421,0.1683419422104164
NY,housing,1.5,medium,307,0.0084722222222222,-0.0194897681474479,0.0983606557377049,0.0,0.2016266683830319,0.1566043499470106
NY,housing,1.5,medium,308,0.0122222222222222,-0.0583599318056315,0.25,0.0,0.2003716600736921,0.1746239810730369
NY,housing,2.0,medium,301,0.0109722222222222,-0.01214676629218,0.2531645569620253,0.0,0.199980417248247,0.1625456268260435
NY,housing,2.0,medium,302,0.0098611111111111,-0.0874958369138277,0.2535211267605634,0.0,0.1994677558319983,0.1623775179943229
NY,housing,2.0,medium,303,0.0120833333333333,-0.0393096376846232,0.2413793103448276,0.0,0.2003222994943129,0.1661319955168499
NY,housing,2.0,medium,304,0.0148611111111111,-0.0548012497992112,0.2803738317757009,0.010204081632653,0.2004811058347031,0.169767957654825
NY,housing,2.0,medium,305,0.0101388888888888,-0.0089490624199037,0.1095890410958904,0.0,0.2008773843967473,0.1715289451231559
NY,housing,2.0,medium,306,0.0155555555555555,-0.070002237696396,0.3214285714285714,0.0,0.2011154025320815,0.1798295418184315
NY,housing,2.0,medium,307,0.0125,-0.0555840427944661,0.2888888888888888,0.0126582278481012,0.1994623401657132,0.1696145052154307
NY,housing,2.0,medium,308,0.0126388888888888,-0.0144129929773445,0.1648351648351648,0.0,0.2002712422471082,0.1678323281790444
NY,housing,2.5,medium,301,0.0133333333333333,-0.0405722482004656,0.3125,0.0,0.1999229052570267,0.1659947820353304
NY,housing,2.5,medium,302,0.0144444444444444,-0.0832460985202667,0.2307692307692307,0.0,0.2015829336293171,0.1656928545194524
NY,housing,2.5,medium,303,0.0134722222222222,-0.0570352530995207,0.3092783505154639,0.0,0.200015670470751,0.1701899771761519
NY,housing,2.5,medium,304,0.0155555555555555,-0.0799907848255451,0.3303571428571428,0.0,0.2010858016641854,0.1808126300834938
NY,housing,2.5,medium,305,0.0156944444444444,-0.0677536817865108,0.3893805309734513,0.0096153846153846,0.1983451964496979,0.176616394620039
NY,housing,2.5,medium,306,0.0126388888888888,-0.0940229680543649,0.2637362637362637,0.0,0.1997138982504716,0.1770809821590233
NY,housing,2.5,medium,307,0.0161111111111111,-0.0761017373426692,0.3017241379310345,0.0099009900990099,0.1997326601689284,0.1740746982457182
NY,housing,2.5,medium,308,0.0123611111111111,-0.0493565076340104,0.2808988764044944,0.0,0.1988551365693661,0.1689664150661248
NY,housing,3.0,medium,301,0.0144444444444444,-0.0366999527772655,0.2211538461538461,0.0,0.1998742993807164,0.1714331051556592
NY,housing,3.0,medium,302,0.0136111111111111,-0.0654964449881298,0.2346938775510204,0.0,0.2002178058543019,0.1644117352220897
NY,housing,3.0,medium,303,0.0179166666666666,-0.0680521243572545,0.4263565891472868,0.0,0.2015203995947021,0.18333079941166
NY,housing,3.0,medium,304,0.0154166666666666,-0.0659554947438201,0.2522522522522522,0.0,0.199542864670085,0.1895095900621751
NY,housing,3.0,medium,305,0.0181944444444444,-0.0877857228866767,0.4503816793893129,0.0,0.1986305558867668,0.1746397594336144
NY,housing,3.0,medium,306,0.0156944444444444,-0.0632026592013582,0.2743362831858407,0.0,0.1994187824529248,0.1766962640164201
NY,housing,3.0,medium,307,0.0165277777777777,-0.0733426672765764,0.3193277310924369,0.0,0.1992769926297185,0.1722964676837599
NY,housing,3.0,medium,308,0.0190277777777777,-0.0676154157002428,0.3941605839416058,0.0,0.1994822071357086,0.1733834753402685
NY,housing,3.5,medium,301,0.0181944444444444,-0.0445717852633559,0.2290076335877862,0.0084033613445378,0.2003011418311274,0.1743454602376048
NY,housing,3.5,medium,302,0.0233333333333333,-0.1373506973128463,0.4345238095238095,0.0064102564102564,0.1990061541005651,0.2030895294244399
NY,housing,3.5,medium,303,0.0197222222222222,-0.0792930371177573,0.4014084507042254,0.0,0.2010700161922518,0.1853065724144906
NY,housing,3.5,medium,304,0.0206944444444444,-0.1033836360031068,0.3087248322147651,0.0,0.2007370444243243,0.1869696504922885
NY,housing,3.5,medium,305,0.0243055555555555,-0.1217674227894698,0.4171428571428571,0.0,0.1996114327179538,0.1968816162673916
NY,housing,3.5,medium,306,0.0233333333333333,-0.1225927170716405,0.4345238095238095,0.0,0.1982603323080109,0.2006068878437774
NY,housing,3.5,medium,307,0.0194444444444444,-0.0838079365242756,0.3785714285714285,0.0,0.1998692290274568,0.1805522411580535
NY,housing,3.5,medium,308,0.0179166666666666,-0.0750314530292229,0.3410852713178294,0.0,0.1993632255528641,0.1784429427431545
NY,housing,4.0,medium,301,0.0225,-0.0654195045339867,0.3703703703703703,0.0,0.1987359894394469,0.1881406766836047
NY,housing,4.0,medium,302,0.0223611111111111,-0.1178965954376757,0.3291925465838509,0.0,0.2004661872874445,0.1953984697249351
NY,housing,4.0,medium,303,0.0201388888888888,-0.1103292363587237,0.4620689655172413,0.0,0.1994093658779097,0.2001698447844185
NY,housing,4.0,medium,304,0.0263888888888888,-0.1361118006172605,0.4789473684210526,0.0,0.2002638039705102,0.2110609470304119
NY,housing,4.0,medium,305,0.0276388888888888,-0.1366264794439677,0.4874371859296482,0.0,0.2002992666940477,0.2178230492617016
NY,housing,4.0,medium,306,0.0244444444444444,-0.1320351519492619,0.3636363636363636,0.0060975609756097,0.1998767678413999,0.2083863722965965
NY,housing,4.0,medium,307,0.0209722222222222,-0.098138938831178,0.2980132450331126,0.0,0.1996687385690738,0.1910089835609233
NY,housing,4.0,medium,308,0.0226388888888888,-0.0996190395343123,0.4294478527607362,0.0,0.1997977158258123,0.1954961935016285
NY,housing,5.0,medium,301,0.0347222222222222,-0.1638819182108763,0.58,0.0088105726872246,0.1992053278845546,0.2409264052036946
NY,housing,5.0,medium,302,0.0347222222222222,-0.1972313978811446,0.516,0.0087336244541484,0.1999498982309424,0.2469562014692924
NY,housing,5.0,medium,303,0.0351388888888888,-0.1492110392747046,0.5177865612648221,0.0043290043290043,0.200336145829589,0.2523812625460865
NY,housing,5.0,medium,304,0.0245833333333333,-0.1442130890675876,0.4406779661016949,0.0,0.200161167773846,0.2033644070728576
NY,housing,5.0,medium,305,0.0331944444444444,-0.1740376400424067,0.497907949790795,0.0046728971962616,0.1992937995871107,0.2415502149646856
NY,housing,5.0,medium,306,0.0348611111111111,-0.1635307319370738,0.549800796812749,0.0,0.199748933797339,0.2580570073417178
NY,housing,5.0,medium,307,0.03,-0.1337189973467127,0.4351851851851852,0.0100502512562814,0.2003498606254879,0.2242357115013408
NY,housing,5.0,medium,308,0.0356944444444444,-0.1394004380154221,0.5719844357976653,0.0,0.1986805819719294,0.2371070600250217
NY,housing,6.0,medium,301,0.0429166666666666,-0.1819684068837702,0.5857605177993528,0.0034965034965034,0.1995687452321074,0.2851359315585653
NY,housing,6.0,medium,302,0.0497222222222222,-0.2377268149369179,0.6368715083798883,0.0060240963855421,0.1992309277244912,0.3561083476987722
NY,housing,6.0,medium,303,0.0431944444444444,-0.2075944109849493,0.594855305466238,0.0,0.1987415197276273,0.3142396516973329
NY,housing,6.0,medium,304,0.0473611111111111,-0.2343754340945422,0.6158357771260997,0.0,0.1998169136452858,0.3248221283705372
NY,housing,6.0,medium,305,0.0479166666666666,-0.2104827942451592,0.6144927536231884,0.0186335403726708,0.1995197709254682,0.3246227663654655
NY,housing,6.0,medium,306,0.0480555555555555,-0.2471481689466387,0.630057803468208,0.0,0.1986213748733609,0.3599733339952277
NY,housing,6.0,medium,307,0.0426388888888888,-0.2056652079609513,0.6058631921824105,0.0,0.1999065643037096,0.3066188966557288
NY,housing,6.0,medium,308,0.0475,-0.2248417520236955,0.631578947368421,0.0,0.199859195709791,0.3214191049243361
NY,housing,0.0,strong,301,0.0054166666666666,0.0202904884161179,0.2307692307692307,0.027027027027027,0.2011380738152846,0.1725598670292046
NY,housing,0.0,strong,302,0.00625,-0.0040890190315774,0.1333333333333333,0.0,0.1996836850736665,0.1673840470317662
NY,housing,0.0,strong,303,0.0059722222222222,0.0069080139524797,0.1860465116279069,0.0,0.1982085181419761,0.1768251386000996
NY,housing,0.0,strong,304,0.0038888888888888,-0.0289913378552584,0.0357142857142857,0.0,0.2008344305219132,0.1814886601821332
NY,housing,0.0,strong,305,0.0052777777777777,-0.0148548453089874,0.1578947368421052,0.0294117647058823,0.2011999089792577,0.1835660242465212
NY,housing,0.0,strong,306,0.0061111111111111,0.02402077500284,0.0681818181818181,0.0,0.2018944535364041,0.1792597167777375
NY,housing,0.0,strong,307,0.0070833333333333,-0.0255397892021204,0.1372549019607843,0.0,0.2017962456535172,0.1701960630884791
NY,housing,0.0,strong,308,0.0072222222222222,-0.0210821092802026,0.1923076923076923,0.0217391304347826,0.2008660023569903,0.168036304655909
NY,housing,0.5,strong,301,0.0051388888888888,0.0221240806634955,0.054054054054054,0.0,0.200668976142873,0.1646485873146143
NY,housing,0.5,strong,302,0.0063888888888888,-0.018383506653931,0.1739130434782608,0.0,0.2015360966870258,0.158319524667285
NY,housing,0.5,strong,303,0.0077777777777777,0.0062663290938234,0.1607142857142857,0.0,0.2005797341154215,0.1699491352317217
NY,housing,0.5,strong,304,0.0047222222222222,-0.0266267449102978,0.2352941176470588,0.0,0.1998076907630072,0.1743415297915293
NY,housing,0.5,strong,305,0.0075,-0.0385338016986328,0.1851851851851851,0.0,0.199334749969504,0.170425745439893
NY,housing,0.5,strong,306,0.0073611111111111,-0.0194244467830356,0.1132075471698113,0.0,0.1998434865552873,0.1724886348947331
NY,housing,0.5,strong,307,0.0065277777777777,-0.0407924583345555,0.0638297872340425,0.0,0.2012505429704277,0.170503033810558
NY,housing,0.5,strong,308,0.0052777777777777,-0.0470165615352179,0.1578947368421052,0.0,0.1998625547668725,0.1757634046125616
NY,housing,1.0,strong,301,0.0073611111111111,-0.0558852392362352,0.2264150943396226,0.0392156862745098,0.1992325533840539,0.1735441439476854
NY,housing,1.0,strong,302,0.0090277777777777,-0.0381605074671593,0.2769230769230769,0.0,0.2023596399888601,0.1652895744024635
NY,housing,1.0,strong,303,0.0093055555555555,-0.0458738039553547,0.2686567164179104,0.0158730158730158,0.2006976400470221,0.170090501777349
NY,housing,1.0,strong,304,0.0077777777777777,-0.0075833070061231,0.0535714285714285,0.0,0.1998277465568216,0.1759239068524347
NY,housing,1.0,strong,305,0.0116666666666666,-0.0419328190090216,0.25,0.0,0.198648688305423,0.1821392835407276
NY,housing,1.0,strong,306,0.0075,-0.0495190660195953,0.2037037037037037,0.0,0.1991066150786627,0.1756796168890901
NY,housing,1.0,strong,307,0.0098611111111111,-0.0247484257703998,0.1971830985915492,0.0,0.2005008608189527,0.1657041358028256
NY,housing,1.0,strong,308,0.0090277777777777,-0.0084078593274247,0.2615384615384615,0.0,0.1997800229211527,0.1663872560029925
NY,housing,1.5,strong,301,0.0098611111111111,-0.0255513696938996,0.1971830985915492,0.0,0.2011067781754887,0.1634823803148486
NY,housing,1.5,strong,302,0.0123611111111111,-0.062193911969386,0.2921348314606741,0.0,0.2002661644293283,0.1610434386305425
NY,housing,1.5,strong,303,0.0090277777777777,-0.0309799739097259,0.2461538461538461,0.0,0.1995681536550892,0.170399571207967
NY,housing,1.5,strong,304,0.0102777777777777,-0.0426557234537411,0.2432432432432432,0.0,0.2001693589624131,0.1729982529495147
NY,housing,1.5,strong,305,0.0104166666666666,-0.0459868670157323,0.2666666666666666,0.0,0.2006737055488946,0.1820996607340061
NY,housing,1.5,strong,306,0.0104166666666666,-0.0544334067240379,0.2533333333333333,0.0,0.2008445085834746,0.1825761456072869
NY,housing,1.5,strong,307,0.0111111111111111,-0.0331484840701972,0.2625,0.0277777777777777,0.1990702448705799,0.166618460447802
NY,housing,1.5,strong,308,0.0106944444444444,-0.0555430588609627,0.3506493506493506,0.0,0.1996080011528502,0.1750073408253738
NY,housing,2.0,strong,301,0.01125,-0.0488078199962123,0.1481481481481481,0.0136986301369863,0.200929335839528,0.1731034555488765
NY,housing,2.0,strong,302,0.0126388888888888,-0.0931956750762071,0.2967032967032967,0.0232558139534883,0.1987636014340386,0.1607011678302011
NY,housing,2.0,strong,303,0.0151388888888888,-0.0873037649100398,0.3853211009174312,0.0,0.1999485903211243,0.1742197441500642
NY,housing,2.0,strong,304,0.0120833333333333,-0.0550230774574119,0.2873563218390804,0.0,0.1999684070546356,0.182090153315302
NY,housing,2.0,strong,305,0.0140277777777777,-0.0551836300242029,0.3366336633663366,0.0206185567010309,0.1995376896423933,0.1820751187284187
NY,housing,2.0,strong,306,0.0123611111111111,-0.0384393400498953,0.2134831460674157,0.0,0.2002907342517512,0.1873048267255648
NY,housing,2.0,strong,307,0.0116666666666666,-0.037416373405434,0.3095238095238095,0.0,0.2003051141518782,0.1644689164319376
NY,housing,2.0,strong,308,0.0113888888888888,-0.0520271468415256,0.1951219512195122,0.0,0.200070745932977,0.1866737013729976
NY,housing,2.5,strong,301,0.0129166666666666,-0.0458897395345628,0.3118279569892473,0.0232558139534883,0.1989883156684045,0.1671687897247631
NY,housing,2.5,strong,302,0.0154166666666666,-0.0803762892197141,0.3693693693693693,0.0,0.2027918937875255,0.1719994447747229
NY,housing,2.5,strong,303,0.0166666666666666,-0.072364271113774,0.45,0.0,0.2016653592869461,0.1791190144153911
NY,housing,2.5,strong,304,0.0186111111111111,-0.1323412558128595,0.3507462686567164,0.0,0.1987754803277301,0.1977782366156015
NY,housing,2.5,strong,305,0.0194444444444444,-0.1080539651972909,0.3714285714285714,0.0077519379844961,0.1986614703951087,0.1837511269409696
NY,housing,2.5,strong,306,0.0144444444444444,-0.0695495325782773,0.2692307692307692,0.0,0.2006464530053443,0.1853750975591022
NY,housing,2.5,strong,307,0.0179166666666666,-0.089813900225406,0.4883720930232558,0.0,0.1979588549805065,0.1814964748205752
NY,housing,2.5,strong,308,0.0198611111111111,-0.1224585403645266,0.5104895104895105,0.0078125,0.1999343972332474,0.1929080704783747
NY,housing,3.0,strong,301,0.0145833333333333,-0.0555831849292623,0.2095238095238095,0.0,0.1986250685290549,0.1708056010826994
NY,housing,3.0,strong,302,0.02,-0.1083033840127139,0.4583333333333333,0.0074074074074074,0.199989293637941,0.1771468910236401
NY,housing,3.0,strong,303,0.01875,-0.0773634944496273,0.3407407407407407,0.0161290322580645,0.2000150339734246,0.1828160820588306
NY,housing,3.0,strong,304,0.0201388888888888,-0.0922478685705395,0.3655172413793103,0.0076335877862595,0.2001495572371126,0.2069331265649975
NY,housing,3.0,strong,305,0.0205555555555555,-0.0874953966911577,0.3783783783783784,0.0,0.1994233762627668,0.1930122265704811
NY,housing,3.0,strong,306,0.0208333333333333,-0.1036720057706232,0.4333333333333333,0.0,0.1998658182008974,0.2050060313937389
NY,housing,3.0,strong,307,0.0198611111111111,-0.0837316550244548,0.3496503496503496,0.0,0.1995906767429686,0.1857049192658753
NY,housing,3.0,strong,308,0.0241666666666666,-0.1165337614870307,0.5,0.0,0.1998518953245153,0.2024922515744823
NY,housing,3.5,strong,301,0.0165277777777777,-0.079074352074522,0.3109243697478991,0.009090909090909,0.1996020269459386,0.1857760788677644
NY,housing,3.5,strong,302,0.0256944444444444,-0.1358949836982742,0.4702702702702703,0.0056497175141242,0.1995681874929192,0.2088877364461811
NY,housing,3.5,strong,303,0.0243055555555555,-0.1254556156040598,0.4114285714285714,0.0,0.1995808093799276,0.2134481360970684
NY,housing,3.5,strong,304,0.0258333333333333,-0.1148276991853915,0.4516129032258064,0.0,0.1996468738234067,0.2130895744029082
NY,housing,3.5,strong,305,0.0244444444444444,-0.1089444127886356,0.4772727272727273,0.0,0.2001622906348568,0.2041075365231834
NY,housing,3.5,strong,306,0.0197222222222222,-0.0961537489431008,0.4154929577464789,0.0,0.2004497394494648,0.1937677592626733
NY,housing,3.5,strong,307,0.0209722222222222,-0.114732118369559,0.3443708609271523,0.0,0.1997762522639637,0.1944794162311645
NY,housing,3.5,strong,308,0.0230555555555555,-0.1075919421080931,0.3795180722891566,0.0,0.2002323388003614,0.2006076641258402
NY,housing,4.0,strong,301,0.0225,-0.1205299337635036,0.4135802469135802,0.006578947368421,0.2015901071508773,0.1990984771151088
NY,housing,4.0,strong,302,0.0298611111111111,-0.1547404110310999,0.4,0.0,0.1992932651082142,0.2351368985907667
NY,housing,4.0,strong,303,0.0316666666666666,-0.1433146687139838,0.5263157894736842,0.0051282051282051,0.1990730795322525,0.2313900422693127
NY,housing,4.0,strong,304,0.0261111111111111,-0.1335278932706413,0.4414893617021276,0.0,0.1993393051668968,0.2236779063315973
NY,housing,4.0,strong,305,0.02375,-0.0956119109396999,0.4561403508771929,0.0,0.2012571038676546,0.2044451754289664
NY,housing,4.0,strong,306,0.0280555555555555,-0.1406228130138268,0.4851485148514851,0.0053763440860215,0.1991541134127217,0.223030640804499
NY,housing,4.0,strong,307,0.0266666666666666,-0.1221083047179378,0.4635416666666667,0.0,0.2001707416515293,0.203509951006992
NY,housing,4.0,strong,308,0.0268055555555555,-0.1173856124774316,0.4922279792746113,0.0057142857142857,0.199353153383727,0.2078449669166992
NY,housing,5.0,strong,301,0.0388888888888888,-0.1758621702425959,0.6071428571428571,0.0038610038610038,0.1994541781471443,0.2645795311279268
NY,housing,5.0,strong,302,0.0418055555555555,-0.2241728251777932,0.6312292358803987,0.0036363636363636,0.1988075288299996,0.309316261333368
NY,housing,5.0,strong,303,0.0381944444444444,-0.1896590184364845,0.56,0.0078431372549019,0.1995960766368993,0.2810515371580239
NY,housing,5.0,strong,304,0.0415277777777777,-0.2127960619546951,0.6421404682274248,0.0036363636363636,0.1996298658139485,0.3067843404009771
NY,housing,5.0,strong,305,0.0468055555555555,-0.2170948207031416,0.7002967359050445,0.0096774193548387,0.1992299169638645,0.3285845551596421
NY,housing,5.0,strong,306,0.0443055555555555,-0.2191339348570322,0.6300940438871473,0.0034722222222222,0.1998148633109503,0.3294517455180156
NY,housing,5.0,strong,307,0.0375,-0.1884263866732217,0.5666666666666667,0.0039682539682539,0.1986030230242274,0.2712558167342731
NY,housing,5.0,strong,308,0.0347222222222222,-0.1784967947176722,0.552,0.0,0.1988369101202319,0.2485071153884422
NY,housing,6.0,strong,301,0.0543055555555555,-0.2467222263155395,0.7186700767263428,0.0111111111111111,0.1995144859426974,0.3847927284799312
NY,housing,6.0,strong,302,0.0645833333333333,-0.3184631451437211,0.7505376344086021,0.0114678899082568,0.1997908277000741,0.5376071938512378
NY,housing,6.0,strong,303,0.0620833333333333,-0.3066550868963985,0.7449664429530202,0.0095923261390887,0.1998776906266054,0.5103415287569237
NY,housing,6.0,strong,304,0.0636111111111111,-0.3240254091716784,0.759825327510917,0.0,0.1993767996975716,0.5084001180282849
NY,housing,6.0,strong,305,0.0573611111111111,-0.2900546860713698,0.7796610169491526,0.0154639175257731,0.1999707620981033,0.4351070943808038
NY,housing,6.0,strong,306,0.0536111111111111,-0.2787114904969681,0.7098445595854922,0.0084269662921348,0.1995402136207588,0.3985198129798666
NY,housing,6.0,strong,307,0.0530555555555555,-0.2512142311548438,0.6570680628272252,0.0028490028490028,0.1992637433970612,0.3990768237013087
NY,housing,6.0,strong,308,0.06875,-0.3225468952943456,0.8080808080808081,0.0044444444444444,0.199050931181949,0.52636208593395
NY,housing,0.0,weak,301,0.0030555555555555,0.0037493982558092,0.0909090909090909,0.0,0.200482581569172,0.1628372620464315
NY,housing,0.0,weak,302,0.0047222222222222,-0.0092625363839374,0.1470588235294117,0.0,0.2012390201731223,0.1605492432701466
NY,housing,0.0,weak,303,0.0052777777777777,0.0636680658488191,0.131578947368421,0.0,0.1994523367828882,0.1662823886908301
NY,housing,0.0,weak,304,0.0031944444444444,0.013909768398895,0.0869565217391304,0.0,0.2001867137314621,0.1711129056097104
NY,housing,0.0,weak,305,0.0043055555555555,0.0059653303556633,0.032258064516129,0.0,0.2009354643669642,0.1613606293615909
NY,housing,0.0,weak,306,0.00625,0.031676105885168,0.1777777777777777,0.0454545454545454,0.1998084443594777,0.1582785889172911
NY,housing,0.0,weak,307,0.0052777777777777,0.0018280980461214,0.0263157894736842,0.0,0.2004309488926827,0.1579175901693262
NY,housing,0.0,weak,308,0.0045833333333333,-0.0196542443867891,0.0303030303030303,0.0333333333333333,0.1985650201480402,0.1592564939051579
NY,housing,0.5,weak,301,0.0055555555555555,0.0321323036031371,0.125,0.0256410256410256,0.2005355949303184,0.1485888572510807
NY,housing,0.5,weak,302,0.0056944444444444,-0.0628308797033875,0.1463414634146341,0.0,0.2013888633245645,0.1642801435076375
NY,housing,0.5,weak,303,0.0073611111111111,0.0147328073670334,0.1132075471698113,0.0,0.2010585771527162,0.1601648050547796
NY,housing,0.5,weak,304,0.0066666666666666,-0.0226007652691955,0.0625,0.0,0.2001413970882613,0.1649403000088428
NY,housing,0.5,weak,305,0.0059722222222222,-0.0229849850271184,0.1395348837209302,0.0,0.199044018089973,0.1649609957000736
NY,housing,0.5,weak,306,0.0051388888888888,-0.0533765996787046,0.2432432432432432,0.0,0.2005601693928881,0.1697782468868812
NY,housing,0.5,weak,307,0.0058333333333333,0.0312387994070316,0.0714285714285714,0.0,0.200615959790238,0.1549467801859863
NY,housing,0.5,weak,308,0.0059722222222222,0.0107499235092758,0.0930232558139534,0.0,0.1997797843735335,0.1671559306347194
NY,housing,1.0,weak,301,0.0077777777777777,-0.0076412896935954,0.0892857142857142,0.0188679245283018,0.201285130882363,0.1613000823530397
NY,housing,1.0,weak,302,0.0065277777777777,-0.014205094369633,0.1276595744680851,0.0,0.2005723208905137,0.1483137541749478
NY,housing,1.0,weak,303,0.0066666666666666,-0.0162024565668368,0.1666666666666666,0.0,0.1996343371319289,0.1554152158725163
NY,housing,1.0,weak,304,0.0068055555555555,-0.0378555035524116,0.1632653061224489,0.0,0.2006743163167943,0.1633327219779715
NY,housing,1.0,weak,305,0.0079166666666666,-0.0517061527516288,0.3684210526315789,0.0,0.2024213234887263,0.1671401900080662
NY,housing,1.0,weak,306,0.0054166666666666,-0.0300308936092501,0.1282051282051282,0.0,0.1991778846020939,0.1702607502072052
NY,housing,1.0,weak,307,0.0051388888888888,0.0110601461001842,0.2702702702702703,0.0,0.1998166713484322,0.1598123627327462
NY,housing,1.0,weak,308,0.0073611111111111,0.0101542567170183,0.1509433962264151,0.0,0.2002028297092448,0.1621516345466376
NY,housing,1.5,weak,301,0.0091666666666666,-0.0427500903339414,0.1969696969696969,0.0,0.2002969184919851,0.1587066861770763
NY,housing,1.5,weak,302,0.0072222222222222,-0.0075364036276448,0.1346153846153846,0.0,0.2005727886106267,0.1502062333852618
NY,housing,1.5,weak,303,0.0093055555555555,-0.0082141808964225,0.2686567164179104,0.0,0.2015226156651882,0.1578117024256177
NY,housing,1.5,weak,304,0.0097222222222222,-0.0337399641898463,0.1428571428571428,0.0,0.1990154804329849,0.1661301250896183
NY,housing,1.5,weak,305,0.0084722222222222,-0.0290569910405299,0.180327868852459,0.0,0.1996581727117823,0.1617503060811724
NY,housing,1.5,weak,306,0.0098611111111111,-0.0005946870238522,0.2394366197183098,0.0,0.2008247462371591,0.169216626533985
NY,housing,1.5,weak,307,0.0088888888888888,0.0014585259412136,0.15625,0.0,0.2010035343736195,0.162439810443627
NY,housing,1.5,weak,308,0.01,-0.0166316817863642,0.1944444444444444,0.0,0.1995263611605103,0.1595711848652193
NY,housing,2.0,weak,301,0.0097222222222222,-0.0026679919501195,0.1428571428571428,0.0151515151515151,0.2006415657937016,0.1519191384621865
NY,housing,2.0,weak,302,0.0105555555555555,-0.0619952643910761,0.2763157894736842,0.0,0.2006294769835109,0.1544186219964373
NY,housing,2.0,weak,303,0.0115277777777777,-0.010128106531067,0.3132530120481928,0.0,0.2001871976209648,0.1660569205972384
NY,housing,2.0,weak,304,0.0104166666666666,-0.0407898336154036,0.2266666666666666,0.0,0.1992676990547642,0.1708000327502004
NY,housing,2.0,weak,305,0.0113888888888888,-0.0257129481832783,0.2560975609756097,0.0140845070422535,0.1997808235064535,0.1568640851871471
NY,housing,2.0,weak,306,0.0105555555555555,-0.0315774924150579,0.1842105263157894,0.0,0.2015681651037471,0.1649692583730263
NY,housing,2.0,weak,307,0.0105555555555555,-0.0039988301052551,0.3026315789473684,0.0,0.1997790423498484,0.160126369757237
NY,housing,2.0,weak,308,0.0106944444444444,-0.0358012110337069,0.2727272727272727,0.0,0.198802431867442,0.1626651931784182
NY,housing,2.5,weak,301,0.0120833333333333,-0.0202374107849323,0.1264367816091954,0.0240963855421686,0.1999994020099601,0.1625209584998451
NY,housing,2.5,weak,302,0.0123611111111111,-0.0544243311496245,0.2584269662921348,0.0,0.1991883404000289,0.1613384936853587
NY,housing,2.5,weak,303,0.0120833333333333,-0.0418782812963456,0.1954022988505747,0.0,0.2003124580850626,0.1622012710012196
NY,housing,2.5,weak,304,0.0125,-0.0670293317618472,0.3333333333333333,0.0,0.1986154859917841,0.1722679902916976
NY,housing,2.5,weak,305,0.0147222222222222,-0.0394822484532211,0.3018867924528302,0.0,0.2012014553542796,0.1728696257013785
NY,housing,2.5,weak,306,0.0131944444444444,-0.0434340042422422,0.2210526315789473,0.0,0.2005345088571269,0.1637488570132048
NY,housing,2.5,weak,307,0.0118055555555555,-0.0455316775452046,0.2117647058823529,0.0,0.1989164666304815,0.1657705331086588
NY,housing,2.5,weak,308,0.0138888888888888,-0.0618858433662648,0.19,0.0,0.2003218655434594,0.1599950421506443
NY,housing,3.0,weak,301,0.0148611111111111,-0.0343343389580019,0.2149532710280373,0.0,0.2016423910499079,0.1630111767184279
NY,housing,3.0,weak,302,0.0159722222222222,-0.0922841777150641,0.3478260869565217,0.0,0.1989608236341352,0.1666348982373438
NY,housing,3.0,weak,303,0.0151388888888888,-0.0567997786634356,0.3119266055045872,0.0,0.1990401642137509,0.1751154886599682
NY,housing,3.0,weak,304,0.0140277777777777,-0.0763542234660511,0.2871287128712871,0.0,0.2001273559831191,0.1687167167627616
NY,housing,3.0,weak,305,0.0155555555555555,-0.0521067440031032,0.2589285714285714,0.0,0.2012184292422779,0.1757901637675719
NY,housing,3.0,weak,306,0.01375,-0.0990675323045039,0.303030303030303,0.0,0.1994124232460006,0.1727668561801147
NY,housing,3.0,weak,307,0.0151388888888888,-0.044506007680165,0.2935779816513761,0.0,0.1989853938274399,0.1666332045342899
NY,housing,3.0,weak,308,0.0163888888888888,-0.0729195007389826,0.3050847457627119,0.0,0.1999539851628229,0.1799086123497651
NY,housing,3.5,weak,301,0.0163888888888888,-0.0538070090462973,0.3050847457627119,0.0097087378640776,0.1995699966497009,0.161355300146999
NY,housing,3.5,weak,302,0.0175,-0.1110973466965446,0.3015873015873015,0.0,0.2008415418346681,0.1807865948584614
NY,housing,3.5,weak,303,0.0202777777777777,-0.05997590334435,0.3767123287671233,0.0,0.1994079111220506,0.1794317978569899
NY,housing,3.5,weak,304,0.0165277777777777,-0.0527392449856184,0.2941176470588235,0.0,0.2010489759187093,0.1704350436258218
NY,housing,3.5,weak,305,0.0175,-0.0695551050614528,0.2857142857142857,0.0,0.2000127526823446,0.1694946638858792
NY,housing,3.5,weak,306,0.01375,-0.0638030282761111,0.2828282828282828,0.0,0.1994009831229722,0.1768046735287712
NY,housing,3.5,weak,307,0.0169444444444444,-0.090544392920469,0.3360655737704918,0.0,0.2002254562680765,0.1676330701143168
NY,housing,3.5,weak,308,0.0183333333333333,-0.0759420573801838,0.3484848484848485,0.0,0.199986629305516,0.1779263861984414
NY,housing,4.0,weak,301,0.0202777777777777,-0.0669085431004195,0.4041095890410959,0.0074626865671641,0.1997293988890948,0.1781813216921626
NY,housing,4.0,weak,302,0.0208333333333333,-0.1302445388754181,0.4,0.0,0.1995185788987273,0.1816513882429229
NY,housing,4.0,weak,303,0.0194444444444444,-0.065501254224462,0.4714285714285714,0.0,0.199811782920191,0.1761105378837541
NY,housing,4.0,weak,304,0.0184722222222222,-0.088937257504814,0.3082706766917293,0.0,0.2008046572027042,0.1756223091506835
NY,housing,4.0,weak,305,0.0219444444444444,-0.0924101880365391,0.3670886075949367,0.0136054421768707,0.2005929917951902,0.1856301626468138
NY,housing,4.0,weak,306,0.0208333333333333,-0.0776957824146441,0.3333333333333333,0.0,0.1999657006206494,0.1878186452809138
NY,housing,4.0,weak,307,0.0173611111111111,-0.0695931367887038,0.336,0.0,0.2003687258553342,0.180372051999821
NY,housing,4.0,weak,308,0.0229166666666666,-0.0839382531912286,0.3757575757575757,0.0132450331125827,0.1999485151744795,0.1992291027370624
NY,housing,5.0,weak,301,0.0255555555555555,-0.095257928487204,0.4782608695652174,0.0059171597633136,0.2007489061928603,0.1980227671587154
NY,housing,5.0,weak,302,0.0273611111111111,-0.1354954567047614,0.416243654822335,0.005524861878453,0.1995363168387909,0.2079172655590001
NY,housing,5.0,weak,303,0.02875,-0.1257772318062723,0.4830917874396135,0.0053763440860215,0.2004887852795543,0.2147078844145353
NY,housing,5.0,weak,304,0.0251388888888888,-0.1116390993095842,0.3480662983425414,0.0,0.2004626385294549,0.2025648615704685
NY,housing,5.0,weak,305,0.0258333333333333,-0.122218438383996,0.4086021505376344,0.0,0.2003453207055882,0.1964933130928228
NY,housing,5.0,weak,306,0.0275,-0.1245428937882166,0.4242424242424242,0.0,0.2000275148994985,0.2161126190223271
NY,housing,5.0,weak,307,0.0216666666666666,-0.0682996284698768,0.2692307692307692,0.0,0.1990141360939379,0.1843874645897946
NY,housing,5.0,weak,308,0.0306944444444444,-0.1296057401490654,0.4796380090497738,0.0050761421319796,0.200212632005293,0.2199854747872689
NY,housing,6.0,weak,301,0.0352777777777777,-0.128755477473928,0.5669291338582677,0.0,0.2001505738342507,0.2366808195362785
NY,housing,6.0,weak,302,0.0402777777777777,-0.1850586649893857,0.5620689655172414,0.0,0.1990129140696194,0.2836870062881214
NY,housing,6.0,weak,303,0.0365277777777777,-0.1721886858186543,0.5627376425855514,0.0,0.2003140231488564,0.2648240231231145
NY,housing,6.0,weak,304,0.0366666666666666,-0.1749866539551233,0.5606060606060606,0.0,0.1996237580188523,0.2507902615207791
NY,housing,6.0,weak,305,0.0388888888888888,-0.1652077384593536,0.5642857142857143,0.0194552529182879,0.1996160801153904,0.2522795178990594
NY,housing,6.0,weak,306,0.0379166666666666,-0.1728376414145662,0.5457875457875457,0.0039215686274509,0.1991038787915294,0.2748365243644029
NY,housing,6.0,weak,307,0.0334722222222222,-0.1600203215044681,0.5394190871369294,0.0045454545454545,0.1998505825678229,0.2256320446290294
NY,housing,6.0,weak,308,0.0423611111111111,-0.1965166392464898,0.6327868852459017,0.0036496350364963,0.1995967947465329,0.2710912599935305
NY,migration_incentive,0.0,medium,301,0.0043055555555555,0.0477392136322638,0.0,0.0,0.1999999325894016,0.1632711329706044
NY,migration_incentive,0.0,medium,302,0.0054166666666666,-0.0617008313683509,0.0512820512820512,0.0,0.2007472827973788,0.1614362026673199
NY,migration_incentive,0.0,medium,303,0.0047222222222222,0.074751637541325,0.0588235294117647,0.032258064516129,0.2002551253963655,0.1577774984391701
NY,migration_incentive,0.0,medium,304,0.0056944444444444,-0.0101549947991203,0.1219512195121951,0.0,0.2007954639803375,0.1735076562348055
NY,migration_incentive,0.0,medium,305,0.0052777777777777,0.0130413797728446,0.1842105263157894,0.0,0.1989523457291222,0.1675580714575018
NY,migration_incentive,0.0,medium,306,0.0036111111111111,-0.040793865787348,0.0769230769230769,0.0,0.1992783823085979,0.1689180696925606
NY,migration_incentive,0.0,medium,307,0.0056944444444444,0.0241137591620861,0.1219512195121951,0.0,0.201595813279939,0.1734680565822572
NY,migration_incentive,0.0,medium,308,0.0045833333333333,-0.0042338545517197,0.1818181818181818,0.0344827586206896,0.1983648412988791,0.1705863512414516
NY,migration_incentive,0.5,medium,301,0.0055555555555555,-0.063689440439867,0.1,0.0526315789473684,0.2011997458533046,0.1583023749376099
NY,migration_incentive,0.5,medium,302,0.0056944444444444,-0.0094577987901781,0.1219512195121951,0.0,0.1999997685322827,0.1621386639002373
NY,migration_incentive,0.5,medium,303,0.0076388888888888,-0.0412926951756881,0.2,0.0,0.1987719399756297,0.1639341599777557
NY,migration_incentive,0.5,medium,304,0.0058333333333333,-0.0056314437830855,0.119047619047619,0.05,0.2001441454955415,0.1744394774002725
NY,migration_incentive,0.5,medium,305,0.0073611111111111,0.0108723688125278,0.0,0.0208333333333333,0.2008363662712911,0.1690383685740495
NY,migration_incentive,0.5,medium,306,0.0063888888888888,-0.045585906196982,0.0869565217391304,0.0232558139534883,0.1993631380534693,0.178572434412996
NY,migration_incentive,0.5,medium,307,0.00625,-0.0244352829269862,0.1333333333333333,0.0232558139534883,0.1984109472737736,0.166703830752274
NY,migration_incentive,0.5,medium,308,0.0080555555555555,-0.0262681643364424,0.2068965517241379,0.0377358490566037,0.1997922749534973,0.164269409689244
NY,migration_incentive,1.0,medium,301,0.0065277777777777,-0.0356745772897438,0.1914893617021276,0.0416666666666666,0.2003744156336943,0.1611314561216478
NY,migration_incentive,1.0,medium,302,0.00875,-0.0414560140950889,0.1746031746031746,0.0178571428571428,0.2009495761059563,0.16037129476326
NY,migration_incentive,1.0,medium,303,0.0077777777777777,-0.0269665789231866,0.0892857142857142,0.0188679245283018,0.2001326561681645,0.1678598569212589
NY,migration_incentive,1.0,medium,304,0.0101388888888888,-0.0545637077882868,0.1780821917808219,0.0158730158730158,0.1998798925041621,0.170579730460424
NY,migration_incentive,1.0,medium,305,0.0088888888888888,-0.0070157933787298,0.203125,0.0689655172413793,0.2001394166949622,0.1635373517367747
NY,migration_incentive,1.0,medium,306,0.0069444444444444,-0.0454111296241793,0.02,0.0625,0.2002818093335654,0.1686476963497046
NY,migration_incentive,1.0,medium,307,0.0088888888888888,-0.026532289876711,0.25,0.0,0.1999416081358199,0.1616818738798644
NY,migration_incentive,1.0,medium,308,0.0080555555555555,0.0240547147083272,0.2241379310344827,0.1052631578947368,0.2007432374588883,0.1757132298935861
NY,migration_incentive,1.5,medium,301,0.0105555555555555,-0.0300352575468608,0.2105263157894736,0.1392405063291139,0.2005074641751738,0.164787398645258
NY,migration_incentive,1.5,medium,302,0.0113888888888888,-0.0467258458645075,0.2195121951219512,0.0384615384615384,0.2002897192351293,0.1635847937790793
NY,migration_incentive,1.5,medium,303,0.0091666666666666,-0.0266815790769274,0.1212121212121212,0.046875,0.1993994065071386,0.1650105816384459
NY,migration_incentive,1.5,medium,304,0.0102777777777777,-0.0581619974296911,0.2162162162162162,0.0675675675675675,0.2005119730106705,0.1677210454181298
NY,migration_incentive,1.5,medium,305,0.0108333333333333,-0.0507013595210619,0.2307692307692307,0.1066666666666666,0.2001772427627531,0.1610264160714848
NY,migration_incentive,1.5,medium,306,0.0093055555555555,-0.0662992604830597,0.1791044776119403,0.0625,0.1997492985900593,0.1723249374240772
NY,migration_incentive,1.5,medium,307,0.0118055555555555,-0.0384596243541545,0.2235294117647059,0.0853658536585365,0.1996857443910487,0.1644197578189104
NY,migration_incentive,1.5,medium,308,0.0102777777777777,-0.0314023367957457,0.2162162162162162,0.0434782608695652,0.1992835384361429,0.1664372469925619
NY,migration_incentive,2.0,medium,301,0.0098611111111111,-0.0165947834214486,0.1408450704225352,0.16,0.2013389477688108,0.1570909367364502
NY,migration_incentive,2.0,medium,302,0.0156944444444444,-0.0779358781719155,0.2035398230088495,0.1721311475409836,0.2007380525854759,0.1702024575604125
NY,migration_incentive,2.0,medium,303,0.0118055555555555,-0.0734463802982808,0.3294117647058823,0.1789473684210526,0.2010197062367761,0.1685196919441365
NY,migration_incentive,2.0,medium,304,0.0131944444444444,-0.0812922245131345,0.2736842105263158,0.1287128712871287,0.1998193229870501,0.1723061754929718
NY,migration_incentive,2.0,medium,305,0.0122222222222222,-0.0535875358288886,0.2840909090909091,0.1666666666666666,0.2000016833256074,0.1656258804942109
NY,migration_incentive,2.0,medium,306,0.0116666666666666,-0.0476806111122255,0.3571428571428571,0.0519480519480519,0.1996276390904437,0.1701957200680521
NY,migration_incentive,2.0,medium,307,0.0143055555555555,-0.0442360636379545,0.2912621359223301,0.1851851851851851,0.199392956508083,0.1715250735689378
NY,migration_incentive,2.0,medium,308,0.0119444444444444,-0.0811274594164658,0.2441860465116279,0.1573033707865168,0.2007147113207317,0.1684221720810644
NY,migration_incentive,2.5,medium,301,0.0125,-0.0457219250646171,0.2,0.3333333333333333,0.2004505542338892,0.1631141354240433
NY,migration_incentive,2.5,medium,302,0.0134722222222222,-0.0771439874144512,0.3298969072164948,0.2903225806451613,0.1998708276845525,0.1639268558749749
NY,migration_incentive,2.5,medium,303,0.0125,-0.0394817194634503,0.1888888888888888,0.2566371681415929,0.2008371495588854,0.173362393645446
NY,migration_incentive,2.5,medium,304,0.0143055555555555,-0.0398032561314378,0.2912621359223301,0.1739130434782608,0.1991397951116344,0.1795807686877179
NY,migration_incentive,2.5,medium,305,0.0148611111111111,-0.0429891719843535,0.2803738317757009,0.3055555555555556,0.200024368171883,0.173890451127348
NY,migration_incentive,2.5,medium,306,0.0159722222222222,-0.0630203484090397,0.3043478260869565,0.2045454545454545,0.2001786528328106,0.1789408189003592
NY,migration_incentive,2.5,medium,307,0.01375,-0.0498589851520733,0.2424242424242424,0.2983870967741935,0.1997344460416086,0.1707419298989051
NY,migration_incentive,2.5,medium,308,0.0134722222222222,-0.0502609577895228,0.2371134020618556,0.2666666666666666,0.2003055418818256,0.1696003139826401
NY,migration_incentive,3.0,medium,301,0.0143055555555555,-0.0452612419332962,0.2135922330097087,0.3037037037037037,0.1989183081276079,0.1673491614245922
NY,migration_incentive,3.0,medium,302,0.0159722222222222,-0.0870321056691269,0.2521739130434782,0.3181818181818182,0.2008992594081362,0.1691375162378519
NY,migration_incentive,3.0,medium,303,0.0156944444444444,-0.0474996854660602,0.2743362831858407,0.3518518518518518,0.2003289627541927,0.1744605708517818
NY,migration_incentive,3.0,medium,304,0.0194444444444444,-0.0952459182940169,0.3714285714285714,0.2873563218390804,0.1993342605245791,0.1864795888267305
NY,migration_incentive,3.0,medium,305,0.0148611111111111,-0.0731133197881593,0.2336448598130841,0.4099378881987577,0.2010224788442552,0.1758757360038181
NY,migration_incentive,3.0,medium,306,0.0159722222222222,-0.0839339422638892,0.2695652173913043,0.2620689655172414,0.198703762727346,0.1796515505802625
NY,migration_incentive,3.0,medium,307,0.01625,-0.0624310356360097,0.2991452991452991,0.3398692810457516,0.1998326009097934,0.1719618756810629
NY,migration_incentive,3.0,medium,308,0.0148611111111111,-0.0356040472338761,0.2990654205607476,0.3724137931034483,0.198920559277356,0.1749737158004101
NY,migration_incentive,3.5,medium,301,0.015,-0.0504177430924693,0.287037037037037,0.4590163934426229,0.1996805973336147,0.1673757895818055
NY,migration_incentive,3.5,medium,302,0.0175,-0.0966719134567314,0.3333333333333333,0.413265306122449,0.1989263409286138,0.1736450496496641
NY,migration_incentive,3.5,medium,303,0.0166666666666666,-0.0725247763316663,0.3833333333333333,0.4239130434782608,0.2001817286520109,0.1730107026885383
NY,migration_incentive,3.5,medium,304,0.01875,-0.1036513273406282,0.3703703703703703,0.3756345177664975,0.1999768604167451,0.1892912140708879
NY,migration_incentive,3.5,medium,305,0.0163888888888888,-0.0605513604267509,0.3220338983050847,0.5023474178403756,0.1998620133035531,0.1786358709707552
NY,migration_incentive,3.5,medium,306,0.0177777777777777,-0.0771257754862864,0.453125,0.416243654822335,0.1982621413697131,0.1789756802166306
NY,migration_incentive,3.5,medium,307,0.0159722222222222,-0.0534375038512409,0.2869565217391304,0.423728813559322,0.2006398885160988,0.1665070472079038
NY,migration_incentive,3.5,medium,308,0.0173611111111111,-0.0771715557495858,0.312,0.4179894179894179,0.1992776109613132,0.174197645529203
NY,migration_incentive,4.0,medium,301,0.0159722222222222,-0.0666048607002539,0.3217391304347826,0.5823293172690763,0.1993188677433963,0.1733598731743254
NY,migration_incentive,4.0,medium,302,0.0180555555555555,-0.1078422067480986,0.3692307692307692,0.5615942028985508,0.199109063778312,0.1784198838939751
NY,migration_incentive,4.0,medium,303,0.0163888888888888,-0.0756992041076357,0.2966101694915254,0.5783132530120482,0.200931331439508,0.1745405563371569
NY,migration_incentive,4.0,medium,304,0.0195833333333333,-0.1247131158773419,0.425531914893617,0.5057915057915058,0.2001611556021269,0.1952524561358617
NY,migration_incentive,4.0,medium,305,0.0173611111111111,-0.0476457514482015,0.368,0.564,0.1991469790371,0.1742699673078409
NY,migration_incentive,4.0,medium,306,0.0183333333333333,-0.0686923865109477,0.3181818181818182,0.516,0.1999451016317742,0.1867660323415573
NY,migration_incentive,4.0,medium,307,0.0168055555555555,-0.0931082622676229,0.2975206611570248,0.5087719298245614,0.199182251926908,0.1815150344095127
NY,migration_incentive,4.0,medium,308,0.0170833333333333,-0.0541921403487567,0.3252032520325203,0.5868725868725869,0.1997168569886332,0.1690170151854797
NY,migration_incentive,5.0,medium,301,0.0173611111111111,-0.0435782915090032,0.344,0.720873786407767,0.2007651644312618,0.1691957928725663
NY,migration_incentive,5.0,medium,302,0.0197222222222222,-0.1302348578295748,0.3450704225352112,0.7278350515463917,0.1996518166124082,0.186178040487071
NY,migration_incentive,5.0,medium,303,0.0186111111111111,-0.0974247089946028,0.291044776119403,0.7053140096618358,0.1995503434672605,0.1861727457741312
NY,migration_incentive,5.0,medium,304,0.0225,-0.1300981013641703,0.3580246913580246,0.7049180327868853,0.201107393385788,0.1953684952214261
NY,migration_incentive,5.0,medium,305,0.0193055555555555,-0.0559102787321135,0.381294964028777,0.7142857142857143,0.1998233866547749,0.1856883505782915
NY,migration_incentive,5.0,medium,306,0.0186111111111111,-0.0864938363606617,0.3880597014925373,0.7016706443914081,0.1995640760325892,0.1899160100262106
NY,migration_incentive,5.0,medium,307,0.0173611111111111,-0.0895737769098347,0.328,0.7128712871287128,0.1993125546375624,0.1804665059526932
NY,migration_incentive,5.0,medium,308,0.0184722222222222,-0.0652149642004459,0.3458646616541353,0.75,0.1982650304136007,0.1786091987998707
NY,migration_incentive,6.0,medium,301,0.0201388888888888,-0.0898834133465488,0.3172413793103448,0.8239339752407153,0.2008199251487024,0.1895715657465607
NY,migration_incentive,6.0,medium,302,0.0226388888888888,-0.1250420407239975,0.3496932515337423,0.7997329773030708,0.2002377242048295,0.1911627241358234
NY,migration_incentive,6.0,medium,303,0.0206944444444444,-0.0980531113921373,0.4161073825503356,0.8186813186813187,0.1995291121463869,0.19601136235466
NY,migration_incentive,6.0,medium,304,0.0236111111111111,-0.120037051529482,0.3705882352941176,0.8143564356435643,0.199947656539298,0.2028948060717761
NY,migration_incentive,6.0,medium,305,0.01875,-0.0640839399490302,0.2666666666666666,0.8267394270122783,0.2008267745937076,0.1877105420008915
NY,migration_incentive,6.0,medium,306,0.0211111111111111,-0.0952676754819528,0.4407894736842105,0.8074712643678161,0.1986595377894674,0.19907040378892
NY,migration_incentive,6.0,medium,307,0.0198611111111111,-0.0712770712383876,0.2937062937062937,0.8253521126760563,0.1996219247499313,0.1819604078363943
NY,migration_incentive,6.0,medium,308,0.0195833333333333,-0.0735284886825605,0.4113475177304964,0.8226256983240223,0.2000286497896374,0.1835459884325159
NY,migration_incentive,0.0,strong,301,0.0054166666666666,0.0202904884161179,0.2307692307692307,0.027027027027027,0.2011380738152846,0.1725598670292046
NY,migration_incentive,0.0,strong,302,0.00625,-0.0040890190315774,0.1333333333333333,0.0,0.1996836850736665,0.1673840470317662
NY,migration_incentive,0.0,strong,303,0.0059722222222222,0.0069080139524797,0.1860465116279069,0.0,0.1982085181419761,0.1768251386000996
NY,migration_incentive,0.0,strong,304,0.0038888888888888,-0.0289913378552584,0.0357142857142857,0.0,0.2008344305219132,0.1814886601821332
NY,migration_incentive,0.0,strong,305,0.0052777777777777,-0.0148548453089874,0.1578947368421052,0.0294117647058823,0.2011999089792577,0.1835660242465212
NY,migration_incentive,0.0,strong,306,0.0061111111111111,0.02402077500284,0.0681818181818181,0.0,0.2018944535364041,0.1792597167777375
NY,migration_incentive,0.0,strong,307,0.0070833333333333,-0.0255397892021204,0.1372549019607843,0.0,0.2017962456535172,0.1701960630884791
NY,migration_incentive,0.0,strong,308,0.0072222222222222,-0.0210821092802026,0.1923076923076923,0.0217391304347826,0.2008660023569903,0.168036304655909
NY,migration_incentive,0.5,strong,301,0.0066666666666666,-0.0382218934273121,0.125,0.0638297872340425,0.1994657381210264,0.1818465896682025
NY,migration_incentive,0.5,strong,302,0.0061111111111111,-0.0051720547762982,0.0227272727272727,0.0,0.1980588962491822,0.1623462837488699
NY,migration_incentive,0.5,strong,303,0.0079166666666666,-0.0237903057690981,0.1929824561403508,0.0,0.2013844107754996,0.1775554186329169
NY,migration_incentive,0.5,strong,304,0.0097222222222222,-0.0487772632721617,0.2285714285714285,0.0,0.1997831393386973,0.1733636657401914
NY,migration_incentive,0.5,strong,305,0.0086111111111111,-0.0202210592757765,0.1935483870967742,0.0338983050847457,0.1996164009778158,0.1748031847113139
NY,migration_incentive,0.5,strong,306,0.0048611111111111,-0.0296647811519995,0.0571428571428571,0.0,0.1990141922052491,0.1768149547269643
NY,migration_incentive,0.5,strong,307,0.0077777777777777,-0.0529937939235344,0.3392857142857143,0.0408163265306122,0.2011190239346346,0.1692963128960558
NY,migration_incentive,0.5,strong,308,0.0081944444444444,-0.0555183191246123,0.2711864406779661,0.0892857142857142,0.1998833412091057,0.1786660162761172
NY,migration_incentive,1.0,strong,301,0.0076388888888888,-0.005564574486634,0.109090909090909,0.0555555555555555,0.1988371430103601,0.1701099464733504
NY,migration_incentive,1.0,strong,302,0.0083333333333333,-0.0817394180184471,0.2166666666666666,0.05,0.199390650022788,0.1652128955091537
NY,migration_incentive,1.0,strong,303,0.0080555555555555,-0.0203322749126865,0.1551724137931034,0.0350877192982456,0.1974366415902432,0.1784992537669326
NY,migration_incentive,1.0,strong,304,0.0098611111111111,-0.0716440640059696,0.2535211267605634,0.0294117647058823,0.2002935557750391,0.180318419148906
NY,migration_incentive,1.0,strong,305,0.0104166666666666,-0.0112792379086901,0.1066666666666666,0.0441176470588235,0.1995104265305624,0.1739231021577028
NY,migration_incentive,1.0,strong,306,0.0113888888888888,-0.0327041281179998,0.3292682926829268,0.0519480519480519,0.2009155357355863,0.1836767900290656
NY,migration_incentive,1.0,strong,307,0.0098611111111111,-0.0264503139816094,0.2957746478873239,0.03125,0.2002343094769645,0.1737481670458296
NY,migration_incentive,1.0,strong,308,0.0102777777777777,-0.0121324223442705,0.1621621621621621,0.1095890410958904,0.2014542260956128,0.1706550213208497
NY,migration_incentive,1.5,strong,301,0.0101388888888888,-0.0436878540823996,0.1917808219178082,0.1466666666666666,0.1988244282411001,0.1654907829423449
NY,migration_incentive,1.5,strong,302,0.0131944444444444,-0.0774053214096132,0.3578947368421052,0.0989010989010989,0.199317526318683,0.1661192491848085
NY,migration_incentive,1.5,strong,303,0.0113888888888888,-0.0543806226330713,0.2317073170731707,0.1058823529411764,0.2020821229638669,0.178507122426425
NY,migration_incentive,1.5,strong,304,0.0147222222222222,-0.0736373027050093,0.3018867924528302,0.0576923076923076,0.2001445299679784,0.1842923952733054
NY,migration_incentive,1.5,strong,305,0.0136111111111111,-0.0596178687285155,0.3673469387755102,0.1052631578947368,0.1993542315998535,0.1822386570228095
NY,migration_incentive,1.5,strong,306,0.0131944444444444,-0.0778267687111115,0.2947368421052631,0.12,0.2000140981344256,0.1750879982373878
NY,migration_incentive,1.5,strong,307,0.0119444444444444,-0.0559547408879609,0.3023255813953488,0.1097560975609756,0.2005140687625346,0.1701085887633087
NY,migration_incentive,1.5,strong,308,0.0133333333333333,-0.0535939767271455,0.3333333333333333,0.1354166666666666,0.1998614948120665,0.1692776039680532
NY,migration_incentive,2.0,strong,301,0.0118055555555555,-0.0443447085305982,0.2352941176470588,0.1702127659574468,0.199806162673779,0.1823275193779867
NY,migration_incentive,2.0,strong,302,0.0147222222222222,-0.0706633094820026,0.2641509433962264,0.1517857142857142,0.2002563327153221,0.1747650918928037
NY,migration_incentive,2.0,strong,303,0.01375,-0.0452459140234315,0.1818181818181818,0.2241379310344827,0.2003850269130426,0.183314711607467
NY,migration_incentive,2.0,strong,304,0.0154166666666666,-0.0748594464872682,0.2612612612612612,0.1052631578947368,0.19984083240811,0.1800840532300765
NY,migration_incentive,2.0,strong,305,0.0129166666666666,-0.0639942844855064,0.2580645161290322,0.2385321100917431,0.2006834632320504,0.1789623589852896
NY,migration_incentive,2.0,strong,306,0.0148611111111111,-0.0908838320168626,0.2990654205607476,0.1885245901639344,0.2006247759791811,0.1869958359562466
NY,migration_incentive,2.0,strong,307,0.0125,-0.0481835315294179,0.2111111111111111,0.2689075630252101,0.1989014560645572,0.1696859871343307
NY,migration_incentive,2.0,strong,308,0.015,-0.0652869961304145,0.3055555555555556,0.2113821138211382,0.199253205956894,0.1675822641845363
NY,migration_incentive,2.5,strong,301,0.0125,-0.0621298270256033,0.2111111111111111,0.2695652173913043,0.1993008823001778,0.177624237291159
NY,migration_incentive,2.5,strong,302,0.01625,-0.1145352537379811,0.3846153846153846,0.2751677852348993,0.2006588378542906,0.1827340869216686
NY,migration_incentive,2.5,strong,303,0.0147222222222222,-0.0734138166417913,0.2169811320754717,0.3,0.1998458905174934,0.1795436546205404
NY,migration_incentive,2.5,strong,304,0.0172222222222222,-0.0909324683566425,0.3064516129032258,0.1870503597122302,0.1999784449479228,0.1811094526534748
NY,migration_incentive,2.5,strong,305,0.0155555555555555,-0.0760288468122442,0.3125,0.304635761589404,0.1993440725849553,0.1852669989777937
NY,migration_incentive,2.5,strong,306,0.01375,-0.0354184290255313,0.1919191919191919,0.2601626016260163,0.1998698158165105,0.1794012906283401
NY,migration_incentive,2.5,strong,307,0.015,-0.0573747937839006,0.2962962962962963,0.3134328358208955,0.2005451685819322,0.1788721603507437
NY,migration_incentive,2.5,strong,308,0.0156944444444444,-0.0863892656876802,0.2123893805309734,0.2517985611510791,0.1984609468039786,0.1769411777683349
NY,migration_incentive,3.0,strong,301,0.0134722222222222,-0.062128755155346,0.2371134020618556,0.4183006535947712,0.1991677337387791,0.1812656918957254
NY,migration_incentive,3.0,strong,302,0.0166666666666666,-0.116811043526584,0.3583333333333333,0.3846153846153846,0.2015827633508113,0.1858208527771437
NY,migration_incentive,3.0,strong,303,0.0151388888888888,-0.0514760191095521,0.2568807339449541,0.3846153846153846,0.2007195419430661,0.1808456092021736
NY,migration_incentive,3.0,strong,304,0.0169444444444444,-0.1196815826127818,0.2540983606557377,0.3862433862433862,0.1999695232641516,0.200571190204843
NY,migration_incentive,3.0,strong,305,0.0173611111111111,-0.079098039821393,0.424,0.3651685393258427,0.1996847840341773,0.1810992930759551
NY,migration_incentive,3.0,strong,306,0.0170833333333333,-0.060618130982193,0.3577235772357723,0.3470588235294117,0.2000149791307817,0.1889539600030694
NY,migration_incentive,3.0,strong,307,0.0152777777777777,-0.0460178029676238,0.2545454545454545,0.3941176470588235,0.1999072837712401,0.176770285933961
NY,migration_incentive,3.0,strong,308,0.01625,-0.07191979883965,0.3333333333333333,0.3461538461538461,0.2006201802989009,0.1759476423546969
NY,migration_incentive,3.5,strong,301,0.0148611111111111,-0.0812551464069173,0.2710280373831775,0.4583333333333333,0.1996117420515739,0.1758430390214156
NY,migration_incentive,3.5,strong,302,0.0191666666666666,-0.133796067801205,0.3623188405797101,0.4298642533936652,0.1990867091018822,0.1832361981044175
NY,migration_incentive,3.5,strong,303,0.0168055555555555,-0.0944892609376063,0.2314049586776859,0.4930232558139535,0.2006614862194455,0.1798205657385954
NY,migration_incentive,3.5,strong,304,0.0198611111111111,-0.1165483245044618,0.3846153846153846,0.4602510460251046,0.2005777049901832,0.1909732578288475
NY,migration_incentive,3.5,strong,305,0.0163888888888888,-0.0708754456956172,0.2796610169491525,0.5341880341880342,0.2001555659048666,0.182549390338001
NY,migration_incentive,3.5,strong,306,0.0186111111111111,-0.1052324481447264,0.4402985074626865,0.4251207729468599,0.1981180537272076,0.1855472820260812
NY,migration_incentive,3.5,strong,307,0.0161111111111111,-0.0772394175268287,0.2672413793103448,0.4742268041237113,0.200124147741901,0.1796282864759049
NY,migration_incentive,3.5,strong,308,0.0172222222222222,-0.0751603505319064,0.3467741935483871,0.5152838427947598,0.2000983533829053,0.1811799935910285
NY,migration_incentive,4.0,strong,301,0.0170833333333333,-0.0750615144681121,0.2926829268292683,0.5758754863813229,0.1991653833299206,0.172255393308541
NY,migration_incentive,4.0,strong,302,0.0190277777777777,-0.0983353276345941,0.3576642335766423,0.551094890510949,0.1997258013455679,0.1838437208921199
NY,migration_incentive,4.0,strong,303,0.0179166666666666,-0.0735079364205307,0.3100775193798449,0.569811320754717,0.2006684052744596,0.1897914661135451
NY,migration_incentive,4.0,strong,304,0.0202777777777777,-0.1515118188941389,0.4178082191780822,0.5246478873239436,0.2003567599391478,0.1911476481186898
NY,migration_incentive,4.0,strong,305,0.0179166666666666,-0.0612222580252296,0.3023255813953488,0.5509433962264151,0.1988774755911331,0.1871149805513555
NY,migration_incentive,4.0,strong,306,0.0175,-0.1125980333791231,0.2857142857142857,0.5945017182130584,0.1986589083927005,0.1937766786428288
NY,migration_incentive,4.0,strong,307,0.0170833333333333,-0.096637363871148,0.2764227642276423,0.5740740740740741,0.1995026110962071,0.1803349420620557
NY,migration_incentive,4.0,strong,308,0.0169444444444444,-0.0924081876649143,0.3852459016393442,0.604982206405694,0.2001694273634322,0.186297638365489
NY,migration_incentive,5.0,strong,301,0.0179166666666666,-0.0776091395070207,0.3333333333333333,0.7596741344195519,0.1993146862408086,0.1793052173925492
NY,migration_incentive,5.0,strong,302,0.0206944444444444,-0.1040872277373109,0.3825503355704698,0.7270875763747454,0.2008440505342064,0.1910336600918193
NY,migration_incentive,5.0,strong,303,0.0188888888888888,-0.0878389960112851,0.3897058823529412,0.7555110220440882,0.2012124248692433,0.190265274339704
NY,migration_incentive,5.0,strong,304,0.0223611111111111,-0.1108051244634732,0.4285714285714285,0.720616570327553,0.2004137887606789,0.1978891826621246
NY,migration_incentive,5.0,strong,305,0.0180555555555555,-0.0750018726226374,0.3692307692307692,0.7625754527162978,0.2000018401748304,0.1900172885293731
NY,migration_incentive,5.0,strong,306,0.0193055555555555,-0.1021543196285045,0.3309352517985611,0.7354166666666667,0.1999917564128788,0.1949524684698821
NY,migration_incentive,5.0,strong,307,0.02,-0.1072677185337085,0.4305555555555556,0.7489878542510121,0.1995295276641026,0.1799046479959049
NY,migration_incentive,5.0,strong,308,0.0204166666666666,-0.0844764835027689,0.4013605442176871,0.7542857142857143,0.1999718808903967,0.18110107315944
NY,migration_incentive,6.0,strong,301,0.0198611111111111,-0.0957690189304871,0.3706293706293706,0.8501170960187353,0.1997054645309144,0.1794769461804277
NY,migration_incentive,6.0,strong,302,0.0213888888888888,-0.1423607084524437,0.3571428571428571,0.8341176470588235,0.2004312539251767,0.1956653396049585
NY,migration_incentive,6.0,strong,303,0.02,-0.0903487781534321,0.2777777777777778,0.844047619047619,0.2004488332294989,0.1952293068423899
NY,migration_incentive,6.0,strong,304,0.0227777777777777,-0.0994149882064269,0.3963414634146341,0.8210900473933649,0.1997166938011158,0.200992757220166
NY,migration_incentive,6.0,strong,305,0.0208333333333333,-0.0894637787564275,0.4133333333333333,0.844578313253012,0.1994497676731052,0.1831762476797744
NY,migration_incentive,6.0,strong,306,0.0209722222222222,-0.1277443177171031,0.4105960264900662,0.8233034571062741,0.1995075709757994,0.1968074141889844
NY,migration_incentive,6.0,strong,307,0.0202777777777777,-0.0655529554642985,0.3561643835616438,0.8399487836107554,0.1985805979249662,0.190609451303222
NY,migration_incentive,6.0,strong,308,0.0197222222222222,-0.1148846809458069,0.4436619718309859,0.8307291666666666,0.2008334657248792,0.1922421723951784
NY,migration_incentive,0.0,weak,301,0.0030555555555555,0.0037493982558092,0.0909090909090909,0.0,0.200482581569172,0.1628372620464315
NY,migration_incentive,0.0,weak,302,0.0047222222222222,-0.0092625363839374,0.1470588235294117,0.0,0.2012390201731223,0.1605492432701466
NY,migration_incentive,0.0,weak,303,0.0052777777777777,0.0636680658488191,0.131578947368421,0.0,0.1994523367828882,0.1662823886908301
NY,migration_incentive,0.0,weak,304,0.0031944444444444,0.013909768398895,0.0869565217391304,0.0,0.2001867137314621,0.1711129056097104
NY,migration_incentive,0.0,weak,305,0.0043055555555555,0.0059653303556633,0.032258064516129,0.0,0.2009354643669642,0.1613606293615909
NY,migration_incentive,0.0,weak,306,0.00625,0.031676105885168,0.1777777777777777,0.0454545454545454,0.1998084443594777,0.1582785889172911
NY,migration_incentive,0.0,weak,307,0.0052777777777777,0.0018280980461214,0.0263157894736842,0.0,0.2004309488926827,0.1579175901693262
NY,migration_incentive,0.0,weak,308,0.0045833333333333,-0.0196542443867891,0.0303030303030303,0.0333333333333333,0.1985650201480402,0.1592564939051579
NY,migration_incentive,0.5,weak,301,0.0058333333333333,-0.0145798867764027,0.0714285714285714,0.0,0.2009630913436605,0.1552723164740055
NY,migration_incentive,0.5,weak,302,0.0065277777777777,-0.0411994504397654,0.1914893617021276,0.0,0.2016548040272777,0.1550597224756454
NY,migration_incentive,0.5,weak,303,0.0066666666666666,-0.0138480122070084,0.1875,0.0434782608695652,0.1994737194320369,0.1570282392867906
NY,migration_incentive,0.5,weak,304,0.0059722222222222,-0.0111640052665866,0.1627906976744186,0.0,0.1992603602559568,0.1629830570207387
NY,migration_incentive,0.5,weak,305,0.0080555555555555,-0.0256422464765387,0.1724137931034483,0.0,0.2004616563939193,0.1688697546094873
NY,migration_incentive,0.5,weak,306,0.0051388888888888,-0.0021691945018627,0.1351351351351351,0.0,0.1991806570777164,0.15945516495645
NY,migration_incentive,0.5,weak,307,0.0068055555555555,-0.0332740839582536,0.2448979591836734,0.0,0.2007184087960964,0.1527038650847702
NY,migration_incentive,0.5,weak,308,0.0068055555555555,-0.0461398848505265,0.1020408163265306,0.0,0.1995499163394884,0.1617531685597159
NY,migration_incentive,1.0,weak,301,0.0069444444444444,-0.0013866985839618,0.2,0.08,0.199792685670343,0.1609479852344646
NY,migration_incentive,1.0,weak,302,0.00875,-0.0565812407131652,0.2698412698412698,0.0,0.2006218732861696,0.1481491595910694
NY,migration_incentive,1.0,weak,303,0.0075,0.0041336037251832,0.1481481481481481,0.06,0.2001388850547583,0.158396404367682
NY,migration_incentive,1.0,weak,304,0.0088888888888888,-0.04015883034111,0.0625,0.0,0.2011130224629389,0.1690177251522084
NY,migration_incentive,1.0,weak,305,0.0102777777777777,-0.0383547896438386,0.2567567567567567,0.015625,0.199635724366351,0.1662023982848381
NY,migration_incentive,1.0,weak,306,0.0075,-0.0276220397841879,0.2222222222222222,0.0377358490566037,0.200356456572426,0.1635576624033136
NY,migration_incentive,1.0,weak,307,0.0079166666666666,0.0199145744650452,0.1403508771929824,0.1071428571428571,0.1995276532531278,0.1588331844726037
NY,migration_incentive,1.0,weak,308,0.0101388888888888,-0.0210757100140784,0.2602739726027397,0.0895522388059701,0.2004584453356338,0.1618580493762468
NY,migration_incentive,1.5,weak,301,0.0098611111111111,-0.0263570139719194,0.2394366197183098,0.1625,0.200129673165741,0.1573154160478878
NY,migration_incentive,1.5,weak,302,0.0105555555555555,-0.0555077216935353,0.1842105263157894,0.0547945205479452,0.200372389587231,0.155653898450659
NY,migration_incentive,1.5,weak,303,0.0093055555555555,-0.0104705589536979,0.1791044776119403,0.0923076923076923,0.1987452943400396,0.1588541873953596
NY,migration_incentive,1.5,weak,304,0.0081944444444444,-0.0671750703103727,0.2372881355932203,0.0517241379310344,0.19958685613184,0.161971206177798
NY,migration_incentive,1.5,weak,305,0.0106944444444444,-0.0478600143329638,0.2337662337662337,0.15,0.1992890007154762,0.1594716020333686
NY,migration_incentive,1.5,weak,306,0.0076388888888888,-0.0398386697695795,0.1272727272727272,0.0727272727272727,0.1997999615734621,0.1651419369798367
NY,migration_incentive,1.5,weak,307,0.0093055555555555,0.0046840147299566,0.1343283582089552,0.0483870967741935,0.1991894050589529,0.1618572941095823
NY,migration_incentive,1.5,weak,308,0.0119444444444444,-0.0482066472916676,0.1744186046511628,0.1111111111111111,0.2002239326017281,0.1621600365277358
NY,migration_incentive,2.0,weak,301,0.0105555555555555,-0.0072280757135697,0.3157894736842105,0.1954022988505747,0.2001722845847251,0.1533446320123337
NY,migration_incentive,2.0,weak,302,0.0136111111111111,-0.0639366042248887,0.2653061224489796,0.1313131313131313,0.2003295315220902,0.1552774874256514
NY,migration_incentive,2.0,weak,303,0.0119444444444444,-0.03049587825711,0.2674418604651162,0.1538461538461538,0.2005407550743715,0.1686147976013133
NY,migration_incentive,2.0,weak,304,0.0119444444444444,-0.0436456092202184,0.2441860465116279,0.024390243902439,0.1991603442088227,0.163966738925827
NY,migration_incentive,2.0,weak,305,0.0122222222222222,-0.0279099207181416,0.25,0.2058823529411764,0.1998561085994779,0.1611606492661158
NY,migration_incentive,2.0,weak,306,0.0126388888888888,-0.0389375356080755,0.2307692307692307,0.0879120879120879,0.2003260222681252,0.1665517317333929
NY,migration_incentive,2.0,weak,307,0.0111111111111111,-0.0321409667046119,0.2,0.1511627906976744,0.199415684307213,0.1640881217157929
NY,migration_incentive,2.0,weak,308,0.0134722222222222,-0.0410416160501087,0.2371134020618556,0.1122448979591836,0.1996452065242575,0.1559793503588396
NY,migration_incentive,2.5,weak,301,0.0138888888888888,-0.0240083329699694,0.31,0.2037037037037037,0.2003816244178029,0.1611407843487778
NY,migration_incentive,2.5,weak,302,0.0151388888888888,-0.0633562817475581,0.2660550458715596,0.2258064516129032,0.2009649956663341,0.1684591133081381
NY,migration_incentive,2.5,weak,303,0.0145833333333333,-0.0317856607270265,0.2952380952380952,0.1727272727272727,0.199882703330316,0.1674059342916816
NY,migration_incentive,2.5,weak,304,0.0144444444444444,-0.0685066490991167,0.3846153846153846,0.2578125,0.2002488064211823,0.1654297610461637
NY,migration_incentive,2.5,weak,305,0.0127777777777777,-0.0210212609132664,0.25,0.2710280373831775,0.2001032650111054,0.1647110821644292
NY,migration_incentive,2.5,weak,306,0.0126388888888888,-0.0376032757708581,0.2857142857142857,0.2452830188679245,0.2000084191281798,0.1629752154936087
NY,migration_incentive,2.5,weak,307,0.0134722222222222,-0.0351737591884869,0.2783505154639175,0.1714285714285714,0.200862385431819,0.1621420579521111
NY,migration_incentive,2.5,weak,308,0.0145833333333333,-0.0576182511974226,0.2857142857142857,0.2436974789915966,0.1998850747622744,0.1749587230040459
NY,migration_incentive,3.0,weak,301,0.0143055555555555,-0.056656412284981,0.3009708737864077,0.2741935483870967,0.1994028511182519,0.1609875593633728
NY,migration_incentive,3.0,weak,302,0.0159722222222222,-0.0641659760819446,0.1739130434782608,0.3416149068322981,0.2008100830213711,0.1685682370881523
NY,migration_incentive,3.0,weak,303,0.0145833333333333,-0.0540854818897528,0.2571428571428571,0.2846153846153846,0.2010040981240526,0.1726432483680398
NY,migration_incentive,3.0,weak,304,0.0163888888888888,-0.0654398249113088,0.2711864406779661,0.2689655172413793,0.1998818355663131,0.16999610014024
NY,migration_incentive,3.0,weak,305,0.0152777777777777,-0.0495483365902759,0.3272727272727272,0.3219178082191781,0.2009570493104432,0.1791051115077883
NY,migration_incentive,3.0,weak,306,0.0148611111111111,-0.0408663075677037,0.2429906542056074,0.2575757575757575,0.2000791568278924,0.1715911732549191
NY,migration_incentive,3.0,weak,307,0.0136111111111111,-0.0597290670557797,0.2244897959183673,0.2954545454545454,0.1985722778509697,0.1676704497758443
NY,migration_incentive,3.0,weak,308,0.0168055555555555,-0.0321071327819293,0.2727272727272727,0.3112582781456953,0.2006331498192108,0.162669338176593
NY,migration_incentive,3.5,weak,301,0.0148611111111111,-0.0435789417518227,0.3551401869158878,0.4277108433734939,0.1998349269416657,0.1561326922981119
NY,migration_incentive,3.5,weak,302,0.0168055555555555,-0.104243035579955,0.2975206611570248,0.3563218390804598,0.2002556068666626,0.1674439825642347
NY,migration_incentive,3.5,weak,303,0.0152777777777777,-0.0499745103953283,0.2363636363636363,0.4519774011299435,0.2004484416580189,0.1749164827162433
NY,migration_incentive,3.5,weak,304,0.0175,-0.0845349492071286,0.3253968253968254,0.4010416666666667,0.1994844565505024,0.1758814207486916
NY,migration_incentive,3.5,weak,305,0.0163888888888888,-0.0399108981724151,0.2542372881355932,0.4426229508196721,0.2001848407757896,0.1722217283809041
NY,migration_incentive,3.5,weak,306,0.0159722222222222,-0.0660271351801113,0.2869565217391304,0.3540372670807453,0.1993149067158333,0.1681870463651434
NY,migration_incentive,3.5,weak,307,0.015,-0.0716424609605729,0.25,0.4201183431952662,0.1992183013111363,0.1665266220101167
NY,migration_incentive,3.5,weak,308,0.0158333333333333,-0.0561483000714142,0.3508771929824561,0.3795180722891566,0.1999418771280322,0.1727299484012653
NY,migration_incentive,4.0,weak,301,0.0141666666666666,-0.0517562959050235,0.3529411764705882,0.5518867924528302,0.1988386403648212,0.1641517128914748
NY,migration_incentive,4.0,weak,302,0.0180555555555555,-0.0869497438094258,0.2769230769230769,0.4805194805194805,0.1998337281947648,0.1789116083371987
NY,migration_incentive,4.0,weak,303,0.0159722222222222,-0.0681370588668383,0.3217391304347826,0.5339366515837104,0.200926950915855,0.176945974088971
NY,migration_incentive,4.0,weak,304,0.0176388888888888,-0.0779172102837893,0.3622047244094488,0.4651162790697674,0.1991201259353215,0.1817683446973816
NY,migration_incentive,4.0,weak,305,0.0176388888888888,-0.044989135437678,0.3464566929133858,0.5304347826086957,0.1999265200133002,0.1732631852307434
NY,migration_incentive,4.0,weak,306,0.01875,-0.087209198677526,0.3407407407407407,0.4830508474576271,0.1997320543051122,0.1796127426458963
NY,migration_incentive,4.0,weak,307,0.0159722222222222,-0.0566737152655581,0.3304347826086956,0.475,0.1993701152195246,0.174426987087063
NY,migration_incentive,4.0,weak,308,0.0179166666666666,-0.0405383408864752,0.3410852713178294,0.4837209302325581,0.2006788111827024,0.1663373272163612
NY,migration_incentive,5.0,weak,301,0.0170833333333333,-0.0735436680248281,0.3170731707317073,0.7086614173228346,0.200424293649619,0.1703494575136352
NY,migration_incentive,5.0,weak,302,0.02,-0.1165604959853043,0.3333333333333333,0.6692111959287532,0.2000687887106908,0.1814422887045232
NY,migration_incentive,5.0,weak,303,0.0175,-0.075478678902738,0.2539682539682539,0.6647887323943662,0.2001873467332471,0.1818109493876405
NY,migration_incentive,5.0,weak,304,0.0208333333333333,-0.0958119462201361,0.3533333333333333,0.6674757281553398,0.1990059413076119,0.1801743726244189
NY,migration_incentive,5.0,weak,305,0.0191666666666666,-0.0632075943200715,0.4492753623188406,0.6893732970027248,0.2002676256274706,0.1771272837078856
NY,migration_incentive,5.0,weak,306,0.0193055555555555,-0.1085090771008231,0.3381294964028777,0.6630434782608695,0.2000820092731007,0.1926206084836057
NY,migration_incentive,5.0,weak,307,0.0175,-0.0926979680133599,0.2936507936507936,0.6796657381615598,0.2002241574929707,0.1724562043421844
NY,migration_incentive,5.0,weak,308,0.0176388888888888,-0.0797622866879668,0.4330708661417323,0.6923076923076923,0.199974368319752,0.1794016174114321
NY,migration_incentive,6.0,weak,301,0.0188888888888888,-0.0687493648032732,0.4485294117647059,0.8149920255183413,0.1988873868090919,0.1754887205845379
NY,migration_incentive,6.0,weak,302,0.0222222222222222,-0.1214976286478936,0.3375,0.7789473684210526,0.1992094562000659,0.1934074432914818
NY,migration_incentive,6.0,weak,303,0.0184722222222222,-0.0586342487619496,0.3458646616541353,0.8059467918622848,0.1994359383801537,0.1847876564010625
NY,migration_incentive,6.0,weak,304,0.0243055555555555,-0.097244477977444,0.3714285714285714,0.7734487734487735,0.2002294227500981,0.1996826238467871
NY,migration_incentive,6.0,weak,305,0.0197222222222222,-0.0717699883642672,0.3380281690140845,0.8116591928251121,0.2012836111142256,0.1758010136246368
NY,migration_incentive,6.0,weak,306,0.0208333333333333,-0.0911561579831346,0.42,0.7953846153846154,0.2002491010951522,0.1883705709830752
NY,migration_incentive,6.0,weak,307,0.0202777777777777,-0.0885504724150391,0.4452054794520548,0.8086696562032885,0.1987831986324875,0.1852000785778365
NY,migration_incentive,6.0,weak,308,0.0201388888888888,-0.0826888581184529,0.4482758620689655,0.7894736842105263,0.1994696571375008,0.1778647916445976
