target_state,lever,intensity,interaction,seed,target_inflow_rate,target_social_cost,chain_share,housing_rejection,job_rejection,coorigin_clustering
CA,combined,0.0,medium,301,0.0069444444444444,-0.2128512814660997,0.16,0.0208333333333333,0.1999973661374952,0.1632711329706044
CA,combined,0.0,medium,302,0.0076388888888888,-0.1591226512684189,0.1636363636363636,0.0,0.2014668280077678,0.1614362026673199
CA,combined,0.0,medium,303,0.0055555555555555,-0.203754371047813,0.1,0.0,0.2010685299563074,0.1577774984391701
CA,combined,0.0,medium,304,0.0059722222222222,-0.1979057186107414,0.1860465116279069,0.0,0.2003245530528197,0.1735076562348055
CA,combined,0.0,medium,305,0.0054166666666666,-0.1770334682783821,0.1538461538461538,0.0,0.2016550065276885,0.1675580714575018
CA,combined,0.0,medium,306,0.0055555555555555,-0.1965281344406251,0.075,0.0,0.201500309510679,0.1689180696925606
CA,combined,0.0,medium,307,0.0077777777777777,-0.2065435432135464,0.25,0.0,0.2018594037028154,0.1734680565822572
CA,combined,0.0,medium,308,0.0055555555555555,-0.1641318161763628,0.125,0.0,0.20163373320908,0.1705863512414516
CA,combined,0.5,medium,301,0.0131944444444444,-0.2576244610782252,0.2526315789473684,0.0348837209302325,0.158204549161006,0.2015424216560827
CA,combined,0.5,medium,302,0.0129166666666666,-0.2034544228204493,0.2473118279569892,0.0227272727272727,0.1579161117668797,0.1976664271161971
CA,combined,0.5,medium,303,0.01125,-0.2451792750185477,0.2222222222222222,0.0,0.1597969723135408,0.1994717140730429
CA,combined,0.5,medium,304,0.0141666666666666,-0.2116485473480442,0.196078431372549,0.0208333333333333,0.158044410640607,0.2136889843424155
CA,combined,0.5,medium,305,0.0148611111111111,-0.2172244631963167,0.3457943925233644,0.010204081632653,0.1573709753378412,0.2149439796221344
CA,combined,0.5,medium,306,0.0127777777777777,-0.2448550980213137,0.2608695652173913,0.0229885057471264,0.1601482982912601,0.2068365052666879
CA,combined,0.5,medium,307,0.0148611111111111,-0.2238518578506378,0.2897196261682243,0.0105263157894736,0.1563446479021773,0.1997026448614086
CA,combined,0.5,medium,308,0.0127777777777777,-0.2208946836303491,0.2391304347826087,0.0,0.1573046759503753,0.2068903888685127
CA,combined,1.0,medium,301,0.0288888888888888,-0.3401179771936428,0.4519230769230769,0.0414507772020725,0.1188300465235433,0.3126013943982753
CA,combined,1.0,medium,302,0.0291666666666666,-0.3104077369237407,0.5142857142857142,0.0396039603960396,0.1258563388840118,0.3177666704405391
CA,combined,1.0,medium,303,0.0315277777777777,-0.3418010294555941,0.5506607929515418,0.0372093023255813,0.1263724874509997,0.3454036059309839
CA,combined,1.0,medium,304,0.0318055555555555,-0.3221648311128621,0.5065502183406113,0.0186046511627906,0.1267970671173224,0.3312928565709989
CA,combined,1.0,medium,305,0.0318055555555555,-0.3290944090805192,0.5458515283842795,0.0663716814159292,0.1248406156035681,0.3565677302278717
CA,combined,1.0,medium,306,0.0272222222222222,-0.3082555332842275,0.4744897959183674,0.0372340425531914,0.1382185987744024,0.3068288478607664
CA,combined,1.0,medium,307,0.03,-0.2832871798284521,0.4444444444444444,0.0754716981132075,0.1266200158753202,0.3046772017339184
CA,combined,1.0,medium,308,0.0323611111111111,-0.3162353913738798,0.5536480686695279,0.05,0.1142568604604073,0.3150150659755157
CA,combined,1.5,medium,301,0.0565277777777777,-0.4362716327650814,0.6977886977886978,0.1063829787234042,0.1175589489842175,0.6078805717248166
CA,combined,1.5,medium,302,0.0543055555555555,-0.4125212560731489,0.6163682864450127,0.1578947368421052,0.1094564671394891,0.5786224426778214
CA,combined,1.5,medium,303,0.0559722222222222,-0.4500626241360844,0.7146401985111662,0.0841584158415841,0.1242655420391957,0.6166148483130099
CA,combined,1.5,medium,304,0.0558333333333333,-0.4124103517920486,0.654228855721393,0.1375291375291375,0.1198915212349927,0.5785631892220467
CA,combined,1.5,medium,305,0.0541666666666666,-0.4293630320002891,0.6717948717948717,0.1670480549199084,0.1095914803726786,0.5671289655314664
CA,combined,1.5,medium,306,0.0545833333333333,-0.4432839078989812,0.6717557251908397,0.0918114143920595,0.1251440889716036,0.6311070535710025
CA,combined,1.5,medium,307,0.0544444444444444,-0.4236540776562082,0.7040816326530612,0.0883838383838383,0.1132952950764866,0.5529215434507203
CA,combined,1.5,medium,308,0.0541666666666666,-0.4168938513438666,0.6538461538461539,0.101010101010101,0.1105812640102208,0.5657161572724347
CA,combined,2.0,medium,301,0.0744444444444444,-0.5198012372442863,0.7779850746268657,0.1688741721854304,0.1147672538657053,0.8477056431936967
CA,combined,2.0,medium,302,0.0738888888888888,-0.5043838322231642,0.7706766917293233,0.2057416267942583,0.1055948885815588,0.8329236658731454
CA,combined,2.0,medium,303,0.0722222222222222,-0.5207910306962202,0.7480769230769231,0.1933333333333333,0.1187322387884189,0.8544179900358729
CA,combined,2.0,medium,304,0.0754166666666666,-0.51137919030338,0.7716390423572744,0.1831442463533225,0.1130387211294486,0.8535022801478797
CA,combined,2.0,medium,305,0.0726388888888888,-0.5165731819568626,0.7839388145315488,0.182741116751269,0.1129538940785562,0.8075401183885581
CA,combined,2.0,medium,306,0.0734722222222222,-0.5223750860633793,0.775047258979206,0.1708542713567839,0.1179661476352892,0.8543897319668677
CA,combined,2.0,medium,307,0.0740277777777777,-0.4948215688977058,0.7523452157598499,0.2006369426751592,0.1092864714194154,0.8212294280715976
CA,combined,2.0,medium,308,0.0738888888888888,-0.506114689789496,0.7857142857142857,0.2193958664546899,0.1098282492055864,0.7754331063361237
CA,combined,2.5,medium,301,0.0838888888888888,-0.5531631795138844,0.7781456953642384,0.2733160621761658,0.1165417764025512,0.9314448847559544
CA,combined,2.5,medium,302,0.0829166666666666,-0.5453592322546492,0.8090452261306532,0.3102595797280593,0.110153992583107,0.940905321190166
CA,combined,2.5,medium,303,0.0819444444444444,-0.5682294050637013,0.8067796610169492,0.2791612057667103,0.1153451753781071,0.9570433914091188
CA,combined,2.5,medium,304,0.0827777777777777,-0.5525333437040507,0.8120805369127517,0.3032581453634085,0.1165010251401689,0.928555910142434
CA,combined,2.5,medium,305,0.0822222222222222,-0.5543955638550949,0.7989864864864865,0.2777053455019557,0.1124751689095701,0.9473636317576128
CA,combined,2.5,medium,306,0.0806944444444444,-0.5529209091837135,0.8055077452667814,0.2612859097127223,0.1189203509246926,0.934454234829498
CA,combined,2.5,medium,307,0.0831944444444444,-0.5420782752739156,0.8247078464106845,0.3074027603513174,0.1067197326876884,0.9157571882394564
CA,combined,2.5,medium,308,0.0838888888888888,-0.5470895403536763,0.8195364238410596,0.2794871794871795,0.1103429400727836,0.9221083138305344
CA,combined,3.0,medium,301,0.0866666666666666,-0.5652051780149006,0.7964743589743589,0.3745997865528281,0.1169471983028459,0.9442238291363488
CA,combined,3.0,medium,302,0.0890277777777777,-0.5576316912322508,0.8299531981279251,0.4315589353612167,0.1092309838435203,0.9767156862745098
CA,combined,3.0,medium,303,0.0868055555555555,-0.5752737955350278,0.792,0.4048582995951417,0.1175349161591285,0.9701262356063765
CA,combined,3.0,medium,304,0.0881944444444444,-0.5659036489615791,0.8456692913385827,0.3997965412004069,0.1150916750123769,0.9767586206896552
CA,combined,3.0,medium,305,0.0872222222222222,-0.5730849129365385,0.8455414012738853,0.3918067226890756,0.1149748024326097,0.9701951664386684
CA,combined,3.0,medium,306,0.0855555555555555,-0.5793827525217212,0.801948051948052,0.3585118376550169,0.1133799570821755,0.9734995238095236
CA,combined,3.0,medium,307,0.0883333333333333,-0.56711222487532,0.8223270440251572,0.3868613138686131,0.1060587133961312,0.9607920823138216
CA,combined,3.0,medium,308,0.0884722222222222,-0.5563771572137141,0.8304552590266876,0.3932238193018481,0.1158442249904995,0.9604825155507544
CA,combined,3.5,medium,301,0.0893055555555555,-0.5917931139993503,0.7962674961119751,0.4442396313364055,0.1160901303574138,0.9866666666666668
CA,combined,3.5,medium,302,0.09,-0.5797893576017703,0.8209876543209876,0.4825828377230246,0.1105287226751808,0.9867647058823528
CA,combined,3.5,medium,303,0.0876388888888888,-0.5966402444416224,0.8225039619651348,0.4558011049723757,0.1173000006933442,0.99
CA,combined,3.5,medium,304,0.0915277777777777,-0.5765770749100082,0.8254931714719271,0.4683982683982684,0.1147904590340606,0.9933333333333332
CA,combined,3.5,medium,305,0.0894444444444444,-0.5810820577810454,0.8214285714285714,0.4619565217391304,0.1130039806101448,0.9800482111579348
CA,combined,3.5,medium,306,0.0873611111111111,-0.582722060889969,0.8108108108108109,0.4409221902017291,0.1116425028887428,0.9769739393939394
CA,combined,3.5,medium,307,0.0905555555555555,-0.5800115571840713,0.8420245398773006,0.4569120287253141,0.1091025131203557,0.9933333333333332
CA,combined,3.5,medium,308,0.0901388888888889,-0.5812156595802699,0.8228043143297381,0.4689413823272091,0.1183784916899337,0.9801116494041654
CA,combined,4.0,medium,301,0.09125,-0.5867483330111384,0.791476407914764,0.4763542562338779,0.1153076150234789,0.98668903803132
CA,combined,4.0,medium,302,0.09125,-0.5726387482978247,0.8249619482496194,0.5255813953488372,0.1104114032021116,0.9933333333333332
CA,combined,4.0,medium,303,0.0895833333333333,-0.5953403536062329,0.8263565891472868,0.5037037037037037,0.1137212960736889,0.99
CA,combined,4.0,medium,304,0.0922222222222222,-0.5834920423799829,0.8343373493975904,0.5098970704671417,0.1158033431431474,1.0
CA,combined,4.0,medium,305,0.0909722222222222,-0.5830733628175494,0.8290076335877863,0.5008156606851549,0.1115651502538438,0.9966666666666668
CA,combined,4.0,medium,306,0.0881944444444444,-0.5861102619692851,0.8015748031496063,0.4874675885911841,0.1148591568383262,1.0
CA,combined,4.0,medium,307,0.0925,-0.5744437358912966,0.8123123123123123,0.522815158546017,0.1102494297469594,0.9833816425120772
CA,combined,4.0,medium,308,0.09375,-0.5856156270905468,0.837037037037037,0.5031796502384738,0.1149871927505994,1.0
CA,combined,5.0,medium,301,0.0930555555555555,-0.5943270043992203,0.8059701492537313,0.499597747385358,0.1103750276720721,1.0
CA,combined,5.0,medium,302,0.0938888888888888,-0.5932501257800085,0.8313609467455622,0.5492857142857143,0.1106090018849529,1.0
CA,combined,5.0,medium,303,0.0916666666666666,-0.5961096979333955,0.8212121212121212,0.524031007751938,0.1143142663245387,1.0
CA,combined,5.0,medium,304,0.09375,-0.5854929514579841,0.7925925925925926,0.537618699780862,0.1159659154561937,1.0
CA,combined,5.0,medium,305,0.0920833333333333,-0.5987280265342693,0.8340874811463047,0.5171875,0.115955595291408,1.0
CA,combined,5.0,medium,306,0.0904166666666666,-0.5913331993099832,0.8202764976958525,0.5085714285714286,0.1134611927133317,0.9966666666666668
CA,combined,5.0,medium,307,0.0941666666666666,-0.5885169373337523,0.8200589970501475,0.530688622754491,0.1107933688252245,1.0
CA,combined,5.0,medium,308,0.0940277777777777,-0.5896956860037682,0.8124076809453471,0.5250759878419453,0.1159186647084887,1.0
CA,combined,6.0,medium,301,0.09375,-0.6004279057513211,0.7777777777777778,0.4873469387755102,0.1132857145808537,1.0
CA,combined,6.0,medium,302,0.0945833333333333,-0.5967521316737433,0.8223201174743024,0.5288461538461539,0.109293422949734,1.0
CA,combined,6.0,medium,303,0.0933333333333333,-0.6022519197339035,0.8169642857142857,0.5143522110162917,0.1124676075118503,1.0
CA,combined,6.0,medium,304,0.0954166666666666,-0.5920786129622664,0.8151382823871907,0.5091743119266054,0.1167974085853832,1.0
CA,combined,6.0,medium,305,0.0933333333333333,-0.5968944684572284,0.8065476190476191,0.5011933174224343,0.113867471899363,1.0
CA,combined,6.0,medium,306,0.0901388888888889,-0.5988374352903303,0.8089368258859785,0.4970906068162926,0.114534460698882,0.9966666666666668
CA,combined,6.0,medium,307,0.0958333333333333,-0.5933764550952922,0.8333333333333334,0.5148288973384031,0.1110398516669729,1.0
CA,combined,6.0,medium,308,0.0943055555555555,-0.5966432899074966,0.8188512518409425,0.50859375,0.1132931347915273,1.0
CA,combined,0.0,strong,301,0.0081944444444444,-0.2133643863024738,0.3050847457627119,0.0350877192982456,0.2010746918668995,0.1725598670292046
CA,combined,0.0,strong,302,0.0075,-0.1503652485169941,0.1666666666666666,0.0,0.2022613919196161,0.1673840470317662
CA,combined,0.0,strong,303,0.0069444444444444,-0.1507808539237467,0.08,0.0,0.1998931145426212,0.1768251386000996
CA,combined,0.0,strong,304,0.0066666666666666,-0.1612697783862589,0.125,0.0,0.2015797711523989,0.1814886601821332
CA,combined,0.0,strong,305,0.0069444444444444,-0.2482147956616018,0.18,0.0,0.2004041838039975,0.1835660242465212
CA,combined,0.0,strong,306,0.0066666666666666,-0.225108211346661,0.0833333333333333,0.0,0.2008928577752059,0.1792597167777375
CA,combined,0.0,strong,307,0.0066666666666666,-0.1405010623594919,0.125,0.0217391304347826,0.2007536237409859,0.1701960630884791
CA,combined,0.0,strong,308,0.0080555555555555,-0.1724961888039327,0.1379310344827586,0.0,0.200955202507288,0.168036304655909
CA,combined,0.5,strong,301,0.0168055555555555,-0.253305028705229,0.3140495867768595,0.0442477876106194,0.1581731994504595,0.2248523861799901
CA,combined,0.5,strong,302,0.0179166666666666,-0.2399556168976568,0.3875968992248062,0.0416666666666666,0.1567963365950431,0.2200744641365781
CA,combined,0.5,strong,303,0.0154166666666666,-0.2487238465675001,0.3153153153153153,0.0188679245283018,0.1600461450832863,0.2166670260298229
CA,combined,0.5,strong,304,0.0175,-0.2319977825845338,0.3174603174603174,0.0088495575221238,0.1576720068000237,0.2220308061407565
CA,combined,0.5,strong,305,0.0183333333333333,-0.2856338081639684,0.4242424242424242,0.0573770491803278,0.1571299356085857,0.2304389828325848
CA,combined,0.5,strong,306,0.0170833333333333,-0.2707397534483419,0.3739837398373983,0.008695652173913,0.1587000284968649,0.2369777910199698
CA,combined,0.5,strong,307,0.0173611111111111,-0.2478480932163602,0.368,0.0,0.1563788299971448,0.217814323784431
CA,combined,0.5,strong,308,0.0176388888888888,-0.2320478972775375,0.2362204724409448,0.0084033613445378,0.1571374861993374,0.2228899791439605
CA,combined,1.0,strong,301,0.0433333333333333,-0.4071410594433396,0.6185897435897436,0.10625,0.120833484069993,0.4573664898539631
CA,combined,1.0,strong,302,0.0352777777777777,-0.3049456303811209,0.515748031496063,0.0957854406130268,0.1253305782578124,0.3367123428954687
CA,combined,1.0,strong,303,0.0388888888888888,-0.367962666895837,0.5607142857142857,0.089605734767025,0.1302111748701123,0.4144827712395902
CA,combined,1.0,strong,304,0.0379166666666666,-0.3525848786966567,0.5311355311355311,0.0954063604240282,0.1248252931681458,0.3935713220806986
CA,combined,1.0,strong,305,0.0379166666666666,-0.3666754795736874,0.5018315018315018,0.1157894736842105,0.123563914652289,0.4014817346479968
CA,combined,1.0,strong,306,0.0383333333333333,-0.3742248856280369,0.5615942028985508,0.0755395683453237,0.1322374025240358,0.4168167585480068
CA,combined,1.0,strong,307,0.0381944444444444,-0.3524317340443916,0.5454545454545454,0.1111111111111111,0.1211481059992614,0.3751954298201103
CA,combined,1.0,strong,308,0.0373611111111111,-0.3373856842941863,0.5241635687732342,0.0679245283018867,0.1144541411852755,0.3724300510961124
CA,combined,1.5,strong,301,0.0676388888888888,-0.4968225137167329,0.7433264887063655,0.1928571428571428,0.1157453329730047,0.7808772569887774
CA,combined,1.5,strong,302,0.0633333333333333,-0.4416633843600428,0.7149122807017544,0.2060491493383743,0.1103861844021354,0.6942280255458372
CA,combined,1.5,strong,303,0.0654166666666666,-0.4984249976322081,0.7452229299363057,0.1837121212121212,0.1248144918857285,0.755627963282168
CA,combined,1.5,strong,304,0.0629166666666666,-0.456936182868477,0.7262693156732892,0.2117202268431001,0.1175079724792084,0.6645095879064639
CA,combined,1.5,strong,305,0.0634722222222222,-0.4750492975428917,0.7330415754923414,0.1594488188976378,0.1133774843217431,0.7385375883086885
CA,combined,1.5,strong,306,0.0670833333333333,-0.479222617975615,0.7308488612836439,0.1634980988593156,0.1232596326615206,0.7457631324518047
CA,combined,1.5,strong,307,0.0625,-0.4622507073154048,0.7644444444444445,0.1968810916179337,0.1108290085192145,0.6501433460976833
CA,combined,1.5,strong,308,0.0661111111111111,-0.4645800808095977,0.7563025210084033,0.2003710575139146,0.1088058882983839,0.6958587232608943
CA,combined,2.0,strong,301,0.0801388888888888,-0.5519986159596333,0.7954939341421143,0.2588075880758808,0.1146994529259726,0.944157164444138
CA,combined,2.0,strong,302,0.08,-0.5285517114628856,0.7829861111111112,0.2905759162303665,0.1059078025604079,0.9188908001427184
CA,combined,2.0,strong,303,0.0780555555555555,-0.5474436003812043,0.7793594306049823,0.2560455192034139,0.1175456154327675,0.9186874000596992
CA,combined,2.0,strong,304,0.0805555555555555,-0.5210042815084013,0.8,0.2773333333333333,0.1179008492668795,0.9126322068703768
CA,combined,2.0,strong,305,0.0779166666666666,-0.5359504084920143,0.8146167557932263,0.2847411444141689,0.1150130587182841,0.9122503090609786
CA,combined,2.0,strong,306,0.0780555555555555,-0.5338752778293067,0.7882562277580071,0.2616690240452616,0.1178090488487591,0.9285259883250446
CA,combined,2.0,strong,307,0.0795833333333333,-0.5250129376472149,0.8080279232111692,0.2843537414965986,0.1103389414503867,0.9002231119383066
CA,combined,2.0,strong,308,0.0797222222222222,-0.5360758268310423,0.8170731707317073,0.2791946308724832,0.1106785762927467,0.9119938862910428
CA,combined,2.5,strong,301,0.0870833333333333,-0.5686868431496511,0.8086124401913876,0.371244635193133,0.1158854205912849,0.9601743888304898
CA,combined,2.5,strong,302,0.0852777777777777,-0.5487137052659303,0.8175895765472313,0.39304531085353,0.1108144894603219,0.9572403306649252
CA,combined,2.5,strong,303,0.0841666666666666,-0.5756879519811303,0.8168316831683168,0.3933547695605573,0.1164393922921228,0.976706114398422
CA,combined,2.5,strong,304,0.0861111111111111,-0.5584268030155519,0.817741935483871,0.3779697624190065,0.1208780115197148,0.9669108007029844
CA,combined,2.5,strong,305,0.0843055555555555,-0.5581577662922722,0.8220757825370676,0.374037403740374,0.1102120031728601,0.9540100252384794
CA,combined,2.5,strong,306,0.0856944444444444,-0.5767119307055757,0.8508914100486223,0.3540723981900452,0.1152927639840061,0.9966666666666668
CA,combined,2.5,strong,307,0.0863888888888888,-0.5527866281271159,0.837620578778135,0.3706521739130435,0.1083989881288423,0.9701209044004074
CA,combined,2.5,strong,308,0.0870833333333333,-0.5526768610129151,0.8197767145135566,0.3748657357679914,0.111339858318321,0.9671021984112802
CA,combined,3.0,strong,301,0.0894444444444444,-0.584337158810912,0.7950310559006211,0.4428969359331476,0.1134498264467301,0.98668903803132
CA,combined,3.0,strong,302,0.0894444444444444,-0.5724629077938477,0.8493788819875776,0.4855687606112054,0.109553633996707,0.9966666666666664
CA,combined,3.0,strong,303,0.0872222222222222,-0.5920330009059902,0.8152866242038217,0.4495327102803738,0.1165962295147017,0.9866666666666668
CA,combined,3.0,strong,304,0.0891666666666666,-0.5725109321203156,0.8442367601246106,0.4606334841628959,0.1127473528841235,0.99
CA,combined,3.0,strong,305,0.0879166666666666,-0.5809233816288797,0.8388625592417062,0.4435028248587571,0.1136809543827311,0.9933333333333332
CA,combined,3.0,strong,306,0.0858333333333333,-0.5888328975183436,0.8187702265372169,0.4439071566731141,0.1139551695804197,0.9966666666666668
CA,combined,3.0,strong,307,0.0908333333333333,-0.5759040453524489,0.8669724770642202,0.4684210526315789,0.1076896825918273,1.0
CA,combined,3.0,strong,308,0.0904166666666666,-0.5777223605015531,0.8248847926267281,0.4512635379061371,0.1117212721892594,0.9866915422885572
CA,combined,3.5,strong,301,0.0897222222222222,-0.5909462633601877,0.8080495356037152,0.4885883347421809,0.1146973979282688,0.9933333333333332
CA,combined,3.5,strong,302,0.0898611111111111,-0.5786584613179085,0.8361669242658424,0.5261923377638781,0.1109120686381607,0.9933333333333332
CA,combined,3.5,strong,303,0.0884722222222222,-0.5914098790941479,0.8320251177394035,0.5078447563996696,0.1151131415721536,0.9933333333333332
CA,combined,3.5,strong,304,0.09125,-0.5745217245037469,0.84779299847793,0.5134493670886076,0.1124465056478197,0.9900775193798448
CA,combined,3.5,strong,305,0.0898611111111111,-0.5812493771020117,0.8253477588871716,0.5004149377593361,0.114366458686678,0.9933333333333332
CA,combined,3.5,strong,306,0.0873611111111111,-0.5891193676178941,0.8298887122416534,0.5080033698399326,0.1137034065479711,0.99
CA,combined,3.5,strong,307,0.0919444444444444,-0.5758714984370108,0.8323262839879154,0.5087719298245614,0.1088250187451188,0.9966666666666668
CA,combined,3.5,strong,308,0.09125,-0.5879838300427563,0.821917808219178,0.4975288303130148,0.1200219669788911,0.986691542288557
CA,combined,4.0,strong,301,0.0918055555555555,-0.5905819136709062,0.8078668683812406,0.5095238095238095,0.111931423198278,0.9966666666666668
CA,combined,4.0,strong,302,0.0916666666666666,-0.5875863775988963,0.8378787878787879,0.5633903133903134,0.1113930355825369,1.0
CA,combined,4.0,strong,303,0.0909722222222222,-0.5950193252904574,0.8183206106870229,0.5302218821729151,0.1161872031182749,1.0
CA,combined,4.0,strong,304,0.0919444444444444,-0.5856857549979183,0.8277945619335347,0.54,0.1156635628297909,1.0
CA,combined,4.0,strong,305,0.0909722222222222,-0.5851728219214656,0.833587786259542,0.5265210608424337,0.1125402014458526,0.9966666666666668
CA,combined,4.0,strong,306,0.0891666666666666,-0.5899684110539417,0.8146417445482866,0.5185483870967742,0.117249460631117,1.0
CA,combined,4.0,strong,307,0.0926388888888889,-0.5803278854435197,0.8275862068965517,0.5345864661654135,0.1099454687199575,0.99
CA,combined,4.0,strong,308,0.0925,-0.5858000854522233,0.8168168168168168,0.5206869633099142,0.1145738414813833,0.9933333333333332
CA,combined,5.0,strong,301,0.0926388888888889,-0.6036059158248376,0.7871064467766117,0.5032258064516129,0.1101453659202651,1.0
CA,combined,5.0,strong,302,0.0929166666666666,-0.5914809964498264,0.8191330343796711,0.5542168674698795,0.1094831894387079,1.0
CA,combined,5.0,strong,303,0.0923611111111111,-0.6052329245395806,0.8345864661654135,0.5395522388059701,0.1145575648225668,1.0
CA,combined,5.0,strong,304,0.0934722222222222,-0.5867983361318597,0.8008915304606241,0.5451263537906137,0.1171751325994742,1.0
CA,combined,5.0,strong,305,0.0919444444444444,-0.5968028067111286,0.8217522658610272,0.5233281493001555,0.1162712077927615,1.0
CA,combined,5.0,strong,306,0.0897222222222222,-0.5926658095356595,0.804953560371517,0.5265241488519399,0.1156267000521178,1.0
CA,combined,5.0,strong,307,0.0948611111111111,-0.58419253871737,0.828696925329429,0.539810080350621,0.1110103165083311,1.0
CA,combined,5.0,strong,308,0.0933333333333333,-0.5910146682912684,0.8244047619047619,0.5349702380952381,0.1172731906076426,1.0
CA,combined,6.0,strong,301,0.0933333333333333,-0.5976855177359125,0.7961309523809523,0.4931062449310625,0.1127103096937545,1.0
CA,combined,6.0,strong,302,0.095,-0.5946463184071454,0.827485380116959,0.5325530358449159,0.1093383633662148,1.0
CA,combined,6.0,strong,303,0.0930555555555555,-0.595899870911496,0.8044776119402985,0.5147744945567652,0.1127170440232903,1.0
CA,combined,6.0,strong,304,0.0943055555555555,-0.5962487308394394,0.8159057437407953,0.5107692307692308,0.1153546003605439,1.0
CA,combined,6.0,strong,305,0.0934722222222222,-0.5975805660479627,0.8098068350668648,0.4963855421686747,0.1142112313443425,1.0
CA,combined,6.0,strong,306,0.0908333333333333,-0.5992497598919374,0.808868501529052,0.4881756756756756,0.1152908147629263,1.0
CA,combined,6.0,strong,307,0.0958333333333333,-0.5950362206651724,0.8159420289855073,0.5122699386503068,0.1134212382194812,1.0
CA,combined,6.0,strong,308,0.0943055555555555,-0.6025246204236111,0.8173784977908689,0.5085803432137286,0.1149891959825214,1.0
CA,combined,0.0,weak,301,0.0056944444444444,-0.1653752994987031,0.073170731707317,0.0,0.2014623037347281,0.1628372620464315
CA,combined,0.0,weak,302,0.0055555555555555,-0.1339799244723293,0.175,0.0,0.2018977703803668,0.1605492432701466
CA,combined,0.0,weak,303,0.0047222222222222,-0.15562311623518,0.1470588235294117,0.0,0.2011479440253357,0.1662823886908301
CA,combined,0.0,weak,304,0.0048611111111111,-0.2230655973262625,0.3142857142857143,0.0,0.2010677177848158,0.1711129056097104
CA,combined,0.0,weak,305,0.0038888888888888,-0.1384423172823378,0.0357142857142857,0.0,0.2022978390895927,0.1613606293615909
CA,combined,0.0,weak,306,0.0041666666666666,-0.1985285928710851,0.0,0.0,0.201678257534712,0.1582785889172911
CA,combined,0.0,weak,307,0.0048611111111111,-0.0882490561420891,0.1142857142857142,0.0,0.2012842013552911,0.1579175901693262
CA,combined,0.0,weak,308,0.0048611111111111,-0.136297241221916,0.1142857142857142,0.0,0.2011555658651996,0.1592564939051579
CA,combined,0.5,weak,301,0.0088888888888888,-0.2055831861698686,0.25,0.0333333333333333,0.1582892168399931,0.1832525800082477
CA,combined,0.5,weak,302,0.0111111111111111,-0.1353582898442954,0.225,0.0,0.1595222660697887,0.1777440793218908
CA,combined,0.5,weak,303,0.0106944444444444,-0.2469910282549163,0.2207792207792207,0.0,0.1599163447217698,0.1966919451954829
CA,combined,0.5,weak,304,0.0118055555555555,-0.1667973873082453,0.2352941176470588,0.0,0.1579508090668519,0.1903574731677666
CA,combined,0.5,weak,305,0.0101388888888888,-0.2273848127996353,0.2602739726027397,0.0,0.1574031717705194,0.2028420161327068
CA,combined,0.5,weak,306,0.0119444444444444,-0.2134127004003916,0.3023255813953488,0.0,0.1578036565512405,0.2075011728412799
CA,combined,0.5,weak,307,0.0116666666666666,-0.1901789442474755,0.2738095238095238,0.0,0.1568831919130527,0.1837013842034586
CA,combined,0.5,weak,308,0.0091666666666666,-0.1924551012293656,0.1212121212121212,0.0,0.1575637971353528,0.1763928385774282
CA,combined,1.0,weak,301,0.0216666666666666,-0.2771973683431448,0.2884615384615384,0.0266666666666666,0.1193620810234538,0.2563462634087201
CA,combined,1.0,weak,302,0.0229166666666666,-0.2677878935566554,0.3636363636363636,0.0542168674698795,0.1229515763911647,0.2584965277295987
CA,combined,1.0,weak,303,0.0220833333333333,-0.2831465449768051,0.389937106918239,0.0069444444444444,0.1286407495263736,0.2693379775180866
CA,combined,1.0,weak,304,0.0245833333333333,-0.2845288232300546,0.3898305084745763,0.00625,0.1287868348609435,0.2727808563398928
CA,combined,1.0,weak,305,0.0231944444444444,-0.2783616910476104,0.3173652694610778,0.0065359477124183,0.1281788661209868,0.2838221065692764
CA,combined,1.0,weak,306,0.02375,-0.2866740174772586,0.3450292397660818,0.01875,0.1354471955468533,0.2812401147355298
CA,combined,1.0,weak,307,0.0238888888888888,-0.2728291400192594,0.4709302325581395,0.0133333333333333,0.1254759993684795,0.2467889489364388
CA,combined,1.0,weak,308,0.02625,-0.3028840398340348,0.4973544973544973,0.0058479532163742,0.1196950389593812,0.283143271042477
CA,combined,1.5,weak,301,0.0444444444444444,-0.3885988613597135,0.546875,0.0453074433656957,0.1170927655584146,0.479306501072964
CA,combined,1.5,weak,302,0.0477777777777777,-0.3908701217050783,0.6540697674418605,0.0674486803519061,0.1087125558169159,0.4776853141794709
CA,combined,1.5,weak,303,0.0444444444444444,-0.3990778606414019,0.609375,0.0364238410596026,0.1214426406331796,0.4785623400390734
CA,combined,1.5,weak,304,0.0445833333333333,-0.3488950527582944,0.5981308411214953,0.094224924012158,0.1204517429672879,0.4432193751828549
CA,combined,1.5,weak,305,0.0455555555555555,-0.3886927028519234,0.6128048780487805,0.0838323353293413,0.1125552280076758,0.4863833210698588
CA,combined,1.5,weak,306,0.0420833333333333,-0.3904886868185007,0.5841584158415841,0.047945205479452,0.1278223833447182,0.471621696743756
CA,combined,1.5,weak,307,0.0444444444444444,-0.3769944675844396,0.565625,0.0363036303630363,0.1147546550276985,0.4588863125671868
CA,combined,1.5,weak,308,0.04625,-0.37432603931262,0.6006006006006006,0.0490797546012269,0.1091563283389939,0.4600007071736109
CA,combined,2.0,weak,301,0.0659722222222222,-0.485743125437894,0.728421052631579,0.1012145748987854,0.1123016250924475,0.714111130206944
CA,combined,2.0,weak,302,0.0666666666666666,-0.4683317706504337,0.7125,0.1228070175438596,0.1054583408300422,0.7086329457083594
CA,combined,2.0,weak,303,0.0634722222222222,-0.4802104805138953,0.7461706783369803,0.0959488272921108,0.1246663550978076,0.70981708888951
CA,combined,2.0,weak,304,0.0672222222222222,-0.4764126994542513,0.71900826446281,0.122568093385214,0.1184478087900795,0.736970834149255
CA,combined,2.0,weak,305,0.0673611111111111,-0.4775931824913403,0.7237113402061855,0.13671875,0.1132077927980112,0.7318564239933606
CA,combined,2.0,weak,306,0.06375,-0.4902671769081083,0.7342047930283224,0.0864978902953586,0.1221726127290592,0.7365985207543702
CA,combined,2.0,weak,307,0.0677777777777777,-0.4728561001015133,0.7602459016393442,0.1264591439688716,0.1108481168157046,0.699312755338685
CA,combined,2.0,weak,308,0.0661111111111111,-0.4700648026180096,0.7226890756302521,0.0843881856540084,0.1102439539993397,0.673053030971144
CA,combined,2.5,weak,301,0.0791666666666666,-0.5457433768431668,0.7508771929824561,0.1846153846153846,0.1153219655296508,0.8839304589524037
CA,combined,2.5,weak,302,0.0791666666666666,-0.5194915020927995,0.8087719298245614,0.2202380952380952,0.1070267233159174,0.8641944031711956
CA,combined,2.5,weak,303,0.0776388888888888,-0.5478056324341983,0.7799642218246869,0.1993865030674846,0.1201640905797644,0.9118964941219304
CA,combined,2.5,weak,304,0.0793055555555555,-0.525221900750785,0.7898423817863398,0.2100591715976331,0.1156171300550881,0.875043231806358
CA,combined,2.5,weak,305,0.0777777777777777,-0.5328039857414664,0.7964285714285714,0.1966205837173579,0.1120151173154525,0.8803022758182951
CA,combined,2.5,weak,306,0.0758333333333333,-0.5353445990734116,0.7912087912087912,0.1691056910569105,0.1192107341803825,0.8840636385993684
CA,combined,2.5,weak,307,0.0797222222222222,-0.5277725216083569,0.8240418118466899,0.2363896848137535,0.1087869445898947,0.850654599800306
CA,combined,2.5,weak,308,0.0780555555555555,-0.5210540406227662,0.800711743772242,0.2198795180722891,0.1161938544003306,0.8054987424257907
CA,combined,3.0,weak,301,0.0866666666666666,-0.560610473334857,0.8060897435897436,0.3151658767772511,0.1152580055140639,0.9248858603461996
CA,combined,3.0,weak,302,0.0859722222222222,-0.5490800569240736,0.8287560581583199,0.3480225988700565,0.1088721081966497,0.9287067620890478
CA,combined,3.0,weak,303,0.0834722222222222,-0.5562806067171032,0.7637271214642263,0.3007425742574257,0.1170769389611981,0.9507361800315816
CA,combined,3.0,weak,304,0.0868055555555555,-0.5465357679566398,0.8272,0.3511705685618729,0.1156436300580697,0.9441298665216052
CA,combined,3.0,weak,305,0.0836111111111111,-0.5574792472465556,0.8189368770764119,0.2878980891719745,0.1140445332774724,0.93105358836201
CA,combined,3.0,weak,306,0.0838888888888888,-0.5566765191153155,0.8228476821192053,0.300251256281407,0.114798905621676,0.9410204240052183
CA,combined,3.0,weak,307,0.0865277777777777,-0.5603937019356704,0.8041733547351525,0.3091557669441142,0.1073244121363298,0.9571249474643584
CA,combined,3.0,weak,308,0.0868055555555555,-0.5487560924442068,0.8016,0.3082437275985663,0.1123606340883933,0.934479394950406
CA,combined,3.5,weak,301,0.0894444444444444,-0.5836426936960821,0.8167701863354038,0.3997995991983968,0.1118009900337903,0.9570164564830818
CA,combined,3.5,weak,302,0.0894444444444444,-0.5680153407786359,0.8400621118012422,0.4320987654320987,0.1106922938902452,0.9800490196078432
CA,combined,3.5,weak,303,0.0877777777777777,-0.5837479168602271,0.8259493670886076,0.4052419354838709,0.1158162973205794,0.970138067061144
CA,combined,3.5,weak,304,0.0891666666666666,-0.5694829968266943,0.8177570093457944,0.4270633397312859,0.1116096788687866,0.9671145542795956
CA,combined,3.5,weak,305,0.0883333333333333,-0.5720901623268441,0.8066037735849056,0.3900414937759336,0.1109639143517839,0.9735118628141884
CA,combined,3.5,weak,306,0.0856944444444444,-0.5842545577536602,0.813614262560778,0.3895410885805763,0.1141213867145929,0.9668328571428572
CA,combined,3.5,weak,307,0.0888888888888888,-0.5693180416771229,0.8,0.4142997061704211,0.1070676550326325,0.960595004736044
CA,combined,3.5,weak,308,0.0881944444444444,-0.5676943023027919,0.8078740157480315,0.4215686274509804,0.1142933835487288,0.9381084709134792
CA,combined,4.0,weak,301,0.0898611111111111,-0.5797283868742337,0.7851622874806801,0.4464775846294602,0.1162721314020312,0.9735799346067802
CA,combined,4.0,weak,302,0.0911111111111111,-0.5750767687766237,0.8246951219512195,0.4912863070539419,0.1090472338934036,0.9833823529411766
CA,combined,4.0,weak,303,0.0898611111111111,-0.5892158767627715,0.8299845440494591,0.4720767888307155,0.1160905486311916,0.9900197238658776
CA,combined,4.0,weak,304,0.0911111111111111,-0.5797637922962613,0.8338414634146342,0.4796264855687606,0.1144530418704092,0.99
CA,combined,4.0,weak,305,0.0897222222222222,-0.581853847568901,0.8235294117647058,0.4508196721311475,0.111828504273689,0.983359173126615
CA,combined,4.0,weak,306,0.0868055555555555,-0.592642126340806,0.8176,0.4476190476190476,0.1140611228627134,0.9767726984126984
CA,combined,4.0,weak,307,0.0918055555555555,-0.583854655003513,0.8245083207261724,0.4646288209606987,0.1074187695223576,0.9866666666666668
CA,combined,4.0,weak,308,0.0909722222222222,-0.5751478618129746,0.8244274809160306,0.4716652136006974,0.1166454177565987,0.9770154246290054
CA,combined,5.0,weak,301,0.0916666666666666,-0.5930332990552509,0.8,0.4958813838550247,0.1139232882871887,0.9933589743589744
CA,combined,5.0,weak,302,0.0920833333333333,-0.5850033667961282,0.8355957767722474,0.5374907201187825,0.1099454073734387,0.9966666666666668
CA,combined,5.0,weak,303,0.0916666666666666,-0.5960162857196896,0.8181818181818182,0.5213675213675214,0.1126490989317757,0.9966666666666668
CA,combined,5.0,weak,304,0.0929166666666666,-0.584823267269834,0.8131539611360239,0.5271493212669683,0.1154866332536342,0.9900775193798448
CA,combined,5.0,weak,305,0.0918055555555555,-0.5972962080330093,0.8154311649016641,0.5072463768115942,0.1150987626003247,0.9933333333333332
CA,combined,5.0,weak,306,0.0895833333333333,-0.5930473881551512,0.8062015503875969,0.4966159052453469,0.1161986585188129,0.9933333333333332
CA,combined,5.0,weak,307,0.0938888888888888,-0.5906492869608431,0.8269230769230769,0.5235204855842185,0.1109166086784894,0.9933333333333332
CA,combined,5.0,weak,308,0.0923611111111111,-0.5940970556407186,0.8285714285714286,0.5246153846153846,0.1140786240791502,0.9966666666666668
CA,combined,6.0,weak,301,0.0936111111111111,-0.5993029440229657,0.7670623145400594,0.484375,0.1131047742000222,0.9966666666666668
CA,combined,6.0,weak,302,0.0948611111111111,-0.5921390342891324,0.7964860907759883,0.5241635687732342,0.109641796388219,1.0
CA,combined,6.0,weak,303,0.0926388888888889,-0.6059229964752492,0.8065967016491754,0.5063291139240507,0.1112741497572123,1.0
CA,combined,6.0,weak,304,0.0951388888888888,-0.5890172830752932,0.8014598540145985,0.51,0.1135699064246747,1.0
CA,combined,6.0,weak,305,0.0929166666666666,-0.5969135156105678,0.8011958146487295,0.4951534733441033,0.1155168630890788,1.0
CA,combined,6.0,weak,306,0.0906944444444444,-0.6013405337730181,0.8085758039816233,0.4829351535836177,0.1143736139713521,1.0
CA,combined,6.0,weak,307,0.0959722222222222,-0.5924983880759004,0.8104196816208393,0.5058365758754864,0.1121368814041093,1.0
CA,combined,6.0,weak,308,0.0940277777777777,-0.5963435543152158,0.8138847858197932,0.5090054815974941,0.1152033832340052,1.0
FL,combined,0.0,medium,301,0.0061111111111111,-0.007608553986007,0.1818181818181818,0.0,0.1985014710165896,0.1632711329706044
FL,combined,0.0,medium,302,0.0051388888888888,0.0031035046527602,0.1891891891891892,0.0,0.2010275513319694,0.1614362026673199
FL,combined,0.0,medium,303,0.0066666666666666,-0.0194238843297668,0.1041666666666666,0.0,0.1998340363097693,0.1577774984391701
FL,combined,0.0,medium,304,0.0059722222222222,-0.0126416952382573,0.1395348837209302,0.0,0.1994088047380096,0.1735076562348055
FL,combined,0.0,medium,305,0.0081944444444444,-0.0170567187645909,0.1525423728813559,0.0,0.2010966123199319,0.1675580714575018
FL,combined,0.0,medium,306,0.0056944444444444,0.0043329939436922,0.1463414634146341,0.0512820512820512,0.2002295942394133,0.1689180696925606
FL,combined,0.0,medium,307,0.0068055555555555,0.0049250115142477,0.1428571428571428,0.0,0.1988165592668557,0.1734680565822572
FL,combined,0.0,medium,308,0.0045833333333333,-0.024018050230644,0.1515151515151515,0.0,0.2004256658263179,0.1705863512414516
FL,combined,0.5,medium,301,0.0166666666666666,-0.0814893798908329,0.2916666666666667,0.027027027027027,0.1545308685830715,0.1737772674911075
FL,combined,0.5,medium,302,0.0143055555555555,-0.0426021219360005,0.2524271844660194,0.0206185567010309,0.1595775294606925,0.1679989087612302
FL,combined,0.5,medium,303,0.0147222222222222,-0.0994405472207538,0.3396226415094339,0.04,0.1564458923549138,0.1738904493755824
FL,combined,0.5,medium,304,0.0145833333333333,-0.0461601075520818,0.2857142857142857,0.0103092783505154,0.153371692641641,0.1812180523984124
FL,combined,0.5,medium,305,0.0173611111111111,-0.0801022353828624,0.32,0.0086206896551724,0.1592401301447626,0.1728691327283216
FL,combined,0.5,medium,306,0.0165277777777777,-0.0605296735323241,0.3445378151260504,0.0093457943925233,0.1546827723866118,0.187527123289465
FL,combined,0.5,medium,307,0.0155555555555555,-0.0813527922504323,0.4107142857142857,0.0,0.1550967467341439,0.1807668883237589
FL,combined,0.5,medium,308,0.0165277777777777,-0.0911494248321331,0.2689075630252101,0.027027027027027,0.1537104964644464,0.1733336754165414
FL,combined,1.0,medium,301,0.0338888888888888,-0.1878996946633737,0.5,0.0883534136546184,0.1244001669398642,0.256374544385297
FL,combined,1.0,medium,302,0.0338888888888888,-0.1436836324639286,0.5491803278688525,0.0890688259109311,0.1198399489338444,0.2543580877369626
FL,combined,1.0,medium,303,0.0361111111111111,-0.1629360437024708,0.55,0.056910569105691,0.1299950413139417,0.2497169952007201
FL,combined,1.0,medium,304,0.0315277777777777,-0.1561800774560235,0.5726872246696035,0.0377358490566037,0.1254341007233285,0.2468133747692917
FL,combined,1.0,medium,305,0.0373611111111111,-0.2164834158641967,0.6059479553903345,0.0610687022900763,0.1354472198041495,0.2702623693724908
FL,combined,1.0,medium,306,0.0309722222222222,-0.1406144721264692,0.4260089686098655,0.0568720379146919,0.1311430620935029,0.2378124842043127
FL,combined,1.0,medium,307,0.0330555555555555,-0.1607473552398297,0.4831932773109244,0.0717299578059071,0.1241178941319489,0.2542986099295065
FL,combined,1.0,medium,308,0.03375,-0.1576580741843815,0.522633744855967,0.0826086956521739,0.1246793146933214,0.2342384350225416
FL,combined,1.5,medium,301,0.0619444444444444,-0.3025380793234086,0.7286995515695067,0.1548117154811715,0.1104840036622614,0.4825562401632307
FL,combined,1.5,medium,302,0.0534722222222222,-0.2356747541215951,0.6467532467532467,0.2178649237472767,0.1099982464441142,0.4102725499776612
FL,combined,1.5,medium,303,0.0586111111111111,-0.2603184375150966,0.6729857819905213,0.1565217391304348,0.1218334834548148,0.447731106973409
FL,combined,1.5,medium,304,0.0584722222222222,-0.2944307955185496,0.7292161520190024,0.1705756929637526,0.1189310289596407,0.480125878874469
FL,combined,1.5,medium,305,0.0580555555555555,-0.2890870669273754,0.7177033492822966,0.1851063829787234,0.1254640100488631,0.4509068177736735
FL,combined,1.5,medium,306,0.0593055555555555,-0.2718590480942999,0.7072599531615925,0.1856540084388185,0.1216109374788535,0.4613215121100298
FL,combined,1.5,medium,307,0.0609722222222222,-0.2978760012809905,0.7904328018223234,0.1578947368421052,0.1133016935632044,0.4921160327400193
FL,combined,1.5,medium,308,0.0583333333333333,-0.2784910659547721,0.7404761904761905,0.1514476614699332,0.1200594310452895,0.4396571875985854
FL,combined,2.0,medium,301,0.0844444444444444,-0.4075582843535785,0.8125,0.25,0.1144425632934271,0.8121732554382783
FL,combined,2.0,medium,302,0.0754166666666666,-0.3385295851803992,0.7790055248618785,0.3224932249322493,0.1107996942013273,0.6994699209663015
FL,combined,2.0,medium,303,0.0827777777777777,-0.3819930333482068,0.8187919463087249,0.2993630573248407,0.11812169777485,0.7765244904514215
FL,combined,2.0,medium,304,0.0819444444444444,-0.4042665936142578,0.8288135593220339,0.2664872139973082,0.113356462059003,0.7833785682995026
FL,combined,2.0,medium,305,0.0830555555555555,-0.3983192204749908,0.81438127090301,0.2591093117408907,0.1214156197888976,0.7695324552308811
FL,combined,2.0,medium,306,0.0805555555555555,-0.3710060712284713,0.8224137931034483,0.273841961852861,0.123498335677263,0.7277013884236794
FL,combined,2.0,medium,307,0.0825,-0.389843061865564,0.8232323232323232,0.2851511169513798,0.1110231791298623,0.7496348187116447
FL,combined,2.0,medium,308,0.0834722222222222,-0.3885217867340367,0.8103161397670549,0.2558139534883721,0.1118098301325091,0.7371432625298697
FL,combined,2.5,medium,301,0.0938888888888888,-0.4490407989775331,0.8446745562130178,0.3735059760956175,0.1137911145022445,0.8906090884474895
FL,combined,2.5,medium,302,0.0905555555555555,-0.4189499623481739,0.848159509202454,0.4506001846722068,0.1069037743715844,0.9034713582989518
FL,combined,2.5,medium,303,0.0943055555555555,-0.4480220315048564,0.8556701030927835,0.3923076923076923,0.1143154940445578,0.9345524331301068
FL,combined,2.5,medium,304,0.0923611111111111,-0.4488855342620265,0.869172932330827,0.3920792079207921,0.1135320534693096,0.9376096913264568
FL,combined,2.5,medium,305,0.0940277777777777,-0.4476926191071728,0.8537666174298375,0.3947368421052631,0.122228061814385,0.8741272168063207
FL,combined,2.5,medium,306,0.0930555555555555,-0.4314951124742412,0.8611940298507462,0.4025096525096525,0.1238725292882809,0.921788630677982
FL,combined,2.5,medium,307,0.0908333333333333,-0.4440647559829324,0.8577981651376146,0.3931795386158475,0.1127212654697753,0.9070645133788596
FL,combined,2.5,medium,308,0.0952777777777777,-0.4468043333844886,0.8629737609329446,0.4088345864661654,0.1134074623226072,0.9004209080576603
FL,combined,3.0,medium,301,0.1011111111111111,-0.4787794894202892,0.8461538461538461,0.474091260634184,0.1132709884148225,0.9668097645270464
FL,combined,3.0,medium,302,0.0948611111111111,-0.4478992608517358,0.8696925329428989,0.5549374130737135,0.1085448810291612,0.9574160293897136
FL,combined,3.0,medium,303,0.0993055555555555,-0.4594650815998257,0.8741258741258742,0.4891808346213292,0.1173997374371984,0.963883043732398
FL,combined,3.0,medium,304,0.0984722222222222,-0.4811236974469242,0.8744710860366713,0.4834645669291338,0.1146086006137884,0.9736149110807114
FL,combined,3.0,medium,305,0.0991666666666666,-0.4642214715394893,0.8683473389355743,0.5180375180375181,0.1232944343225017,0.960740671372168
FL,combined,3.0,medium,306,0.09875,-0.4548506309990622,0.8663853727144867,0.5132547864506627,0.1177731783474173,0.9767931746031746
FL,combined,3.0,medium,307,0.0983333333333333,-0.4744695044817827,0.8700564971751412,0.498468606431853,0.1157089788021331,0.97025199324457
FL,combined,3.0,medium,308,0.0975,-0.4735882911261544,0.8760683760683761,0.5071806500377929,0.1157811607821686,0.9314952119194146
FL,combined,3.5,medium,301,0.1033333333333333,-0.4889367906256532,0.8387096774193549,0.558898847631242,0.1145361951224606,0.9704417670682732
FL,combined,3.5,medium,302,0.0977777777777777,-0.4651070045162386,0.8380681818181818,0.6127508854781583,0.10679300716608,0.9766666666666668
FL,combined,3.5,medium,303,0.1011111111111111,-0.4826869235697076,0.8791208791208791,0.5546108567691301,0.1169052458724274,0.9866863905325444
FL,combined,3.5,medium,304,0.1005555555555555,-0.4874489066547431,0.8591160220994475,0.5646302250803859,0.1172510331117721,0.99
FL,combined,3.5,medium,305,0.1025,-0.4895727786457023,0.8550135501355014,0.5741895261845387,0.1188959916934817,0.9800964223158696
FL,combined,3.5,medium,306,0.1006944444444444,-0.4764429237619222,0.8620689655172413,0.5839552238805971,0.1154909523227522,0.98008
FL,combined,3.5,medium,307,0.1005555555555555,-0.4781674662647348,0.8425414364640884,0.5744274809160306,0.1159326063066347,0.9801113172541742
FL,combined,3.5,medium,308,0.1023611111111111,-0.4862723376261301,0.8751696065128901,0.564381806534273,0.1082928669389798,0.9701724714487686
FL,combined,4.0,medium,301,0.1041666666666666,-0.5041730745728427,0.8506666666666667,0.5954598370197904,0.1161972830804629,0.9867179487179488
FL,combined,4.0,medium,302,0.1001388888888888,-0.4696590881280652,0.8654646324549237,0.6490861618798955,0.1078527993575556,0.9866666666666668
FL,combined,4.0,medium,303,0.1045833333333333,-0.4915998208767004,0.8446215139442231,0.6062639821029083,0.1210629366278315,0.9966666666666668
FL,combined,4.0,medium,304,0.1026388888888888,-0.4964342371470027,0.8795669824086604,0.6091628959276018,0.1164591109781487,1.0
FL,combined,4.0,medium,305,0.1044444444444444,-0.4976173026918764,0.848404255319149,0.6055776892430279,0.1142229954477042,0.9867561521252796
FL,combined,4.0,medium,306,0.1033333333333333,-0.4802494866678172,0.8561827956989247,0.6118047673098751,0.1183305037736882,0.9900793650793652
FL,combined,4.0,medium,307,0.1030555555555555,-0.4930069419077081,0.862533692722372,0.6102564102564103,0.1131023659356995,0.9966666666666668
FL,combined,4.0,medium,308,0.1048611111111111,-0.4955285833580137,0.8397350993377484,0.6079418344519015,0.1148870311871368,0.9933333333333332
FL,combined,5.0,medium,301,0.1077777777777777,-0.5157165027233378,0.8389175257731959,0.6077048290830168,0.1169454373193503,0.9966666666666668
FL,combined,5.0,medium,302,0.1020833333333333,-0.4730806335910987,0.8285714285714286,0.6801675977653632,0.1114104056192654,1.0
FL,combined,5.0,medium,303,0.1061111111111111,-0.4991540435465786,0.8481675392670157,0.6242713301536831,0.1170724866310937,1.0
FL,combined,5.0,medium,304,0.1044444444444444,-0.5049540303497018,0.8710106382978723,0.6409067490984028,0.117702647965108,0.9966666666666668
FL,combined,5.0,medium,305,0.10625,-0.513673863180123,0.85359477124183,0.6150514347590688,0.117801169878342,1.0
FL,combined,5.0,medium,306,0.1051388888888888,-0.4845099905222838,0.8678996036988111,0.6425682507583418,0.1139201417547741,1.0
FL,combined,5.0,medium,307,0.1055555555555555,-0.4951344162740368,0.8421052631578947,0.64387031408308,0.114592388354664,1.0
FL,combined,5.0,medium,308,0.1077777777777777,-0.5062378259603673,0.8556701030927835,0.6270298585646935,0.1117767642555744,1.0
FL,combined,6.0,medium,301,0.1090277777777777,-0.5121594087771131,0.8292993630573249,0.6120920278223649,0.1179706293482569,1.0
FL,combined,6.0,medium,302,0.1047222222222222,-0.4898174218013386,0.8620689655172413,0.663632007666507,0.1113296205084035,1.0
FL,combined,6.0,medium,303,0.1077777777777777,-0.5047477962015794,0.8582474226804123,0.6148901981788967,0.1225126780279929,0.9966666666666668
FL,combined,6.0,medium,304,0.1065277777777777,-0.513800845438,0.8591916558018253,0.617078410311493,0.1155446873726957,1.0
FL,combined,6.0,medium,305,0.1081944444444444,-0.5191841400505198,0.834403080872914,0.6027322404371585,0.1183430837139852,1.0
FL,combined,6.0,medium,306,0.1063888888888889,-0.4915015019302263,0.856396866840731,0.6323681489141675,0.1162558209776239,1.0
FL,combined,6.0,medium,307,0.1076388888888889,-0.5025365684548196,0.8258064516129032,0.6174568965517241,0.1154949225086312,1.0
FL,combined,6.0,medium,308,0.1083333333333333,-0.5169419668906402,0.8589743589743589,0.6149732620320856,0.1138863428803618,1.0
FL,combined,0.0,strong,301,0.0075,-0.0427657933815774,0.1296296296296296,0.0,0.1989637542203148,0.1725598670292046
FL,combined,0.0,strong,302,0.00625,-0.0134554789296065,0.0444444444444444,0.0,0.1992579376886552,0.1673840470317662
FL,combined,0.0,strong,303,0.0080555555555555,-0.0311093571479027,0.1551724137931034,0.0181818181818181,0.2014689024034509,0.1768251386000996
FL,combined,0.0,strong,304,0.0084722222222222,-0.0523197081475349,0.1311475409836065,0.0,0.1979944404286509,0.1814886601821332
FL,combined,0.0,strong,305,0.0083333333333333,-0.0259894899593463,0.1666666666666666,0.0178571428571428,0.1997687549505153,0.1835660242465212
FL,combined,0.0,strong,306,0.0070833333333333,0.0190923368707751,0.1176470588235294,0.0,0.2016989710251985,0.1792597167777375
FL,combined,0.0,strong,307,0.0054166666666666,0.0021663087895585,0.0512820512820512,0.0,0.1997698902750365,0.1701960630884791
FL,combined,0.0,strong,308,0.0076388888888888,-0.0687675086862965,0.1272727272727272,0.0,0.2000646674362108,0.168036304655909
FL,combined,0.5,strong,301,0.0194444444444444,-0.1224413869484306,0.35,0.0,0.1555387251120751,0.1782918046260338
FL,combined,0.5,strong,302,0.0154166666666666,-0.0689326581509793,0.3153153153153153,0.073394495412844,0.1571063488130124,0.1710859833943375
FL,combined,0.5,strong,303,0.0179166666666666,-0.0800620340170732,0.4031007751937984,0.0338983050847457,0.156744570108133,0.1891710938806139
FL,combined,0.5,strong,304,0.01375,-0.0910267661183299,0.2626262626262626,0.0,0.1558249890498122,0.1964423881689463
FL,combined,0.5,strong,305,0.0211111111111111,-0.1349578319326657,0.4013157894736842,0.0070422535211267,0.1553874394880291,0.2057592775196088
FL,combined,0.5,strong,306,0.0173611111111111,-0.0962977556052166,0.328,0.0260869565217391,0.156239146798895,0.1936217712486653
FL,combined,0.5,strong,307,0.0191666666666666,-0.0994557960191007,0.3405797101449275,0.0079365079365079,0.1569881568870123,0.1910873213145009
FL,combined,0.5,strong,308,0.0191666666666666,-0.0851886355839979,0.4057971014492754,0.0252100840336134,0.1603097947514516,0.1907737597369832
FL,combined,1.0,strong,301,0.0380555555555555,-0.2221547237223128,0.5401459854014599,0.1067615658362989,0.1224967622855087,0.2840205257201035
FL,combined,1.0,strong,302,0.0330555555555555,-0.1691715492907012,0.5336134453781513,0.1031746031746031,0.1245089526825422,0.2603941073724982
FL,combined,1.0,strong,303,0.0388888888888888,-0.203700354768496,0.625,0.1180555555555555,0.1279485326063637,0.2781986307537838
FL,combined,1.0,strong,304,0.0372222222222222,-0.2028950096387236,0.5746268656716418,0.0639097744360902,0.1233202050455545,0.2938821181983108
FL,combined,1.0,strong,305,0.0355555555555555,-0.1705923104968748,0.57421875,0.1058823529411764,0.1323863868004942,0.2474667285257511
FL,combined,1.0,strong,306,0.0365277777777777,-0.1716917071869691,0.5665399239543726,0.1152416356877323,0.1265634479798759,0.283116054783184
FL,combined,1.0,strong,307,0.0440277777777777,-0.2401777459213868,0.6529968454258676,0.1437308868501529,0.1243314087659208,0.3290620874069765
FL,combined,1.0,strong,308,0.0413888888888888,-0.2177434114864664,0.5939597315436241,0.0850340136054421,0.1263985592674534,0.2972964827894649
FL,combined,1.5,strong,301,0.0670833333333333,-0.3312333896341608,0.7474120082815735,0.2260869565217391,0.1195912079157491,0.5666883854633802
FL,combined,1.5,strong,302,0.0631944444444444,-0.2964892748033975,0.7296703296703296,0.2688927943760984,0.114229935643889,0.539810147289628
FL,combined,1.5,strong,303,0.0670833333333333,-0.3238171350348045,0.782608695652174,0.2491525423728813,0.1159490976056212,0.5566892467014735
FL,combined,1.5,strong,304,0.0647222222222222,-0.3144521763729349,0.7446351931330472,0.2151898734177215,0.1126857527291705,0.5721894656391868
FL,combined,1.5,strong,305,0.0661111111111111,-0.3051512835528889,0.7373949579831933,0.2371681415929203,0.1315393713960629,0.4974643274277415
FL,combined,1.5,strong,306,0.0666666666666666,-0.3061025633477578,0.76875,0.2186379928315412,0.1252674052220693,0.5740459088324296
FL,combined,1.5,strong,307,0.0670833333333333,-0.3256750134601583,0.7267080745341615,0.1985559566787003,0.1138646418048288,0.5868102167613386
FL,combined,1.5,strong,308,0.0658333333333333,-0.3188572173345823,0.7447257383966245,0.2267857142857142,0.1163932668414962,0.5382667374585681
FL,combined,2.0,strong,301,0.0877777777777777,-0.429221811499438,0.8322784810126582,0.3329596412556054,0.1106188614770458,0.866049964390422
FL,combined,2.0,strong,302,0.0834722222222222,-0.3933525941538603,0.8435940099833611,0.3798882681564245,0.111002159706851,0.848135647635828
FL,combined,2.0,strong,303,0.0888888888888888,-0.4209812306267771,0.8453125,0.3307174887892377,0.1122148577896687,0.8933821637844153
FL,combined,2.0,strong,304,0.0875,-0.4323316824977748,0.8698412698412699,0.3310657596371882,0.1142711723634268,0.8907617687240243
FL,combined,2.0,strong,305,0.0902777777777777,-0.4387297860387792,0.8630769230769231,0.3333333333333333,0.1231596753702786,0.887971669166244
FL,combined,2.0,strong,306,0.0868055555555555,-0.4102165770708497,0.848,0.3278879813302217,0.1184352102439999,0.8682975819858401
FL,combined,2.0,strong,307,0.0890277777777777,-0.4242342726270292,0.8502340093603744,0.3248554913294798,0.1139301361179375,0.866395866893519
FL,combined,2.0,strong,308,0.0883333333333333,-0.4159105056050399,0.8443396226415094,0.3535242290748899,0.1143068483068291,0.8612402886956854
FL,combined,2.5,strong,301,0.0966666666666666,-0.4736536522085915,0.860632183908046,0.4413793103448276,0.1154463183577911,0.9700914426938524
FL,combined,2.5,strong,302,0.0919444444444444,-0.4382555897592525,0.8655589123867069,0.4942716857610474,0.1084468225284382,0.9572102309057232
FL,combined,2.5,strong,303,0.0959722222222222,-0.4632737423067919,0.8610709117221418,0.4516407599309153,0.1139408514680052,0.9569441418327448
FL,combined,2.5,strong,304,0.0961111111111111,-0.4629154050799061,0.8684971098265896,0.4233511586452763,0.1135974768316568,0.9767692307692308
FL,combined,2.5,strong,305,0.0961111111111111,-0.467468546581569,0.8526011560693642,0.4642262895174708,0.1204002467597075,0.9541271123449072
FL,combined,2.5,strong,306,0.0943055555555555,-0.4417128841701722,0.8689248895434463,0.461340206185567,0.121392025741559,0.9538870851370852
FL,combined,2.5,strong,307,0.0951388888888888,-0.4553238384697194,0.8583941605839416,0.459552495697074,0.1168231119040404,0.9414049739136848
FL,combined,2.5,strong,308,0.0969444444444444,-0.4598759747514513,0.8839541547277937,0.4429065743944637,0.113336654700214,0.9541505586656692
FL,combined,3.0,strong,301,0.1019444444444444,-0.4859459549721056,0.8487738419618529,0.5244072524407253,0.1120497788468661,0.9701419082125604
FL,combined,3.0,strong,302,0.09625,-0.4483939589148946,0.8513708513708513,0.5790500975927131,0.1088706748577846,0.99
FL,combined,3.0,strong,303,0.1001388888888888,-0.4773961256286551,0.871012482662968,0.5406698564593302,0.1192037250810148,0.9866666666666668
FL,combined,3.0,strong,304,0.1005555555555555,-0.4840051575046302,0.8798342541436464,0.5213068181818182,0.1146432136234102,0.9966666666666668
FL,combined,3.0,strong,305,0.1031944444444444,-0.4831511436570597,0.8707940780619112,0.5350877192982456,0.1217087194308442,0.9966666666666668
FL,combined,3.0,strong,306,0.0991666666666666,-0.4649393504205458,0.8711484593837535,0.539593552908199,0.1178983239485805,0.9833531746031748
FL,combined,3.0,strong,307,0.0990277777777777,-0.4778375383261936,0.8485273492286115,0.54375,0.115533648259924,0.980069506063295
FL,combined,3.0,strong,308,0.1,-0.4780805531575663,0.8777777777777778,0.5328671328671328,0.1132449095782788,0.980127270623626
FL,combined,3.5,strong,301,0.1030555555555555,-0.4997649869355892,0.839622641509434,0.5851763299462044,0.1154665679465504,0.9933333333333332
FL,combined,3.5,strong,302,0.09875,-0.4617376383021196,0.8635724331926864,0.6348160351455244,0.109685475646805,0.99
FL,combined,3.5,strong,303,0.1025,-0.4775950337893688,0.8604336043360433,0.5756639901173564,0.1171645928260766,0.9966666666666668
FL,combined,3.5,strong,304,0.1015277777777777,-0.4985876402551801,0.8645690834473324,0.5885196374622357,0.1139994425215207,0.9933333333333332
FL,combined,3.5,strong,305,0.1020833333333333,-0.4782736597920495,0.8408163265306122,0.6066705002875216,0.1199303809187334,0.9866925064599484
FL,combined,3.5,strong,306,0.1006944444444444,-0.4693768193239905,0.863448275862069,0.5984533016061868,0.1182003828488888,0.986686507936508
FL,combined,3.5,strong,307,0.1011111111111111,-0.4891852046857625,0.8475274725274725,0.5932407966203983,0.1166963239462289,0.9933333333333332
FL,combined,3.5,strong,308,0.1027777777777777,-0.4961334753138955,0.8581081081081081,0.5755127408328155,0.1123537576232577,0.9866869918699188
FL,combined,4.0,strong,301,0.1056944444444444,-0.5025639549764909,0.8291721419185283,0.6050279329608939,0.1177568097605037,1.0
FL,combined,4.0,strong,302,0.0997222222222222,-0.4621055919286046,0.850974930362117,0.6655172413793103,0.1108684941698023,0.9933333333333332
FL,combined,4.0,strong,303,0.1034722222222222,-0.4866595049625843,0.8456375838926175,0.6214169821525148,0.1202461198089422,0.9966666666666668
FL,combined,4.0,strong,304,0.1033333333333333,-0.4913973196567442,0.8709677419354839,0.6190476190476191,0.1168119404639042,0.9966666666666668
FL,combined,4.0,strong,305,0.1034722222222222,-0.4940121866952053,0.8617449664429531,0.6166116611661167,0.1155192873388028,1.0
FL,combined,4.0,strong,306,0.1040277777777777,-0.4734212094003058,0.8571428571428571,0.6400625978090767,0.1152499284602364,0.9933333333333332
FL,combined,4.0,strong,307,0.1038888888888888,-0.4835714676445669,0.856951871657754,0.6225382932166302,0.1154626769831388,0.9966666666666668
FL,combined,4.0,strong,308,0.1045833333333333,-0.4899283164662057,0.848605577689243,0.6253354804079442,0.1147033420069488,0.9834108527131784
FL,combined,5.0,strong,301,0.1075,-0.5107880710641944,0.8410852713178295,0.6262312078797304,0.1174262198754342,1.0
FL,combined,5.0,strong,302,0.1015277777777777,-0.4764780453593755,0.8755129958960328,0.6909173068233168,0.1128852571779757,1.0
FL,combined,5.0,strong,303,0.1059722222222222,-0.5010386151855973,0.8492791612057667,0.626246719160105,0.1197351261428413,1.0
FL,combined,5.0,strong,304,0.1047222222222222,-0.5025625369797614,0.8567639257294429,0.6415384615384615,0.115608468357119,1.0
FL,combined,5.0,strong,305,0.1070833333333333,-0.514559887806478,0.8508430609597925,0.6198611852642819,0.115768813936574,1.0
FL,combined,5.0,strong,306,0.1052777777777777,-0.4897109348803172,0.8733509234828496,0.649402390438247,0.116296842516359,0.9966666666666668
FL,combined,5.0,strong,307,0.1058333333333333,-0.4907371743231467,0.8517060367454068,0.6397547266223812,0.1140833863571847,1.0
FL,combined,5.0,strong,308,0.1072222222222222,-0.4991647209274,0.8497409326424871,0.636734693877551,0.114561176678081,0.9966666666666668
FL,combined,6.0,strong,301,0.1091666666666666,-0.5140762995768897,0.8333333333333334,0.611170784103115,0.1166542126000027,1.0
FL,combined,6.0,strong,302,0.10375,-0.4899113181569176,0.8473895582329317,0.6674595623215985,0.1148382904723627,1.0
FL,combined,6.0,strong,303,0.1076388888888889,-0.5068789727651903,0.8619354838709677,0.6122448979591837,0.1183490291523956,1.0
FL,combined,6.0,strong,304,0.1059722222222222,-0.5099385318244857,0.854521625163827,0.6221985058697972,0.1162216298706972,1.0
FL,combined,6.0,strong,305,0.10875,-0.5164111427728694,0.8454661558109834,0.6084854994629431,0.114713466346174,1.0
FL,combined,6.0,strong,306,0.10625,-0.4996083490106218,0.8627450980392157,0.6283924843423799,0.1165894230922561,1.0
FL,combined,6.0,strong,307,0.1079166666666666,-0.4964382815675507,0.833976833976834,0.6183368869936035,0.1133876884659407,1.0
FL,combined,6.0,strong,308,0.1080555555555555,-0.5153447027118047,0.8483290488431876,0.6149703823371029,0.1125211168656088,1.0
FL,combined,0.0,weak,301,0.0075,-0.0454489829175955,0.1666666666666666,0.0,0.1982028087591054,0.1628372620464315
FL,combined,0.0,weak,302,0.0036111111111111,-0.0240399689823557,0.0769230769230769,0.0,0.2011360381944621,0.1605492432701466
FL,combined,0.0,weak,303,0.0065277777777777,0.0020272526180857,0.0851063829787234,0.0232558139534883,0.1989154953752399,0.1662823886908301
FL,combined,0.0,weak,304,0.0047222222222222,0.0035885802005404,0.0588235294117647,0.0,0.1986300758667306,0.1711129056097104
FL,combined,0.0,weak,305,0.0070833333333333,0.0169711452531494,0.1764705882352941,0.0,0.1992663890343173,0.1613606293615909
FL,combined,0.0,weak,306,0.0061111111111111,0.0238449058543457,0.1590909090909091,0.0,0.1992007428966216,0.1582785889172911
FL,combined,0.0,weak,307,0.0063888888888888,-0.0392340683490125,0.1521739130434782,0.0,0.1977934016887169,0.1579175901693262
FL,combined,0.0,weak,308,0.00625,-0.0153450879653164,0.0666666666666666,0.0,0.1992894094325316,0.1592564939051579
FL,combined,0.5,weak,301,0.0138888888888888,-0.0603715061197163,0.16,0.0106382978723404,0.1539871587915262,0.1665560806438633
FL,combined,0.5,weak,302,0.0109722222222222,-0.0485129439127466,0.2151898734177215,0.0394736842105263,0.1558533108351636,0.1540931139710923
FL,combined,0.5,weak,303,0.0154166666666666,-0.0586252863864614,0.2432432432432432,0.0,0.1565051313343819,0.166197523984987
FL,combined,0.5,weak,304,0.0141666666666666,-0.0637891843619753,0.3137254901960784,0.0,0.1567320949385531,0.1778310288255903
FL,combined,0.5,weak,305,0.0186111111111111,-0.0930633046727533,0.4253731343283582,0.0,0.1562244222512415,0.181007469931958
FL,combined,0.5,weak,306,0.0140277777777777,-0.0527257087593075,0.2475247524752475,0.0,0.1569070994620723,0.1794014315530025
FL,combined,0.5,weak,307,0.0130555555555555,-0.0598360745936788,0.2553191489361702,0.0,0.1557613723959689,0.1702513788959782
FL,combined,0.5,weak,308,0.0148611111111111,-0.0964411676310795,0.3551401869158878,0.0105263157894736,0.1564759233993856,0.1672194298744864
FL,combined,1.0,weak,301,0.0261111111111111,-0.1352907110372615,0.4734042553191489,0.0346820809248554,0.1237097910089458,0.2100042507931644
FL,combined,1.0,weak,302,0.0266666666666666,-0.1055545477362019,0.4166666666666667,0.0621761658031088,0.1212035519392436,0.2112543634914967
FL,combined,1.0,weak,303,0.03,-0.1521309091230661,0.4861111111111111,0.0384615384615384,0.129776680193157,0.2210635377095967
FL,combined,1.0,weak,304,0.0238888888888888,-0.1060703032623451,0.377906976744186,0.0185185185185185,0.1233970143267447,0.2137347604805119
FL,combined,1.0,weak,305,0.0304166666666666,-0.1485233321332598,0.4931506849315068,0.0805687203791469,0.1331075317359352,0.2211941925068246
FL,combined,1.0,weak,306,0.0305555555555555,-0.1311539531359953,0.5363636363636364,0.0390243902439024,0.1284286089226891,0.2240858216166373
FL,combined,1.0,weak,307,0.0306944444444444,-0.1365739889243003,0.4298642533936652,0.0476190476190476,0.1281870319943992,0.2213759614688506
FL,combined,1.0,weak,308,0.0306944444444444,-0.1448550929563777,0.502262443438914,0.0398009950248756,0.120579881158751,0.2293438665421651
FL,combined,1.5,weak,301,0.0506944444444444,-0.2507142332005098,0.6164383561643836,0.0777479892761394,0.1147395739708622,0.3809835952492602
FL,combined,1.5,weak,302,0.0520833333333333,-0.2320132527423406,0.7066666666666667,0.1555555555555555,0.1150670316195826,0.3891415761207861
FL,combined,1.5,weak,303,0.0554166666666666,-0.2593273573608627,0.6967418546365914,0.1140776699029126,0.1145826113290068,0.4260844614577965
FL,combined,1.5,weak,304,0.0541666666666666,-0.2601036175379274,0.6666666666666666,0.1280788177339901,0.1180536844467925,0.4129953540997698
FL,combined,1.5,weak,305,0.0529166666666666,-0.2537669281165898,0.6666666666666666,0.1435643564356435,0.1251297054942104,0.3821874999782445
FL,combined,1.5,weak,306,0.0490277777777777,-0.2292388361547415,0.6402266288951841,0.1266846361185983,0.1174692566672274,0.3684511320531615
FL,combined,1.5,weak,307,0.04875,-0.2424060653040712,0.6353276353276354,0.0952380952380952,0.1208171263378998,0.366363792773237
FL,combined,1.5,weak,308,0.0511111111111111,-0.2192361131081512,0.657608695652174,0.1491002570694087,0.1212691039119597,0.3606839347532967
FL,combined,2.0,weak,301,0.0758333333333333,-0.3670670381916531,0.7747252747252747,0.2118380062305296,0.1167218513461709,0.66617776059086
FL,combined,2.0,weak,302,0.0683333333333333,-0.303086391736459,0.774390243902439,0.303680981595092,0.1105697354592342,0.5907278771761798
FL,combined,2.0,weak,303,0.0745833333333333,-0.3459439537094608,0.8063314711359404,0.2109500805152979,0.1142469772543544,0.6206190313994953
FL,combined,2.0,weak,304,0.0751388888888889,-0.3510978208621507,0.7707948243992606,0.2028753993610223,0.1178139034838275,0.6416558646516336
FL,combined,2.0,weak,305,0.0745833333333333,-0.3639033310595555,0.8044692737430168,0.2260596546310832,0.1268591471664803,0.6124198931564735
FL,combined,2.0,weak,306,0.0738888888888888,-0.3450297644653918,0.7913533834586466,0.2222222222222222,0.1179903023955601,0.6436817051546575
FL,combined,2.0,weak,307,0.0745833333333333,-0.3415699807881276,0.8026070763500931,0.2370486656200942,0.1114627015319947,0.6263085154399471
FL,combined,2.0,weak,308,0.0731944444444444,-0.3464948153748994,0.7741935483870968,0.2350157728706624,0.1120106272819131,0.6045544371350942
FL,combined,2.5,weak,301,0.0908333333333333,-0.4230416588003203,0.8165137614678899,0.3336968375136314,0.114749132475045,0.8300531677482083
FL,combined,2.5,weak,302,0.0838888888888888,-0.3970206674466847,0.8228476821192053,0.3870614035087719,0.1117171904898831,0.8171986125925976
FL,combined,2.5,weak,303,0.0909722222222222,-0.4269443297830946,0.8396946564885496,0.3278145695364238,0.1162760427353164,0.8712601410950208
FL,combined,2.5,weak,304,0.0883333333333333,-0.4152573033348505,0.85062893081761,0.3205574912891986,0.1169214351951183,0.8509353048272139
FL,combined,2.5,weak,305,0.0920833333333333,-0.4224052607765398,0.8461538461538461,0.3241758241758242,0.1181987537188725,0.8322655442545289
FL,combined,2.5,weak,306,0.0855555555555555,-0.413651181535185,0.862012987012987,0.3333333333333333,0.1215240368069823,0.7954431972202303
FL,combined,2.5,weak,307,0.0868055555555555,-0.4153849221332636,0.8288,0.3352402745995423,0.1148318016179546,0.8341391577893624
FL,combined,2.5,weak,308,0.0886111111111111,-0.4067600537312559,0.8087774294670846,0.3333333333333333,0.1122441573129861,0.7943080662576117
FL,combined,3.0,weak,301,0.0979166666666666,-0.466405379281687,0.8567375886524823,0.4336206896551724,0.1166236880859014,0.931346442460062
FL,combined,3.0,weak,302,0.0945833333333333,-0.4283511419603297,0.8678414096916299,0.5148968678380443,0.1125313053653726,0.9285307171737516
FL,combined,3.0,weak,303,0.0969444444444444,-0.4477587868199164,0.83810888252149,0.457286432160804,0.112502569309949,0.9440741432475238
FL,combined,3.0,weak,304,0.09625,-0.464220478195088,0.8614718614718615,0.4486626402070751,0.1167692732536576,0.9347263356641156
FL,combined,3.0,weak,305,0.0973611111111111,-0.4646148052705884,0.8487874465049928,0.4650582362728785,0.1194758797958343,0.921924010809256
FL,combined,3.0,weak,306,0.0969444444444444,-0.4553396637537723,0.8510028653295129,0.4618573797678275,0.1133941529231548,0.9345683628087984
FL,combined,3.0,weak,307,0.09625,-0.4633171684327707,0.86002886002886,0.4595278246205733,0.1119546670896478,0.9414824910651302
FL,combined,3.0,weak,308,0.0955555555555555,-0.4520125466160223,0.8386627906976745,0.4686716791979949,0.1110138605464201,0.9181829841908212
FL,combined,3.5,weak,301,0.1036111111111111,-0.4807461455366964,0.853887399463807,0.5208044382801664,0.1158716787412967,0.97352627902916
FL,combined,3.5,weak,302,0.0958333333333333,-0.4449920709967709,0.855072463768116,0.5869980879541109,0.1071082643470483,0.9700991299386676
FL,combined,3.5,weak,303,0.1020833333333333,-0.4791032648926988,0.8721088435374149,0.5247386759581881,0.1180966769474709,0.9800542005420052
FL,combined,3.5,weak,304,0.1,-0.4845000182295231,0.8833333333333333,0.5350631136044881,0.1194279985487532,0.9636177492649024
FL,combined,3.5,weak,305,0.1016666666666666,-0.4779158816029209,0.8292349726775956,0.5493991989319092,0.1192230067038133,0.96378342927619
FL,combined,3.5,weak,306,0.0988888888888888,-0.4606223860473594,0.8581460674157303,0.5562289562289562,0.1181683299580875,0.9475182455706264
FL,combined,3.5,weak,307,0.1005555555555555,-0.4716635993368889,0.861878453038674,0.5371785962473941,0.1120007307770189,0.9735913750441852
FL,combined,3.5,weak,308,0.1005555555555555,-0.4774994941848214,0.8259668508287292,0.52586817859674,0.1139097740639164,0.9443227034251492
FL,combined,4.0,weak,301,0.1034722222222222,-0.4958633281060157,0.836241610738255,0.5782766990291263,0.1178950506657978,0.9734909508106424
FL,combined,4.0,weak,302,0.0986111111111111,-0.4594689590478039,0.852112676056338,0.6427415002698327,0.1116137173933286,0.9833333333333332
FL,combined,4.0,weak,303,0.1036111111111111,-0.4876105154165008,0.8605898123324397,0.5883748517200474,0.1154994552526709,0.9833333333333332
FL,combined,4.0,weak,304,0.1013888888888888,-0.4929334453851646,0.8712328767123287,0.5900846432889963,0.1136021426413909,0.970242738845631
FL,combined,4.0,weak,305,0.1031944444444444,-0.4864053114459967,0.8398384925975774,0.5884823035392921,0.1182277791516538,0.983429755649203
FL,combined,4.0,weak,306,0.1018055555555555,-0.4719478412407021,0.8526603001364257,0.6030534351145038,0.1166576479929247,0.9735481171319104
FL,combined,4.0,weak,307,0.1031944444444444,-0.4915121858995977,0.873485868102288,0.5906921241050119,0.1153935842820479,0.9933574879227054
FL,combined,4.0,weak,308,0.1047222222222222,-0.4968025580818669,0.8607427055702918,0.5843768634466309,0.1186868373847328,0.9866666666666668
FL,combined,5.0,weak,301,0.1076388888888889,-0.5144101273893634,0.84,0.6168969181721573,0.1151795113553534,0.9966666666666668
FL,combined,5.0,weak,302,0.1023611111111111,-0.4758332217080216,0.8534599728629579,0.6726755218216319,0.1094659783096162,0.9966666666666664
FL,combined,5.0,weak,303,0.1059722222222222,-0.4946183257161983,0.8636959370904325,0.6211477151965994,0.1219690582764004,1.0
FL,combined,5.0,weak,304,0.1047222222222222,-0.499504978245156,0.8660477453580901,0.631496062992126,0.1159462667015534,1.0
FL,combined,5.0,weak,305,0.1069444444444444,-0.513820892289841,0.8480519480519481,0.6121673003802282,0.1160282511834348,0.9966666666666668
FL,combined,5.0,weak,306,0.1041666666666666,-0.4844929098264748,0.852,0.6403915507470376,0.113721700640238,0.9933333333333332
FL,combined,5.0,weak,307,0.1059722222222222,-0.4966592325607374,0.8335517693315858,0.6307531380753139,0.1134161456349921,0.9966666666666668
FL,combined,5.0,weak,308,0.1066666666666666,-0.4949133491855115,0.8255208333333334,0.62226957911561,0.1122242981510808,0.99
FL,combined,6.0,weak,301,0.10875,-0.518285098837693,0.8352490421455939,0.611140867702196,0.1153597340932759,1.0
FL,combined,6.0,weak,302,0.1047222222222222,-0.4849729262462481,0.8448275862068966,0.6680810938236681,0.111055816648511,1.0
FL,combined,6.0,weak,303,0.1069444444444444,-0.5072213170384726,0.8506493506493507,0.6107784431137725,0.1238869142788561,1.0
FL,combined,6.0,weak,304,0.1059722222222222,-0.5080210145768946,0.8558322411533421,0.6275536930330016,0.1155780661574226,1.0
FL,combined,6.0,weak,305,0.1084722222222222,-0.510143576643112,0.8373879641485276,0.6071817192600653,0.1158417830197749,1.0
FL,combined,6.0,weak,306,0.1063888888888889,-0.4958346315017728,0.8511749347258486,0.6267087276550999,0.1139938088358015,0.9966666666666668
FL,combined,6.0,weak,307,0.1075,-0.5015924007287208,0.8307493540051679,0.61596548004315,0.113991786674994,1.0
FL,combined,6.0,weak,308,0.1075,-0.5130473174167977,0.8501291989664083,0.6117455138662317,0.1107223392790575,1.0
IL,combined,0.0,medium,301,0.0041666666666666,0.0180993737228122,0.0666666666666666,0.2,0.2035834918478814,0.1632711329706044
IL,combined,0.0,medium,302,0.0033333333333333,0.0354079476152511,0.0,0.08,0.2005448277046691,0.1614362026673199
IL,combined,0.0,medium,303,0.0045833333333333,0.043175283979002,0.0303030303030303,0.0606060606060606,0.2019635791847949,0.1577774984391701
IL,combined,0.0,medium,304,0.0033333333333333,0.0559022691258746,0.0,0.12,0.2000273845241441,0.1735076562348055
IL,combined,0.0,medium,305,0.005,0.008280010818793,0.0833333333333333,0.1052631578947368,0.1987842265805713,0.1675580714575018
IL,combined,0.0,medium,306,0.0043055555555555,0.090561875303545,0.1612903225806451,0.037037037037037,0.2023409001725684,0.1689180696925606
IL,combined,0.0,medium,307,0.0043055555555555,0.0668369967546916,0.2258064516129032,0.1,0.1976016928273151,0.1734680565822572
IL,combined,0.0,medium,308,0.005,0.0554770654214654,0.0555555555555555,0.131578947368421,0.2085465675692804,0.1705863512414516
IL,combined,0.5,medium,301,0.01,0.0323901504688444,0.2638888888888889,0.1029411764705882,0.1605580655889538,0.1607219678997802
IL,combined,0.5,medium,302,0.01,-0.0060610422752762,0.1944444444444444,0.1351351351351351,0.1544234390950366,0.1529113092494898
IL,combined,0.5,medium,303,0.0090277777777777,0.0178219632970475,0.1846153846153846,0.1688311688311688,0.1655603795773416,0.1586839227972853
IL,combined,0.5,medium,304,0.0084722222222222,0.0416767157837192,0.2131147540983606,0.0666666666666666,0.1653214785580565,0.1649176028099589
IL,combined,0.5,medium,305,0.01,0.0101813160817168,0.2361111111111111,0.1772151898734177,0.1603876315315014,0.1657760505508184
IL,combined,0.5,medium,306,0.0084722222222222,0.0730204665089448,0.1967213114754098,0.15625,0.1626551549622399,0.1692060702388656
IL,combined,0.5,medium,307,0.0090277777777777,0.0356655309502172,0.2153846153846154,0.0967741935483871,0.1566388558541412,0.1604631509208039
IL,combined,0.5,medium,308,0.0101388888888888,-0.0076496345743029,0.136986301369863,0.0441176470588235,0.16085044287145,0.1554108979365362
IL,combined,1.0,medium,301,0.015,-0.0333715048823166,0.2777777777777778,0.2598425196850393,0.1386853128627745,0.1632127055703931
IL,combined,1.0,medium,302,0.0198611111111111,-0.0844995372439196,0.4265734265734265,0.2095808383233532,0.1192368721657139,0.1739015269452808
IL,combined,1.0,medium,303,0.0148611111111111,-0.003114675095334,0.3644859813084112,0.2962962962962963,0.1343976989612265,0.1579376948153307
IL,combined,1.0,medium,304,0.0156944444444444,-0.0196564313150042,0.3628318584070796,0.2137404580152671,0.124645255452054,0.173206809033036
IL,combined,1.0,medium,305,0.0156944444444444,-0.0410893202454546,0.3185840707964602,0.2391304347826087,0.133689511931996,0.1628900586108289
IL,combined,1.0,medium,306,0.0143055555555555,0.0045640161373828,0.2621359223300971,0.25,0.1319419681489334,0.1718508839217036
IL,combined,1.0,medium,307,0.0169444444444444,-0.0360278436553586,0.3442622950819672,0.1956521739130435,0.1194039776008885,0.1707537895526909
IL,combined,1.0,medium,308,0.0154166666666666,-0.0171715236256527,0.2702702702702703,0.2647058823529412,0.1274824487154804,0.1703254069106096
IL,combined,1.5,medium,301,0.02625,-0.1000872070090761,0.4761904761904761,0.4141414141414141,0.1315818751665413,0.194563259455146
IL,combined,1.5,medium,302,0.0277777777777777,-0.1082060221867088,0.495,0.3894389438943894,0.1124336213409513,0.201364453764452
IL,combined,1.5,medium,303,0.0258333333333333,-0.0886366547308473,0.4946236559139785,0.4318936877076412,0.1315826958952675,0.1900504350445835
IL,combined,1.5,medium,304,0.0252777777777777,-0.0668097627201411,0.4505494505494505,0.3694029850746269,0.1141590688844924,0.19064704057787
IL,combined,1.5,medium,305,0.0291666666666666,-0.084778806603959,0.5666666666666667,0.3967213114754098,0.1263918243759656,0.1954081829975437
IL,combined,1.5,medium,306,0.0225,-0.0436480220494897,0.419753086419753,0.449438202247191,0.1246576368779598,0.1788911627934008
IL,combined,1.5,medium,307,0.0308333333333333,-0.1156970709793982,0.6351351351351351,0.3447098976109215,0.1148454980203822,0.2017003340935492
IL,combined,1.5,medium,308,0.0256944444444444,-0.0540956299435998,0.3945945945945946,0.4014598540145985,0.1203378430063671,0.1890445569380316
IL,combined,2.0,medium,301,0.0406944444444444,-0.1717781506518439,0.590443686006826,0.5256637168141592,0.1260353206712377,0.2814770556065565
IL,combined,2.0,medium,302,0.0481944444444444,-0.2032592425728947,0.6772334293948127,0.4885245901639344,0.1113312805231393,0.3309997989977371
IL,combined,2.0,medium,303,0.0391666666666666,-0.1422965980892414,0.6063829787234043,0.5302752293577981,0.1259801239371726,0.2562359831436122
IL,combined,2.0,medium,304,0.0419444444444444,-0.1513091055958524,0.6821192052980133,0.5396551724137931,0.1126286130316534,0.2716487861374176
IL,combined,2.0,medium,305,0.0441666666666666,-0.1701595360623425,0.6761006289308176,0.5052083333333334,0.1231187506171258,0.2914986423101193
IL,combined,2.0,medium,306,0.0316666666666666,-0.0897157963183576,0.4736842105263157,0.5954198473282443,0.1158878507251875,0.2094727030495464
IL,combined,2.0,medium,307,0.0429166666666666,-0.1684600244076338,0.6699029126213593,0.523972602739726,0.1093067891717888,0.2887403524610351
IL,combined,2.0,medium,308,0.0373611111111111,-0.1261754775896423,0.5427509293680297,0.5394495412844037,0.1205305684736631,0.2385802341796047
IL,combined,2.5,medium,301,0.0634722222222222,-0.268273897018683,0.7636761487964989,0.5942744323790721,0.1292116667282503,0.4748334237853839
IL,combined,2.5,medium,302,0.0629166666666666,-0.2713962563433019,0.7262693156732892,0.5992438563327032,0.1049519614096534,0.4981229818085842
IL,combined,2.5,medium,303,0.0544444444444444,-0.2042684235213384,0.6989795918367347,0.6392276422764228,0.1197002951686844,0.3811510423755139
IL,combined,2.5,medium,304,0.0572222222222222,-0.2129162371186796,0.7038834951456311,0.6302032913843175,0.1214221746086806,0.4275612278702663
IL,combined,2.5,medium,305,0.0593055555555555,-0.2288201474892886,0.7423887587822015,0.608955223880597,0.1227329846817639,0.4343907370541739
IL,combined,2.5,medium,306,0.0525,-0.1886122156238992,0.6640211640211641,0.6523955147808359,0.1278587696260659,0.3507330560641738
IL,combined,2.5,medium,307,0.0586111111111111,-0.2392353461595495,0.7322274881516587,0.6110552763819096,0.1080952643971687,0.4141998160632874
IL,combined,2.5,medium,308,0.0543055555555555,-0.2118715838288195,0.6854219948849105,0.6417604912998977,0.1219129977097869,0.3734256053355321
IL,combined,3.0,medium,301,0.0820833333333333,-0.3461208449269727,0.8003384094754653,0.6432786885245901,0.1271760938254005,0.7475061847640814
IL,combined,3.0,medium,302,0.0859722222222222,-0.3583347681697558,0.8012924071082391,0.6340673575129534,0.1085192407939263,0.8382321378560229
IL,combined,3.0,medium,303,0.0755555555555555,-0.2911432326564254,0.7922794117647058,0.6974327628361858,0.1189402297684258,0.624830019166591
IL,combined,3.0,medium,304,0.0752777777777777,-0.2794518065307061,0.7749077490774908,0.6905210295040803,0.1220844191835954,0.5961690505349141
IL,combined,3.0,medium,305,0.0845833333333333,-0.3409871409652782,0.8292282430213465,0.6479140328697851,0.1234547924628401,0.7819302050693563
IL,combined,3.0,medium,306,0.0718055555555555,-0.2763048116158424,0.804642166344294,0.7070263488080301,0.118465305289693,0.5792540442372877
IL,combined,3.0,medium,307,0.0797222222222222,-0.3320637875704537,0.8031358885017421,0.6520314547837484,0.1135206957450064,0.7075598673160676
IL,combined,3.0,medium,308,0.0783333333333333,-0.3123429203488645,0.8262411347517731,0.6758664955070603,0.1240146628747965,0.6638297640464471
IL,combined,3.5,medium,301,0.0956944444444444,-0.3929082985449333,0.8447024673439768,0.6776149570490146,0.1261421939845571,0.937739146779476
IL,combined,3.5,medium,302,0.0945833333333333,-0.4097970951886056,0.8502202643171806,0.6742886178861789,0.1100531561759449,0.9767991541943368
IL,combined,3.5,medium,303,0.0933333333333333,-0.3939247179194541,0.8675595238095238,0.7028324531925108,0.1203933247272684,0.9471779429835888
IL,combined,3.5,medium,304,0.0951388888888888,-0.3857213828444305,0.8598540145985402,0.6960500963391136,0.118370321626554,0.9473950106870018
IL,combined,3.5,medium,305,0.0952777777777777,-0.3903070632895409,0.8556851311953353,0.6835,0.114713255762997,0.9540404460061022
IL,combined,3.5,medium,306,0.0927777777777777,-0.3584891742764602,0.8083832335329342,0.7176684881602914,0.1126608407925223,0.8871154973092109
IL,combined,3.5,medium,307,0.0979166666666666,-0.4125072605930767,0.849645390070922,0.6829388560157791,0.1047816487546858,0.9604285086893783
IL,combined,3.5,medium,308,0.0954166666666666,-0.3906411229235859,0.8544395924308588,0.6888780009799118,0.1237661394640297,0.9505294991426512
IL,combined,4.0,medium,301,0.1025,-0.4255045125899334,0.8712737127371274,0.7074422583404619,0.1234531749491084,0.9866923076923076
IL,combined,4.0,medium,302,0.0973611111111111,-0.4298371715192922,0.8530670470756063,0.7094356261022927,0.1074107405414363,0.9734803921568628
IL,combined,4.0,medium,303,0.0984722222222222,-0.4171844512246581,0.8688293370944993,0.7299630086313194,0.1214318154940078,0.9835501355013552
IL,combined,4.0,medium,304,0.1006944444444444,-0.4046898119170125,0.8537931034482759,0.7218570254724733,0.1235990600141728,1.0
IL,combined,4.0,medium,305,0.0994444444444444,-0.4167703501076601,0.8868715083798883,0.7119448037947391,0.1198658522149072,0.9867450980392156
IL,combined,4.0,medium,306,0.0990277777777777,-0.3942705895684593,0.8555399719495091,0.7408131352619234,0.1213222469496493,0.976766507936508
IL,combined,4.0,medium,307,0.1022222222222222,-0.4245774378435828,0.8682065217391305,0.706318082788671,0.1091644260831343,0.9933333333333332
IL,combined,4.0,medium,308,0.0998611111111111,-0.4028337345789747,0.8609179415855355,0.7331711273317113,0.1211314387426382,0.973563933463274
IL,combined,5.0,medium,301,0.1063888888888889,-0.4574059836430635,0.8681462140992167,0.7192842942345924,0.1237572053924431,0.9966666666666668
IL,combined,5.0,medium,302,0.1009722222222222,-0.4476545806697082,0.8583218707015131,0.7244283995186522,0.1059123401421255,1.0
IL,combined,5.0,medium,303,0.1055555555555555,-0.4296715359903281,0.8723684210526316,0.7432629278951202,0.1232969975789451,1.0
IL,combined,5.0,medium,304,0.1044444444444444,-0.4414995948054547,0.875,0.7395872420262665,0.1241274949926975,0.9966666666666668
IL,combined,5.0,medium,305,0.1030555555555555,-0.4293145289710092,0.8477088948787062,0.7397671798723244,0.117241519153175,0.9966666666666668
IL,combined,5.0,medium,306,0.1041666666666666,-0.4179267116609123,0.8813333333333333,0.7631847567199728,0.1194310810544288,0.9933333333333332
IL,combined,5.0,medium,307,0.1052777777777777,-0.4561558682645901,0.8812664907651715,0.7311248073959938,0.1095578813073272,1.0
IL,combined,5.0,medium,308,0.1047222222222222,-0.4294540701059315,0.8408488063660478,0.7487382840663303,0.1209826573818095,0.9933333333333332
IL,combined,6.0,medium,301,0.1098611111111111,-0.4649062628744632,0.8621997471554994,0.7054794520547946,0.1221320614519193,1.0
IL,combined,6.0,medium,302,0.1048611111111111,-0.457012727165916,0.8543046357615894,0.7142857142857143,0.1059948792171772,1.0
IL,combined,6.0,medium,303,0.1077777777777777,-0.4449182472287993,0.8646907216494846,0.735973597359736,0.1199796456205308,1.0
IL,combined,6.0,medium,304,0.1076388888888889,-0.4554985148694629,0.8529032258064516,0.7219025700038358,0.1228034386964395,1.0
IL,combined,6.0,medium,305,0.1059722222222222,-0.4560087277862338,0.8610747051114024,0.7155413503795446,0.1214552394447692,0.9966666666666668
IL,combined,6.0,medium,306,0.1079166666666666,-0.4505292465773835,0.8906048906048906,0.7450284090909091,0.1282267125080853,1.0
IL,combined,6.0,medium,307,0.1079166666666666,-0.4614064502249721,0.8571428571428571,0.7221362229102167,0.1093547610893798,1.0
IL,combined,6.0,medium,308,0.1077777777777777,-0.4492229114321893,0.875,0.7341725286930766,0.1132700634107135,0.9966666666666668
IL,combined,0.0,strong,301,0.0047222222222222,0.0288868590291293,0.0588235294117647,0.09375,0.2072216853847995,0.1725598670292046
IL,combined,0.0,strong,302,0.0055555555555555,-0.0130324139968054,0.05,0.0789473684210526,0.1971035317566873,0.1673840470317662
IL,combined,0.0,strong,303,0.0040277777777777,0.0414834479988543,0.1724137931034483,0.0,0.2037037727230814,0.1768251386000996
IL,combined,0.0,strong,304,0.0034722222222222,0.0710897801472243,0.08,0.1153846153846153,0.2015164702332317,0.1814886601821332
IL,combined,0.0,strong,305,0.0047222222222222,0.0243294569959937,0.0294117647058823,0.0606060606060606,0.2003776550878,0.1835660242465212
IL,combined,0.0,strong,306,0.0034722222222222,0.0308151395826835,0.0,0.1538461538461538,0.2046292917303555,0.1792597167777375
IL,combined,0.0,strong,307,0.0059722222222222,0.0208334768632074,0.1395348837209302,0.0512820512820512,0.1976535786825576,0.1701960630884791
IL,combined,0.0,strong,308,0.0043055555555555,0.0392848160217096,0.0967741935483871,0.064516129032258,0.1962169672645906,0.168036304655909
IL,combined,0.5,strong,301,0.0108333333333333,-0.0354420517041786,0.2692307692307692,0.1282051282051282,0.1674767305603168,0.1732841385387476
IL,combined,0.5,strong,302,0.01,0.0201040021196925,0.1666666666666666,0.0845070422535211,0.1559216224884646,0.1559192266609744
IL,combined,0.5,strong,303,0.0080555555555555,0.0576819757228405,0.1896551724137931,0.1129032258064516,0.1687091346486454,0.1638522575099961
IL,combined,0.5,strong,304,0.0063888888888888,0.0227960356226475,0.1521739130434782,0.16,0.1632284071322405,0.1758927069870963
IL,combined,0.5,strong,305,0.0109722222222222,-0.0035404163074643,0.2784810126582278,0.1097560975609756,0.1596213072707243,0.1703093344254714
IL,combined,0.5,strong,306,0.0075,0.058680629640804,0.1851851851851851,0.2258064516129032,0.1684432306858004,0.1765615514322945
IL,combined,0.5,strong,307,0.0093055555555555,0.0197329639608197,0.1194029850746268,0.1034482758620689,0.1583465064820709,0.1640007647501233
IL,combined,0.5,strong,308,0.0098611111111111,0.0251862869474842,0.2253521126760563,0.1216216216216216,0.15930891950717,0.1716110183659563
IL,combined,1.0,strong,301,0.0155555555555555,-0.0579716898724117,0.3035714285714285,0.3157894736842105,0.1318719556220551,0.1722485493783504
IL,combined,1.0,strong,302,0.0209722222222222,-0.0885210706991348,0.4105960264900662,0.2114285714285714,0.1194198740344854,0.1756639202244555
IL,combined,1.0,strong,303,0.0168055555555555,-0.0214304363113826,0.3388429752066115,0.3353658536585366,0.1389982036343341,0.1733947258093205
IL,combined,1.0,strong,304,0.0159722222222222,-0.0342958126537291,0.3217391304347826,0.2536231884057971,0.1254037503096985,0.1832957482941566
IL,combined,1.0,strong,305,0.0173611111111111,-0.0474475236468833,0.344,0.267515923566879,0.1325143623741105,0.1702919883799542
IL,combined,1.0,strong,306,0.0161111111111111,-0.0105894443991772,0.4051724137931034,0.2794117647058823,0.131633289308081,0.1688934208411482
IL,combined,1.0,strong,307,0.0188888888888888,-0.0410329849664694,0.4264705882352941,0.2899408284023668,0.1262073230267611,0.1760657917460405
IL,combined,1.0,strong,308,0.0176388888888888,-0.0472813103778009,0.3543307086614173,0.26875,0.1300342687501402,0.1759337366564471
IL,combined,1.5,strong,301,0.0295833333333333,-0.1033483634489998,0.4976525821596244,0.4540229885057471,0.1350378627758624,0.2110531424118605
IL,combined,1.5,strong,302,0.0304166666666666,-0.1329017659322655,0.5159817351598174,0.3783783783783784,0.1129008565031009,0.2105313511941285
IL,combined,1.5,strong,303,0.0265277777777777,-0.0867483041224925,0.3821989528795811,0.4740061162079511,0.1329334287460479,0.1907230134992213
IL,combined,1.5,strong,304,0.02625,-0.0965010770830783,0.4814814814814814,0.4789156626506024,0.1142082009916554,0.1951941275974416
IL,combined,1.5,strong,305,0.0283333333333333,-0.0871095639471864,0.5,0.4553571428571428,0.1311499236712633,0.1982622444781973
IL,combined,1.5,strong,306,0.0226388888888888,-0.052048104061395,0.4171779141104294,0.4861111111111111,0.1211235350506278,0.1790092804142877
IL,combined,1.5,strong,307,0.03,-0.1079284773955319,0.5740740740740741,0.4230769230769231,0.1133662244993676,0.2009634311246041
IL,combined,1.5,strong,308,0.0254166666666666,-0.1078811964017611,0.4644808743169399,0.4598070739549839,0.1160005765507096,0.203808547648991
IL,combined,2.0,strong,301,0.0431944444444444,-0.1819957352953731,0.6591639871382636,0.5688350983358548,0.1189302653049451,0.3022403848913815
IL,combined,2.0,strong,302,0.0486111111111111,-0.2168800047504724,0.6542857142857142,0.5657534246575342,0.1118423049816447,0.3536333800262201
IL,combined,2.0,strong,303,0.0395833333333333,-0.1519271453919491,0.5789473684210527,0.6049004594180705,0.1276670981855244,0.2683901295625354
IL,combined,2.0,strong,304,0.0390277777777777,-0.1314727216985145,0.6334519572953736,0.5877616747181964,0.1184589815237969,0.2506441993491394
IL,combined,2.0,strong,305,0.0451388888888888,-0.1650967092959108,0.6953846153846154,0.577485380116959,0.1275066637430561,0.2945844645535062
IL,combined,2.0,strong,306,0.0336111111111111,-0.1193518537265144,0.6074380165289256,0.6157804459691252,0.1184811905388315,0.242277118434138
IL,combined,2.0,strong,307,0.0422222222222222,-0.153408980464674,0.6907894736842105,0.5795981452859351,0.115047423938801,0.2693929773459659
IL,combined,2.0,strong,308,0.0393055555555555,-0.1452763118960424,0.6431095406360424,0.5721476510067114,0.1281429820327616,0.2481070360939966
IL,combined,2.5,strong,301,0.0640277777777777,-0.2632005306586773,0.7592190889370932,0.6493399339933993,0.1248853230534682,0.4869129010424564
IL,combined,2.5,strong,302,0.0679166666666666,-0.2926232340088135,0.7668711656441718,0.6323051948051948,0.1113087857201535,0.5596500756328974
IL,combined,2.5,strong,303,0.0555555555555555,-0.2151292655387897,0.7175,0.6903765690376569,0.1207539668530139,0.397560645902908
IL,combined,2.5,strong,304,0.0643055555555555,-0.260353501311875,0.7775377969762419,0.6461148648648649,0.1250440709276381,0.4752880841692642
IL,combined,2.5,strong,305,0.0643055555555555,-0.2438985639493409,0.7386609071274298,0.6547522339561332,0.1268859017482591,0.492863693136038
IL,combined,2.5,strong,306,0.0513888888888888,-0.1851402831333229,0.6891891891891891,0.7009847806624888,0.118888898270016,0.3568915947797378
IL,combined,2.5,strong,307,0.0593055555555555,-0.2358556769751682,0.7447306791569087,0.6618025751072961,0.1102541166437949,0.4099698618484189
IL,combined,2.5,strong,308,0.0555555555555555,-0.2177078164644139,0.725,0.6792287467134093,0.1276163939886678,0.3813377644466404
IL,combined,3.0,strong,301,0.0829166666666666,-0.3410987337434393,0.8090452261306532,0.6714116251482799,0.1265530169098256,0.7723986994973461
IL,combined,3.0,strong,302,0.08875,-0.3998040986596413,0.837245696400626,0.6707520891364902,0.1107465851065329,0.9290178760245964
IL,combined,3.0,strong,303,0.0801388888888888,-0.3387122790368856,0.8162911611785095,0.7083104017611448,0.121392169326235,0.7298118719994728
IL,combined,3.0,strong,304,0.08,-0.3126331588135038,0.7986111111111112,0.703037120359955,0.1265018389772737,0.702770620437773
IL,combined,3.0,strong,305,0.0884722222222222,-0.3754537733155204,0.8524332810047096,0.6670500287521565,0.124024978910256,0.8626121824592553
IL,combined,3.0,strong,306,0.0751388888888889,-0.2975497842020316,0.7929759704251387,0.7202247191011236,0.1162456136199043,0.6596115534502651
IL,combined,3.0,strong,307,0.0838888888888888,-0.3447779077547577,0.8079470198675497,0.6816885339418141,0.109127130925653,0.7668359747248235
IL,combined,3.0,strong,308,0.0790277777777777,-0.3145326168378162,0.836555360281195,0.7054131054131054,0.1209101935986805,0.6544062167456342
IL,combined,3.5,strong,301,0.0980555555555555,-0.4063851007594486,0.8611898016997167,0.6924163918982572,0.1234514521503989,0.9668881586953876
IL,combined,3.5,strong,302,0.09375,-0.4236245299758093,0.88,0.6921587608906099,0.1065458007226625,0.986759259259259
IL,combined,3.5,strong,303,0.09625,-0.3888550261841735,0.8556998556998557,0.7257019438444925,0.1246943883255968,0.9800608761292524
IL,combined,3.5,strong,304,0.0961111111111111,-0.3840118019564528,0.8684971098265896,0.7158687943262412,0.1233491851977662,0.9638150048875856
IL,combined,3.5,strong,305,0.0961111111111111,-0.4065230373935249,0.8598265895953757,0.7088607594936709,0.1225916727324251,0.99
IL,combined,3.5,strong,306,0.095,-0.3761407417327405,0.8596491228070176,0.731862537123462,0.1148354816188479,0.9411408829028526
IL,combined,3.5,strong,307,0.0977777777777777,-0.4006910299897541,0.8451704545454546,0.6976958525345622,0.1039934228684056,0.9769202702171952
IL,combined,3.5,strong,308,0.0981944444444444,-0.4042731150859598,0.8500707213578501,0.7089852481001341,0.1221297135471638,0.98337899543379
IL,combined,4.0,strong,301,0.1027777777777777,-0.4355055911736304,0.8689189189189189,0.7191103789126854,0.1283065733615479,1.0
IL,combined,4.0,strong,302,0.0983333333333333,-0.4265343205417123,0.8629943502824858,0.7225457570715474,0.1095528058299807,0.99
IL,combined,4.0,strong,303,0.0986111111111111,-0.4089088980370679,0.8859154929577465,0.7364152473641524,0.1253223355378008,0.9900653594771242
IL,combined,4.0,strong,304,0.0995833333333333,-0.4115279597638979,0.8800557880055788,0.732637494981935,0.1202340008945233,0.9933333333333332
IL,combined,4.0,strong,305,0.0994444444444444,-0.4121152394273749,0.8645251396648045,0.7255871446229913,0.1203579677315229,0.9966666666666668
IL,combined,4.0,strong,306,0.0980555555555555,-0.3992979421622479,0.8923512747875354,0.7526395173453997,0.1181745817988344,0.99
IL,combined,4.0,strong,307,0.1015277777777777,-0.4258334787898784,0.8714090287277702,0.7233597994149603,0.1072116907875137,0.9834007779659952
IL,combined,4.0,strong,308,0.1004166666666666,-0.4135412872721707,0.8852005532503457,0.7446483180428135,0.1171575888088121,0.986691542288557
IL,combined,5.0,strong,301,0.1059722222222222,-0.4565578056140744,0.8676277850589778,0.7243940578577013,0.1224602252622618,0.9966666666666668
IL,combined,5.0,strong,302,0.1013888888888888,-0.4502208355069629,0.836986301369863,0.7265500794912559,0.1067254872390085,0.9966666666666664
IL,combined,5.0,strong,303,0.1052777777777777,-0.4228832830583368,0.8601583113456465,0.7500893814801574,0.1259253548999639,1.0
IL,combined,5.0,strong,304,0.1052777777777777,-0.4382666619072989,0.8812664907651715,0.7452898550724638,0.1222519067512524,1.0
IL,combined,5.0,strong,305,0.1043055555555555,-0.434711867684907,0.8655126498002663,0.7385767790262172,0.1173504105244375,0.9933333333333332
IL,combined,5.0,strong,306,0.1056944444444444,-0.4256711230295577,0.8843626806833115,0.7621786197564276,0.118279897670519,1.0
IL,combined,5.0,strong,307,0.1052777777777777,-0.4569476946276339,0.8654353562005277,0.7306953515174799,0.1154867648991741,1.0
IL,combined,5.0,strong,308,0.1061111111111111,-0.4240053314950667,0.8612565445026178,0.75,0.1200875131345829,1.0
IL,combined,6.0,strong,301,0.1084722222222222,-0.4605338670663163,0.8501920614596671,0.7105994442238984,0.1236987346228071,1.0
IL,combined,6.0,strong,302,0.1043055555555555,-0.4539484393644533,0.844207723035952,0.7154997976527722,0.1061892815751402,1.0
IL,combined,6.0,strong,303,0.1079166666666666,-0.4469729350536616,0.8635778635778636,0.7322160148975791,0.1196656234452948,1.0
IL,combined,6.0,strong,304,0.1075,-0.4546163391863179,0.8643410852713178,0.7226923076923077,0.1173623384879328,1.0
IL,combined,6.0,strong,305,0.1063888888888889,-0.4547869928347583,0.8720626631853786,0.716323296354992,0.119189985738802,1.0
IL,combined,6.0,strong,306,0.1070833333333333,-0.4321774986270525,0.8832684824902723,0.7451050195799217,0.1242917612515207,1.0
IL,combined,6.0,strong,307,0.1095833333333333,-0.4556201867333378,0.8732572877059569,0.7185328185328186,0.1106107701137479,1.0
IL,combined,6.0,strong,308,0.1072222222222222,-0.4570862410073985,0.8575129533678757,0.7254677357770142,0.1166077348337883,1.0
IL,combined,0.0,weak,301,0.00375,-0.0065795421993156,0.0,0.1379310344827586,0.2058310066984235,0.1628372620464315
IL,combined,0.0,weak,302,0.0036111111111111,0.0238510628528674,0.0769230769230769,0.0,0.1994845893998547,0.1605492432701466
IL,combined,0.0,weak,303,0.0041666666666666,0.0736734560068094,0.1,0.074074074074074,0.1980726212768497,0.1662823886908301
IL,combined,0.0,weak,304,0.0034722222222222,0.0963780622136852,0.08,0.1538461538461538,0.2004425576428488,0.1711129056097104
IL,combined,0.0,weak,305,0.0031944444444444,0.0681166882688875,0.0869565217391304,0.0833333333333333,0.2001739418613053,0.1613606293615909
IL,combined,0.0,weak,306,0.0033333333333333,0.1565513676505258,0.0,0.125,0.2136318613315772,0.1582785889172911
IL,combined,0.0,weak,307,0.0041666666666666,0.0403999456021998,0.1,0.0357142857142857,0.1981031662859229,0.1579175901693262
IL,combined,0.0,weak,308,0.0054166666666666,0.0449817173827635,0.1282051282051282,0.0294117647058823,0.2072731458710319,0.1592564939051579
IL,combined,0.5,weak,301,0.0095833333333333,0.0244937660012602,0.2028985507246377,0.1216216216216216,0.1613267228448307,0.159863891264462
IL,combined,0.5,weak,302,0.0090277777777777,0.0335149390847094,0.2153846153846154,0.0769230769230769,0.1554271162509658,0.1603449033720318
IL,combined,0.5,weak,303,0.0077777777777777,0.0503162412863596,0.1071428571428571,0.1228070175438596,0.1699111218797138,0.1561457217868095
IL,combined,0.5,weak,304,0.0076388888888888,0.0451275109505496,0.2181818181818181,0.04,0.1630422920055646,0.1618464979178429
IL,combined,0.5,weak,305,0.0077777777777777,0.0203093670092836,0.2142857142857142,0.1052631578947368,0.1604292452042696,0.1533369425734007
IL,combined,0.5,weak,306,0.0070833333333333,0.0595842541505084,0.1372549019607843,0.1272727272727272,0.1676933474774158,0.1549261745322496
IL,combined,0.5,weak,307,0.01125,0.0118879284608419,0.2716049382716049,0.0136986301369863,0.1535418171895764,0.1568314734586169
IL,combined,0.5,weak,308,0.0084722222222222,0.0642438255854978,0.1639344262295081,0.0517241379310344,0.1641839672268355,0.1615854359997826
IL,combined,1.0,weak,301,0.0173611111111111,-0.0026850689508046,0.368,0.1985294117647058,0.1366304344002471,0.1583121173205457
IL,combined,1.0,weak,302,0.0180555555555555,-0.0347754169667225,0.3846153846153846,0.1631205673758865,0.1203527413719984,0.1622657751455952
IL,combined,1.0,weak,303,0.0159722222222222,-0.0489596317941383,0.3478260869565217,0.2296296296296296,0.1317407969386645,0.1658733404582478
IL,combined,1.0,weak,304,0.0159722222222222,-0.0214313526749801,0.2521739130434782,0.2137404580152671,0.128448867335102,0.1663764021923886
IL,combined,1.0,weak,305,0.0152777777777777,-0.0116664457402043,0.3636363636363636,0.2700729927007299,0.126070111173066,0.1625990730449427
IL,combined,1.0,weak,306,0.0154166666666666,-0.0216482176040561,0.2972972972972973,0.2666666666666666,0.1403081930138554,0.1676263125528282
IL,combined,1.0,weak,307,0.0165277777777777,-0.0525571818692116,0.3193277310924369,0.2043795620437956,0.1228957287377016,0.1584807673768437
IL,combined,1.0,weak,308,0.0156944444444444,0.0022234201239388,0.2566371681415929,0.1707317073170731,0.1386521709278274,0.160128115731765
IL,combined,1.5,weak,301,0.0259722222222222,-0.0621899607434148,0.4117647058823529,0.3818181818181818,0.1314409571063788,0.1866201114996058
IL,combined,1.5,weak,302,0.0280555555555555,-0.1040398941909503,0.4603960396039604,0.3188405797101449,0.110200626308404,0.2031200068352411
IL,combined,1.5,weak,303,0.0268055555555555,-0.0796802620564571,0.4248704663212435,0.3794326241134751,0.1399387724937153,0.1976360278725779
IL,combined,1.5,weak,304,0.0248611111111111,-0.0529921267727562,0.435754189944134,0.350597609561753,0.1194618860423141,0.1888044090931076
IL,combined,1.5,weak,305,0.0263888888888888,-0.0622424596531877,0.3473684210526316,0.3496240601503759,0.128470666553335,0.1938765549146358
IL,combined,1.5,weak,306,0.0230555555555555,-0.0481159981629143,0.4457831325301205,0.3739837398373983,0.1346764219693238,0.1829420894114159
IL,combined,1.5,weak,307,0.0258333333333333,-0.0604155069803967,0.4032258064516129,0.3117408906882591,0.1183068227589664,0.1903963876210652
IL,combined,1.5,weak,308,0.02625,-0.0625573851506524,0.4497354497354497,0.3223140495867768,0.1183457469733453,0.1815158985171321
IL,combined,2.0,weak,301,0.0411111111111111,-0.1587308775854821,0.5945945945945946,0.46484375,0.124631325907781,0.266742136461824
IL,combined,2.0,weak,302,0.0427777777777777,-0.1519690763486986,0.5811688311688312,0.4442231075697211,0.1167304944229688,0.2854023982078426
IL,combined,2.0,weak,303,0.0361111111111111,-0.1107755185294506,0.5576923076923077,0.511340206185567,0.1207025113919696,0.2286872175038898
IL,combined,2.0,weak,304,0.0398611111111111,-0.1370226493236931,0.6445993031358885,0.4829659318637274,0.1253609194975802,0.2586657778748318
IL,combined,2.0,weak,305,0.0409722222222222,-0.1367587218183825,0.6033898305084746,0.4681274900398406,0.1260951695903515,0.267513968323639
IL,combined,2.0,weak,306,0.0340277777777777,-0.0898930554558545,0.5346938775510204,0.54375,0.1239825971983168,0.2177252923221438
IL,combined,2.0,weak,307,0.0391666666666666,-0.1427028569528912,0.5531914893617021,0.4558823529411764,0.1171178013890021,0.2590335253722424
IL,combined,2.0,weak,308,0.0368055555555555,-0.1189677392115108,0.5584905660377358,0.5122448979591837,0.1219355165590154,0.2157075522825609
IL,combined,2.5,weak,301,0.0573611111111111,-0.2207234792295148,0.7312348668280871,0.5668571428571428,0.1238914231117354,0.3923791803796189
IL,combined,2.5,weak,302,0.06,-0.2516607699743681,0.75,0.543757292882147,0.1060129834864436,0.4678278466706891
IL,combined,2.5,weak,303,0.0540277777777777,-0.218225148499978,0.6658097686375322,0.5859284890426759,0.1234221677204163,0.4158912124298829
IL,combined,2.5,weak,304,0.0569444444444444,-0.2072152774803072,0.7048780487804878,0.5615474794841735,0.1282869819443876,0.4134175648767698
IL,combined,2.5,weak,305,0.0565277777777777,-0.2052934977376847,0.6732186732186732,0.5662790697674419,0.1227041090054862,0.396348610590273
IL,combined,2.5,weak,306,0.0484722222222222,-0.1492459551573798,0.6361031518624641,0.6242568370986921,0.1183878461645837,0.306700648138432
IL,combined,2.5,weak,307,0.0602777777777777,-0.2417884121328302,0.7465437788018433,0.5511363636363636,0.1075795557163553,0.4440842253606204
IL,combined,2.5,weak,308,0.0533333333333333,-0.1905985361808316,0.6927083333333334,0.5939675174013921,0.1272891683113417,0.35037692828894
IL,combined,3.0,weak,301,0.0773611111111111,-0.3088529625871734,0.7881508078994613,0.6325648414985591,0.1258946457186864,0.6289407586001616
IL,combined,3.0,weak,302,0.0797222222222222,-0.3454961572599563,0.8066202090592335,0.6073260073260073,0.1090992802341714,0.7522037194866237
IL,combined,3.0,weak,303,0.0718055555555555,-0.2811034536928826,0.7872340425531915,0.66991643454039,0.1183586746923664,0.5951442897352541
IL,combined,3.0,weak,304,0.0769444444444444,-0.2942259113232018,0.8014440433212996,0.6270310192023634,0.1248813524341326,0.653137670811777
IL,combined,3.0,weak,305,0.08125,-0.3348273382961387,0.8290598290598291,0.6007326007326007,0.1222666004082364,0.7381724491480268
IL,combined,3.0,weak,306,0.0623611111111111,-0.2135763562729929,0.7149220489977728,0.707977207977208,0.1174534904192389,0.4331410671430296
IL,combined,3.0,weak,307,0.0798611111111111,-0.3361192256665899,0.8295652173913044,0.6107828655834564,0.1122024073802326,0.6972353083589504
IL,combined,3.0,weak,308,0.0736111111111111,-0.2937900486651211,0.7886792452830189,0.6576704545454546,0.1216391768262621,0.5571720851063002
IL,combined,3.5,weak,301,0.0934722222222222,-0.4023893799052729,0.8647845468053492,0.6385681293302541,0.1269796522960436,0.9026350102981509
IL,combined,3.5,weak,302,0.0904166666666666,-0.4093079676143695,0.8417818740399385,0.6432748538011696,0.1075027331106564,0.9216348268159268
IL,combined,3.5,weak,303,0.0904166666666666,-0.3664291772774357,0.8248847926267281,0.6749729144095341,0.1187975533372241,0.8961954604309615
IL,combined,3.5,weak,304,0.0922222222222222,-0.3613163629544036,0.8253012048192772,0.6732409381663113,0.1234105928239705,0.9029384909931104
IL,combined,3.5,weak,305,0.0909722222222222,-0.3699137957846912,0.8198473282442749,0.6764236295902075,0.1219289818681327,0.8907631761408724
IL,combined,3.5,weak,306,0.0886111111111111,-0.3569946890346652,0.8683385579937304,0.6953846153846154,0.118566528880403,0.8320879116913825
IL,combined,3.5,weak,307,0.0936111111111111,-0.3803144262832838,0.8397626112759644,0.6655844155844156,0.1065900071677975,0.8998006179045416
IL,combined,3.5,weak,308,0.0915277777777777,-0.3619677725833071,0.8452200303490136,0.6833245660178853,0.1187255472083737,0.8468344946953156
IL,combined,4.0,weak,301,0.0991666666666666,-0.4121469469269738,0.8501400560224089,0.7009892086330936,0.1273806802861909,0.9603873687833416
IL,combined,4.0,weak,302,0.0975,-0.4251252887775183,0.8490028490028491,0.6860687022900763,0.1093401354164006,0.9669168375814228
IL,combined,4.0,weak,303,0.0977777777777777,-0.3985968496121738,0.8565340909090909,0.7202406532015471,0.1242903871214285,0.9603537125175122
IL,combined,4.0,weak,304,0.0983333333333333,-0.4069171471810497,0.8714689265536724,0.709706144256456,0.1197472465155846,0.9734358974358974
IL,combined,4.0,weak,305,0.0991666666666666,-0.4037092165203005,0.8739495798319328,0.6990424076607387,0.1192070197126601,0.9669451951051056
IL,combined,4.0,weak,306,0.0973611111111111,-0.4047573721517969,0.8559201141226819,0.7177033492822966,0.1232323630626997,0.9602912176560122
IL,combined,4.0,weak,307,0.1008333333333333,-0.4278029266374024,0.8829201101928374,0.7024977698483497,0.109674467945615,0.980088959585248
IL,combined,4.0,weak,308,0.0998611111111111,-0.3965303033531956,0.866481223922114,0.7226185480486781,0.12065440374485,0.9636372318542464
IL,combined,5.0,weak,301,0.1061111111111111,-0.4489021505638122,0.8586387434554974,0.7223740726278798,0.1264711771862813,0.9966666666666668
IL,combined,5.0,weak,302,0.1016666666666666,-0.4402631332217362,0.8538251366120219,0.7201797385620915,0.1055145874248939,0.9933333333333332
IL,combined,5.0,weak,303,0.1034722222222222,-0.4345265762532144,0.8832214765100671,0.7367223065250379,0.1209721591129457,0.9933333333333332
IL,combined,5.0,weak,304,0.105,-0.437814537772481,0.8783068783068783,0.7330798479087453,0.1243630378740492,1.0
IL,combined,5.0,weak,305,0.1038888888888888,-0.4345408392359624,0.8542780748663101,0.7294440093970243,0.1188245532385991,0.9966666666666668
IL,combined,5.0,weak,306,0.1038888888888888,-0.4195410282940591,0.893048128342246,0.7576495132127955,0.1199668569269268,0.9900198412698412
IL,combined,5.0,weak,307,0.105,-0.4522924597831755,0.8783068783068783,0.7254516889238021,0.1087272783589861,0.9933739837398372
IL,combined,5.0,weak,308,0.1063888888888889,-0.430357389301319,0.881201044386423,0.746862674793833,0.1161117753960412,0.9933333333333332
IL,combined,6.0,weak,301,0.1088888888888888,-0.4629586214866921,0.8533163265306123,0.706661316211878,0.1225787097620109,0.9933333333333332
IL,combined,6.0,weak,302,0.1048611111111111,-0.4640315305648951,0.8635761589403973,0.7095980311730927,0.1062955767275843,1.0
IL,combined,6.0,weak,303,0.1070833333333333,-0.4493700898128719,0.8599221789883269,0.7324101796407185,0.1197466421325222,1.0
IL,combined,6.0,weak,304,0.1084722222222222,-0.4467736752652477,0.8770806658130602,0.7240061162079511,0.1190814591371726,0.9966666666666668
IL,combined,6.0,weak,305,0.1069444444444444,-0.4538857451986376,0.8493506493506493,0.7137161084529505,0.122417382998373,0.9966666666666668
IL,combined,6.0,weak,306,0.1066666666666666,-0.4472247091327512,0.8776041666666666,0.7441609773625584,0.1275422735710521,1.0
IL,combined,6.0,weak,307,0.1090277777777777,-0.4540763570322051,0.8662420382165605,0.716248037676609,0.1109923965440528,1.0
IL,combined,6.0,weak,308,0.1077777777777777,-0.4499526881813417,0.865979381443299,0.7277208949563898,0.1156820004769482,0.9966666666666668
MA,combined,0.0,medium,301,0.0044444444444444,0.1375773277788071,0.0625,0.0357142857142857,0.1944702079782725,0.1632711329706044
MA,combined,0.0,medium,302,0.0038888888888888,0.0906957587888698,0.0,0.0714285714285714,0.2016386901879189,0.1614362026673199
MA,combined,0.0,medium,303,0.0038888888888888,0.069744794967598,0.0,0.1612903225806451,0.2057450719215425,0.1577774984391701
MA,combined,0.0,medium,304,0.0040277777777777,0.0747480651808083,0.0344827586206896,0.1333333333333333,0.20182602221152,0.1735076562348055
MA,combined,0.0,medium,305,0.0044444444444444,0.0532816833924705,0.15625,0.0,0.2046716776555486,0.1675580714575018
MA,combined,0.0,medium,306,0.0038888888888888,0.1046714394818099,0.1428571428571428,0.08,0.1975600422567688,0.1689180696925606
MA,combined,0.0,medium,307,0.0044444444444444,0.1004647734718303,0.125,0.1944444444444444,0.2083314620670942,0.1734680565822572
MA,combined,0.0,medium,308,0.0041666666666666,0.0995432056029446,0.1333333333333333,0.1290322580645161,0.2025907203935143,0.1705863512414516
MA,combined,0.5,medium,301,0.0079166666666666,0.032042210501632,0.1578947368421052,0.0677966101694915,0.1534705650182902,0.1558992269435784
MA,combined,0.5,medium,302,0.0066666666666666,0.0670799202145514,0.1458333333333333,0.2105263157894736,0.1597500865176644,0.1543992205852613
MA,combined,0.5,medium,303,0.0052777777777777,0.0856033004814015,0.0526315789473684,0.2765957446808511,0.1543103757661014,0.1533301107328414
MA,combined,0.5,medium,304,0.0077777777777777,0.0682794556680784,0.1607142857142857,0.1666666666666666,0.162094302255197,0.1640646502939086
MA,combined,0.5,medium,305,0.0070833333333333,0.0605891189058129,0.1176470588235294,0.2539682539682539,0.1745577751171853,0.1598428046872603
MA,combined,0.5,medium,306,0.00625,0.0475440115421184,0.2444444444444444,0.2222222222222222,0.1564183390874959,0.1751496905236711
MA,combined,0.5,medium,307,0.0075,0.0707782438670667,0.1481481481481481,0.2769230769230769,0.172477556284157,0.1629530705499254
MA,combined,0.5,medium,308,0.0070833333333333,0.047655011400772,0.1764705882352941,0.1698113207547169,0.1552180666706246,0.1633357284582825
MA,combined,1.0,medium,301,0.0133333333333333,0.0035596925623291,0.2291666666666666,0.3064516129032258,0.1222936955849948,0.1601865609523476
MA,combined,1.0,medium,302,0.0125,0.000149279670597,0.2888888888888888,0.2566371681415929,0.1184210435957804,0.1483628573157835
MA,combined,1.0,medium,303,0.0109722222222222,0.0496965315749367,0.2784810126582278,0.4122807017543859,0.1229123415707851,0.1567097420656051
MA,combined,1.0,medium,304,0.0118055555555555,0.0305223678554366,0.1411764705882353,0.3189655172413793,0.1166584629524529,0.1572439647809062
MA,combined,1.0,medium,305,0.0116666666666666,0.0031758976620423,0.1904761904761904,0.396694214876033,0.1443836344862837,0.1626476336893754
MA,combined,1.0,medium,306,0.0106944444444444,0.0520402416326302,0.1428571428571428,0.2952380952380952,0.1321094803985845,0.1687836263283134
MA,combined,1.0,medium,307,0.01,0.0697319736940062,0.1805555555555555,0.4166666666666667,0.149708059528048,0.1581741541795492
MA,combined,1.0,medium,308,0.0148611111111111,0.0214868430223952,0.3831775700934579,0.2519685039370078,0.1419403486600297,0.1592200263664581
MA,combined,1.5,medium,301,0.0211111111111111,-0.0253122415904372,0.4473684210526316,0.4698795180722891,0.1059094909871887,0.1719120608088821
MA,combined,1.5,medium,302,0.0195833333333333,-0.0207274634121977,0.375886524822695,0.5019762845849802,0.1280055075807505,0.1594398101073773
MA,combined,1.5,medium,303,0.0155555555555555,0.0284338656178105,0.3035714285714285,0.5458515283842795,0.1233239425431759,0.1604519365278696
MA,combined,1.5,medium,304,0.0198611111111111,-0.0172759079176087,0.4125874125874126,0.4678111587982833,0.1202326063840485,0.1674520092357661
MA,combined,1.5,medium,305,0.0183333333333333,0.0001437408449596,0.2954545454545454,0.4937759336099585,0.1325589314885287,0.1550714114941906
MA,combined,1.5,medium,306,0.0209722222222222,-0.0491168878911472,0.4039735099337748,0.425,0.1224782789301512,0.1749186540860819
MA,combined,1.5,medium,307,0.0163888888888888,0.0213373155420833,0.3983050847457627,0.4742268041237113,0.1201900461353272,0.153968997102491
MA,combined,1.5,medium,308,0.0193055555555555,0.0054348381266626,0.4244604316546763,0.4666666666666667,0.124651363451631,0.1650953367109872
MA,combined,2.0,medium,301,0.0302777777777777,-0.0675500313357405,0.5596330275229358,0.5815450643776824,0.1095455764381796,0.1885955715774193
MA,combined,2.0,medium,302,0.0280555555555555,-0.078080809716802,0.5247524752475248,0.5973741794310722,0.1183007893318663,0.2022191079031949
MA,combined,2.0,medium,303,0.0223611111111111,-0.023490583037754,0.4782608695652174,0.6697247706422018,0.1153326505193327,0.1730521006842203
MA,combined,2.0,medium,304,0.0283333333333333,-0.0358453694975937,0.5343137254901961,0.6260330578512396,0.1177606141260784,0.169330947306123
MA,combined,2.0,medium,305,0.0276388888888888,-0.0470327888216341,0.4673366834170854,0.6181434599156118,0.1321398842803471,0.1783217842072669
MA,combined,2.0,medium,306,0.0295833333333333,-0.0539093460257999,0.4835680751173709,0.5691964285714286,0.1160038761149507,0.1942288156126994
MA,combined,2.0,medium,307,0.0208333333333333,-0.0202139098660081,0.4933333333333333,0.6859903381642513,0.1200531218696797,0.1621850460147003
MA,combined,2.0,medium,308,0.0288888888888888,-0.0536678691802648,0.5192307692307693,0.5913978494623656,0.125669149120485,0.1891947364031195
MA,combined,2.5,medium,301,0.0440277777777777,-0.1289907600702272,0.6876971608832808,0.6555423122765197,0.1124463278519526,0.2765404434546901
MA,combined,2.5,medium,302,0.0438888888888888,-0.1605633359641432,0.6424050632911392,0.6739130434782609,0.1174549709961761,0.2916230357303288
MA,combined,2.5,medium,303,0.0320833333333333,-0.0665817770874956,0.5541125541125541,0.7508854781582054,0.1269479549059438,0.1980631364647165
MA,combined,2.5,medium,304,0.0425,-0.1044544642644661,0.6470588235294118,0.6924803591470258,0.1109124048251534,0.2395678515326406
MA,combined,2.5,medium,305,0.0416666666666666,-0.1217296754266203,0.6166666666666667,0.6839012925969448,0.1294707121798708,0.2581633349813542
MA,combined,2.5,medium,306,0.0463888888888888,-0.152701145861185,0.6796407185628742,0.6441281138790036,0.1239174062479063,0.2995058753925939
MA,combined,2.5,medium,307,0.0313888888888888,-0.0507095909947861,0.5398230088495575,0.7600472813238771,0.1069651918997335,0.1965209999522151
MA,combined,2.5,medium,308,0.0409722222222222,-0.1137290677128095,0.6440677966101694,0.6866902237926973,0.1267397257082539,0.243060715911783
MA,combined,3.0,medium,301,0.0626388888888888,-0.2146873095321843,0.7228381374722838,0.7166324435318275,0.1021564182193285,0.446354964153773
MA,combined,3.0,medium,302,0.0644444444444444,-0.2433807095532018,0.7564655172413793,0.7196013289036545,0.1225989995014981,0.5073974348514401
MA,combined,3.0,medium,303,0.0456944444444444,-0.1164171238876413,0.6656534954407295,0.7961432506887053,0.1023073598445099,0.2882865400902858
MA,combined,3.0,medium,304,0.0580555555555555,-0.1691828942451197,0.722488038277512,0.7498336660013307,0.1232431240903546,0.385224714138813
MA,combined,3.0,medium,305,0.055,-0.1739629440986025,0.696969696969697,0.7601572739187418,0.1286290818254662,0.3444568113202439
MA,combined,3.0,medium,306,0.0608333333333333,-0.2034039838754207,0.730593607305936,0.7236842105263158,0.1197556600000977,0.4213116488990185
MA,combined,3.0,medium,307,0.0466666666666666,-0.1249210079464757,0.6666666666666666,0.7957794417971409,0.116375623176003,0.2738030258545674
MA,combined,3.0,medium,308,0.065,-0.2325224432474698,0.7435897435897436,0.7091660923501034,0.1210125920874927,0.4620995381477673
MA,combined,3.5,medium,301,0.0869444444444444,-0.3234212207466463,0.8258785942492013,0.7209077740222115,0.1038961749373964,0.7797801055853644
MA,combined,3.5,medium,302,0.0808333333333333,-0.3210409934249955,0.8213058419243986,0.7629695885509838,0.1226954838460586,0.7478887438854457
MA,combined,3.5,medium,303,0.0618055555555555,-0.1842824213691467,0.750561797752809,0.8176470588235294,0.1122843138769678,0.4302649652057819
MA,combined,3.5,medium,304,0.0745833333333333,-0.2578722542456064,0.7951582867783985,0.7717340771734077,0.1179799668952741,0.5743716523917785
MA,combined,3.5,medium,305,0.0775,-0.2788868736737705,0.8136200716845878,0.7669858641130871,0.1286805749854483,0.6359594349357794
MA,combined,3.5,medium,306,0.0822222222222222,-0.2902915354857863,0.831081081081081,0.7536231884057971,0.1217125114648147,0.698432243619168
MA,combined,3.5,medium,307,0.0626388888888888,-0.1879963842458391,0.7583148558758315,0.8126421100500227,0.1107956827194491,0.4379851190136826
MA,combined,3.5,medium,308,0.0859722222222222,-0.322334052353333,0.8174474959612278,0.7187345526445873,0.1156164613100284,0.7753351621392831
MA,combined,4.0,medium,301,0.0984722222222222,-0.368874347173963,0.8603667136812412,0.7560422960725075,0.1010403036725347,0.9475020459065298
MA,combined,4.0,medium,302,0.0943055555555555,-0.3845936622574751,0.8586156111929307,0.7686042206590151,0.1186637046246286,0.9701598275349392
MA,combined,4.0,medium,303,0.08,-0.2938115222514202,0.828125,0.8217553371738394,0.1115412614073166,0.7098227937394824
MA,combined,4.0,medium,304,0.09375,-0.3484704042657151,0.8592592592592593,0.7742639040348964,0.1166855254916918,0.8716831883147622
MA,combined,4.0,medium,305,0.0984722222222222,-0.3631292399935223,0.8716502115655853,0.764919941775837,0.1281101335689553,0.95085289003004
MA,combined,4.0,medium,306,0.09625,-0.3694879721528463,0.8643578643578643,0.7640074211502783,0.1224791639466203,0.9734126984126982
MA,combined,4.0,medium,307,0.0776388888888888,-0.249810994767991,0.774597495527728,0.826400825025782,0.1017359528734987,0.6051109188434912
MA,combined,4.0,medium,308,0.0980555555555555,-0.3937944391391719,0.8937677053824362,0.7475803329461866,0.1168569680577453,0.966962257475479
MA,combined,5.0,medium,301,0.1055555555555555,-0.4124035277516926,0.8644736842105263,0.7613559322033898,0.1049166322811885,0.9933333333333332
MA,combined,5.0,medium,302,0.1018055555555555,-0.4063024547210203,0.8772169167803547,0.7806221646143876,0.1147186217490978,0.9966666666666668
MA,combined,5.0,medium,303,0.0997222222222222,-0.3724730271274505,0.8495821727019499,0.8166620228475898,0.1133641465588424,1.0
MA,combined,5.0,medium,304,0.1048611111111111,-0.3955735725499511,0.9019867549668874,0.784019975031211,0.1220664595336336,0.9900919540229886
MA,combined,5.0,medium,305,0.1034722222222222,-0.4003219972304143,0.8885906040268456,0.7890553347600122,0.1266846279240897,0.9966666666666668
MA,combined,5.0,medium,306,0.1034722222222222,-0.4045787234783089,0.8993288590604027,0.7782761935277155,0.1149028108494312,1.0
MA,combined,5.0,medium,307,0.1029166666666666,-0.3816797159954515,0.8866396761133604,0.8108561835478455,0.1086445138054983,0.9966666666666668
MA,combined,5.0,medium,308,0.1044444444444444,-0.4185074133399428,0.8816489361702128,0.7680292455965437,0.1101425572259485,1.0
MA,combined,6.0,medium,301,0.1084722222222222,-0.4291424099764911,0.8693982074263764,0.7598935816428334,0.1101331425944904,0.9966666666666668
MA,combined,6.0,medium,302,0.1043055555555555,-0.4204183129316852,0.8628495339547271,0.7788736875596564,0.1061336847886513,1.0
MA,combined,6.0,medium,303,0.1027777777777777,-0.3945019155822505,0.8891891891891892,0.8108407079646017,0.1052603334820176,1.0
MA,combined,6.0,medium,304,0.1069444444444444,-0.4129558556105982,0.8636363636363636,0.7777434312210201,0.1168962091531825,1.0
MA,combined,6.0,medium,305,0.1061111111111111,-0.4158905256674094,0.8678010471204188,0.7756066813740939,0.1254878170991489,1.0
MA,combined,6.0,medium,306,0.1066666666666666,-0.4055339912413481,0.8815104166666666,0.7788789098792196,0.1189526333659395,1.0
MA,combined,6.0,medium,307,0.1066666666666666,-0.407029397328055,0.8984375,0.8026538678712591,0.108549573574086,1.0
MA,combined,6.0,medium,308,0.1088888888888888,-0.4173038538734991,0.860969387755102,0.7692804130364633,0.1113622416336729,1.0
MA,combined,0.0,strong,301,0.0043055555555555,0.0616086268189301,0.0967741935483871,0.0344827586206896,0.2003841330592678,0.1725598670292046
MA,combined,0.0,strong,302,0.00375,0.0945505691646873,0.074074074074074,0.08,0.2056577405749721,0.1673840470317662
MA,combined,0.0,strong,303,0.0026388888888888,0.0849486368606796,0.0,0.15,0.2003555310678966,0.1768251386000996
MA,combined,0.0,strong,304,0.0034722222222222,0.1198216242959805,0.0,0.0454545454545454,0.1994295807693795,0.1814886601821332
MA,combined,0.0,strong,305,0.0031944444444444,0.1011579995280076,0.0,0.1153846153846153,0.2010048828319128,0.1835660242465212
MA,combined,0.0,strong,306,0.0038888888888888,0.0251056046066245,0.0357142857142857,0.0384615384615384,0.2014642014821355,0.1792597167777375
MA,combined,0.0,strong,307,0.0030555555555555,0.09713527538935,0.0454545454545454,0.36,0.2080815881184369,0.1701960630884791
MA,combined,0.0,strong,308,0.0034722222222222,0.1081556492600607,0.04,0.0833333333333333,0.2017370319453653,0.168036304655909
MA,combined,0.5,strong,301,0.0061111111111111,0.0579581276664341,0.0909090909090909,0.1836734693877551,0.1560013245366183,0.1618361789914559
MA,combined,0.5,strong,302,0.0073611111111111,0.0310675767982614,0.1886792452830188,0.2222222222222222,0.1590372226019535,0.1548706034648688
MA,combined,0.5,strong,303,0.0059722222222222,0.0775531280498834,0.1395348837209302,0.2040816326530612,0.1543300717500235,0.1623698495690384
MA,combined,0.5,strong,304,0.0075,0.034171426924256,0.2777777777777778,0.2,0.1574834906088098,0.1763741714715737
MA,combined,0.5,strong,305,0.0068055555555555,0.0543460106512564,0.0816326530612244,0.2413793103448276,0.1683371541527816,0.166885410930931
MA,combined,0.5,strong,306,0.0080555555555555,0.0292761752807804,0.2068965517241379,0.2153846153846154,0.1592419212175553,0.1714683430111615
MA,combined,0.5,strong,307,0.0058333333333333,0.0735664785066386,0.0238095238095238,0.3333333333333333,0.1583973979306728,0.170335265458844
MA,combined,0.5,strong,308,0.0083333333333333,0.0552051372676412,0.15,0.1186440677966101,0.1591030340818961,0.1730962875768236
MA,combined,1.0,strong,301,0.0130555555555555,0.0165496563432473,0.2553191489361702,0.3481481481481481,0.1206665743958949,0.1683877850427337
MA,combined,1.0,strong,302,0.0119444444444444,0.0050764820524535,0.3372093023255814,0.373015873015873,0.1327469243650627,0.1575176539317012
MA,combined,1.0,strong,303,0.0105555555555555,0.0140878698974185,0.2368421052631578,0.4144144144144144,0.1243499109271044,0.1586451716578639
MA,combined,1.0,strong,304,0.0120833333333333,0.0130937215894105,0.2298850574712643,0.36,0.1299112132774364,0.1630595873080196
MA,combined,1.0,strong,305,0.0109722222222222,0.0390618680901035,0.2278481012658227,0.4444444444444444,0.1410508333704782,0.1583439686929668
MA,combined,1.0,strong,306,0.0126388888888888,0.0173478655408771,0.2197802197802197,0.373134328358209,0.1389384610485376,0.1631822849794932
MA,combined,1.0,strong,307,0.0119444444444444,0.069349397478242,0.2325581395348837,0.3391304347826087,0.1253505294713618,0.1520682910817152
MA,combined,1.0,strong,308,0.0129166666666666,0.0302566932485065,0.2365591397849462,0.2410714285714285,0.1304223667317613,0.159363685851402
MA,combined,1.5,strong,301,0.0215277777777777,-0.0253496424163493,0.3806451612903225,0.436734693877551,0.1044387921023109,0.1713053078923553
MA,combined,1.5,strong,302,0.02,-0.0455781935759642,0.3819444444444444,0.5058365758754864,0.1171113230194594,0.1702268375599857
MA,combined,1.5,strong,303,0.0173611111111111,-0.0062415231648838,0.448,0.5537190082644629,0.0938620143408051,0.1653648583380673
MA,combined,1.5,strong,304,0.0213888888888888,-0.025587288424333,0.4285714285714285,0.5310344827586206,0.1121708606555759,0.1685650047690554
MA,combined,1.5,strong,305,0.0181944444444444,-0.0046387488616181,0.3587786259541984,0.4978902953586498,0.1312837702820617,0.1655636268822692
MA,combined,1.5,strong,306,0.0209722222222222,-0.036185270716729,0.3774834437086092,0.4813432835820895,0.1219375079773642,0.1824027556940044
MA,combined,1.5,strong,307,0.0166666666666666,0.0011695633150115,0.35,0.5527426160337553,0.1233647190173628,0.1522199788406423
MA,combined,1.5,strong,308,0.0206944444444444,-0.0439306091946695,0.5369127516778524,0.4942084942084942,0.1375228321347976,0.1765965769729631
MA,combined,2.0,strong,301,0.0313888888888888,-0.0815428539052708,0.4867256637168141,0.6041666666666666,0.1060627202234842,0.1999474709080352
MA,combined,2.0,strong,302,0.0281944444444444,-0.0793697962084666,0.5024630541871922,0.6489563567362429,0.1250069131640002,0.1868417931682054
MA,combined,2.0,strong,303,0.0216666666666666,-0.0060004044478953,0.4423076923076923,0.7060041407867494,0.1104132826280039,0.1662130551822966
MA,combined,2.0,strong,304,0.02875,-0.0689652918374484,0.5169082125603864,0.6199186991869918,0.1175341352988059,0.1809937650475849
MA,combined,2.0,strong,305,0.0258333333333333,-0.0405446201272574,0.4946236559139785,0.6826923076923077,0.133856753662692,0.1727112899417799
MA,combined,2.0,strong,306,0.0315277777777777,-0.0825101925806975,0.4845814977973568,0.6007905138339921,0.1278651316645787,0.2088532970460964
MA,combined,2.0,strong,307,0.0244444444444444,-0.045225512064626,0.4943181818181818,0.680161943319838,0.1208907649235085,0.1712987116670869
MA,combined,2.0,strong,308,0.0306944444444444,-0.0684843218394208,0.5248868778280543,0.5847107438016529,0.1309709531656434,0.1941146057864987
MA,combined,2.5,strong,301,0.0445833333333333,-0.1396007074193432,0.6884735202492211,0.7095477386934673,0.115266680443131,0.2716995281801924
MA,combined,2.5,strong,302,0.0484722222222222,-0.1700368355161911,0.6762177650429799,0.6988416988416989,0.1223456603513872,0.3261336292553424
MA,combined,2.5,strong,303,0.0301388888888888,-0.0553625294260587,0.5161290322580645,0.7722095671981777,0.1041426270437762,0.1946235953335996
MA,combined,2.5,strong,304,0.0434722222222222,-0.1124355152575733,0.645367412140575,0.7134207870837538,0.1070140200037101,0.2636090800760281
MA,combined,2.5,strong,305,0.0377777777777777,-0.1039739083963015,0.6323529411764706,0.7549800796812749,0.1305049643646383,0.2389407766906971
MA,combined,2.5,strong,306,0.0486111111111111,-0.1687725522607777,0.6685714285714286,0.6711340206185566,0.1098717793158982,0.3193563463001128
MA,combined,2.5,strong,307,0.0329166666666666,-0.0689555324830096,0.5654008438818565,0.7670940170940171,0.1136687108495962,0.1999760623498815
MA,combined,2.5,strong,308,0.04125,-0.0952879217484279,0.622895622895623,0.7052980132450332,0.1346096020092723,0.2478219621231124
MA,combined,3.0,strong,301,0.0645833333333333,-0.2278190049350419,0.7397849462365591,0.7391826923076923,0.1085747676641204,0.4571513585837241
MA,combined,3.0,strong,302,0.0626388888888888,-0.2491679320505939,0.7427937915742794,0.7564102564102564,0.1179072578687155,0.4921360079498501
MA,combined,3.0,strong,303,0.0488888888888888,-0.1429883088338807,0.7073863636363636,0.8035824583075973,0.1062701694946288,0.2971983421517007
MA,combined,3.0,strong,304,0.0518055555555555,-0.1295840400772062,0.7131367292225201,0.7878404053198227,0.1117450524866315,0.3053924756665296
MA,combined,3.0,strong,305,0.0584722222222222,-0.2003927050712805,0.7197149643705463,0.7683444511825349,0.1286768359174652,0.413617862241801
MA,combined,3.0,strong,306,0.0631944444444444,-0.2258830798446229,0.7582417582417582,0.7554766133806986,0.1233799593652806,0.4441739471077889
MA,combined,3.0,strong,307,0.0479166666666666,-0.123736630785918,0.6405797101449275,0.8089480048367593,0.1065949361972391,0.2899280557089246
MA,combined,3.0,strong,308,0.0670833333333333,-0.2397855179668401,0.7639751552795031,0.7230864965774736,0.1227394621253837,0.4975305858835281
MA,combined,3.5,strong,301,0.0852777777777777,-0.3116134652041379,0.8257328990228013,0.7574066122799484,0.0989703395932203,0.7326635924054699
MA,combined,3.5,strong,302,0.0809722222222222,-0.3238366358304715,0.7993138936535163,0.769327731092437,0.1203545238058745,0.7882341884812266
MA,combined,3.5,strong,303,0.0629166666666666,-0.1965808437636979,0.7682119205298014,0.823961937716263,0.110789357102224,0.4286095461995901
MA,combined,3.5,strong,304,0.0765277777777777,-0.2548004942041788,0.8021778584392014,0.7889447236180904,0.1178110208937249,0.5716747591831006
MA,combined,3.5,strong,305,0.0830555555555555,-0.2961244462205822,0.7993311036789298,0.7645778938207136,0.1267683519630769,0.7140600805000485
MA,combined,3.5,strong,306,0.08375,-0.3017024644395417,0.8043117744610282,0.7625590382138256,0.1282457278600832,0.7380006068692292
MA,combined,3.5,strong,307,0.0623611111111111,-0.1895028123314975,0.7483296213808464,0.8212094653812445,0.1093365040140087,0.4195688706124173
MA,combined,3.5,strong,308,0.0875,-0.3419294408827285,0.8571428571428571,0.7371737173717372,0.1196933942945254,0.8148840510475136
MA,combined,4.0,strong,301,0.0993055555555555,-0.3694906107463047,0.8699300699300699,0.7617328519855595,0.106823803012509,0.9867515700385434
MA,combined,4.0,strong,302,0.0959722222222222,-0.3825195723660182,0.8654124457308249,0.7763757448300035,0.1137100932392145,0.9900194931773878
MA,combined,4.0,strong,303,0.0868055555555555,-0.3243622001106024,0.8464,0.8087837837837838,0.1087854598256085,0.8473532623928658
MA,combined,4.0,strong,304,0.0965277777777777,-0.3554477011075256,0.8805755395683453,0.7810996563573883,0.1155540405611248,0.9440783606275004
MA,combined,4.0,strong,305,0.0976388888888888,-0.3669809388651144,0.8534850640113798,0.7776247848537006,0.1320629224637338,0.9702941451904628
MA,combined,4.0,strong,306,0.0965277777777777,-0.3722899306279858,0.8589928057553957,0.7712137486573577,0.1214086047133602,0.9736143290043292
MA,combined,4.0,strong,307,0.0830555555555555,-0.2871287772762529,0.8444816053511706,0.8217660475724992,0.110111071025278,0.7148142175901607
MA,combined,4.0,strong,308,0.1,-0.3826508334146248,0.8527777777777777,0.7574311926605505,0.1166091899843403,0.9933333333333332
MA,combined,5.0,strong,301,0.1051388888888888,-0.4055646884911242,0.8824306472919419,0.7677165354330708,0.1073463691892765,1.0
MA,combined,5.0,strong,302,0.1005555555555555,-0.402660642650773,0.8770718232044199,0.7904732254047323,0.1114958314630751,1.0
MA,combined,5.0,strong,303,0.0993055555555555,-0.3726781332400351,0.8671328671328671,0.8166989217583633,0.1067142931425723,1.0
MA,combined,5.0,strong,304,0.1044444444444444,-0.4088115944235936,0.8776595744680851,0.7810355583281348,0.1149701613101585,0.9966666666666668
MA,combined,5.0,strong,305,0.10375,-0.4016429325318494,0.8862115127175368,0.7916666666666666,0.126611752275263,0.9966666666666668
MA,combined,5.0,strong,306,0.1031944444444444,-0.3988882797204322,0.8802153432032301,0.7775628626692457,0.1196832672198323,1.0
MA,combined,5.0,strong,307,0.1025,-0.376117900989913,0.8468834688346883,0.8126904959822665,0.1151473770271097,0.9966666666666668
MA,combined,5.0,strong,308,0.1040277777777777,-0.4202580417497967,0.8691588785046729,0.7751211631663975,0.1186790013489094,0.9966666666666668
MA,combined,6.0,strong,301,0.1095833333333333,-0.4284705523273074,0.8808618504435995,0.7599212856674319,0.1125702828246633,1.0
MA,combined,6.0,strong,302,0.10375,-0.4092606934979461,0.8500669344042838,0.781042654028436,0.1099376740968398,1.0
MA,combined,6.0,strong,303,0.1027777777777777,-0.3883053714009059,0.8621621621621621,0.8139661756683033,0.1114477575082196,1.0
MA,combined,6.0,strong,304,0.1081944444444444,-0.4268268410679608,0.8908857509627728,0.7709585574185385,0.1151504998945355,1.0
MA,combined,6.0,strong,305,0.1086111111111111,-0.4119878733933554,0.8900255754475703,0.7774665421724245,0.1245550440637567,1.0
MA,combined,6.0,strong,306,0.1066666666666666,-0.4188180469310289,0.87890625,0.7714468629961587,0.1264402798557112,1.0
MA,combined,6.0,strong,307,0.10625,-0.4096982872738446,0.8941176470588236,0.7998286693318104,0.1134739004111302,1.0
MA,combined,6.0,strong,308,0.1070833333333333,-0.4201541934684762,0.8625162127107653,0.7626162018592297,0.1164124782520412,1.0
MA,combined,0.0,weak,301,0.0033333333333333,0.1100418832456303,0.2083333333333333,0.1739130434782608,0.2019050223824319,0.1628372620464315
MA,combined,0.0,weak,302,0.0033333333333333,0.0856150368455256,0.0,0.12,0.2038286245955815,0.1605492432701466
MA,combined,0.0,weak,303,0.0029166666666666,0.1327798253970813,0.0,0.1666666666666666,0.203280621157309,0.1662823886908301
MA,combined,0.0,weak,304,0.00375,0.0635156818804146,0.074074074074074,0.1538461538461538,0.2039424215991553,0.1711129056097104
MA,combined,0.0,weak,305,0.0031944444444444,0.0877257699384933,0.0434782608695652,0.125,0.1995395405103086,0.1613606293615909
MA,combined,0.0,weak,306,0.0038888888888888,0.082708814676992,0.1428571428571428,0.1071428571428571,0.2023251369377625,0.1582785889172911
MA,combined,0.0,weak,307,0.0026388888888888,0.0802307873026635,0.1052631578947368,0.3928571428571428,0.203271829500124,0.1579175901693262
MA,combined,0.0,weak,308,0.0038888888888888,0.0603250287695514,0.1428571428571428,0.0384615384615384,0.2011843863129053,0.1592564939051579
MA,combined,0.5,weak,301,0.0061111111111111,0.104162356313772,0.0909090909090909,0.2545454545454545,0.1621319265706076,0.1523966425511363
MA,combined,0.5,weak,302,0.0065277777777777,0.0208963917797859,0.1914893617021276,0.1568627450980392,0.1612378520812498,0.144268059190151
MA,combined,0.5,weak,303,0.0056944444444444,0.0554228129071076,0.1463414634146341,0.2244897959183673,0.1578916610993244,0.1530918255341737
MA,combined,0.5,weak,304,0.0066666666666666,0.0714520981340874,0.2916666666666667,0.2,0.1664324559954501,0.1557371959974513
MA,combined,0.5,weak,305,0.0059722222222222,0.035350127433344,0.1627906976744186,0.2307692307692307,0.1584617128070051,0.1569483931898672
MA,combined,0.5,weak,306,0.0079166666666666,0.0790775376983993,0.175438596491228,0.0535714285714285,0.1580056770739928,0.1624450158949713
MA,combined,0.5,weak,307,0.0063888888888888,0.0347098016029673,0.108695652173913,0.1914893617021276,0.1604139840959141,0.1566441290142244
MA,combined,0.5,weak,308,0.0084722222222222,0.036329700162305,0.1967213114754098,0.140625,0.1547112340697303,0.1527504571186505
MA,combined,1.0,weak,301,0.0136111111111111,0.0266757248106521,0.3265306122448979,0.3140495867768595,0.1283070995190076,0.1451520869603191
MA,combined,1.0,weak,302,0.0123611111111111,0.0107051908692098,0.3258426966292135,0.3017241379310345,0.1327856700788384,0.1513062526957619
MA,combined,1.0,weak,303,0.0106944444444444,0.0501348014324157,0.2987012987012987,0.3867924528301887,0.1335008082427757,0.1529903507923946
MA,combined,1.0,weak,304,0.0109722222222222,0.0470634324851642,0.189873417721519,0.3454545454545454,0.1195437636601876,0.1507644674662356
MA,combined,1.0,weak,305,0.0118055555555555,0.0270437809456476,0.2705882352941176,0.3445378151260504,0.1322935202100641,0.1529988654155449
MA,combined,1.0,weak,306,0.0115277777777777,0.0516580420584654,0.2048192771084337,0.3363636363636363,0.128147111399228,0.1577453355153245
MA,combined,1.0,weak,307,0.0104166666666666,0.0872160995602355,0.1733333333333333,0.3783783783783784,0.1371071552163723,0.1521193678437351
MA,combined,1.0,weak,308,0.0127777777777777,0.043144910195904,0.1847826086956521,0.2719298245614035,0.1298536517543776,0.154444107063142
MA,combined,1.5,weak,301,0.01875,-0.0110712481683841,0.3777777777777777,0.4345794392523364,0.1121899468884029,0.1628239602544177
MA,combined,1.5,weak,302,0.0211111111111111,-0.0276540133267274,0.3486842105263157,0.4512195121951219,0.1182551452161275,0.1618666782084551
MA,combined,1.5,weak,303,0.0165277777777777,0.0279347776855652,0.3025210084033613,0.5118483412322274,0.1093683749873289,0.1589056633372424
MA,combined,1.5,weak,304,0.0191666666666666,0.0019005696293581,0.3695652173913043,0.5,0.1261283306524097,0.1543608289476209
MA,combined,1.5,weak,305,0.0141666666666666,0.0405068215202977,0.2254901960784313,0.5633802816901409,0.1465978592668515,0.1494269685625371
MA,combined,1.5,weak,306,0.0191666666666666,-0.0131456535137186,0.3550724637681159,0.4222222222222222,0.1254983259960006,0.1616973932451403
MA,combined,1.5,weak,307,0.01375,0.0502985958951153,0.2525252525252525,0.5133689839572193,0.1191829271292635,0.1540231821753634
MA,combined,1.5,weak,308,0.0179166666666666,-0.0067214974953088,0.4031007751937984,0.4590909090909091,0.1220527053468868,0.1575727324258405
MA,combined,2.0,weak,301,0.0258333333333333,-0.0275492845846979,0.4462365591397849,0.5823389021479713,0.1000742102408779,0.1725602669652688
MA,combined,2.0,weak,302,0.0295833333333333,-0.0878549805740488,0.5446009389671361,0.5454545454545454,0.1234998646395654,0.190568042191151
MA,combined,2.0,weak,303,0.02125,0.0047390954310146,0.4379084967320261,0.6502590673575129,0.1157488983631212,0.1587439550232459
MA,combined,2.0,weak,304,0.0288888888888888,-0.0360379115162278,0.4519230769230769,0.5513126491646778,0.1197414426927976,0.1851594815294248
MA,combined,2.0,weak,305,0.02625,-0.0498096088836097,0.4444444444444444,0.5977011494252874,0.1229422256709987,0.1765893950501928
MA,combined,2.0,weak,306,0.0309722222222222,-0.0449090796403036,0.5067264573991032,0.53125,0.1175313588731598,0.1936553188198018
MA,combined,2.0,weak,307,0.0241666666666666,-0.0169213222385736,0.4425287356321839,0.6374407582938388,0.1114630634191896,0.1627621584876546
MA,combined,2.0,weak,308,0.0281944444444444,-0.0508350400355877,0.5024630541871922,0.5478468899521531,0.1303399146118475,0.1826975725452675
MA,combined,2.5,weak,301,0.0456944444444444,-0.1492387972711572,0.6322188449848024,0.6407766990291263,0.1126115308824505,0.2788669626170088
MA,combined,2.5,weak,302,0.0404166666666666,-0.1268714150217822,0.5945017182130584,0.6641221374045801,0.1125077449034641,0.2686173378116451
MA,combined,2.5,weak,303,0.0338888888888888,-0.0824233818411415,0.5819672131147541,0.7142857142857143,0.1075388552597224,0.2173835659437208
MA,combined,2.5,weak,304,0.0388888888888888,-0.0891824476361446,0.6285714285714286,0.667989417989418,0.1169817926878001,0.2253049045197937
MA,combined,2.5,weak,305,0.0352777777777777,-0.0652634112343464,0.5708661417322834,0.695364238410596,0.1367018602245052,0.2041013133394507
MA,combined,2.5,weak,306,0.0408333333333333,-0.0962602943516375,0.5340136054421769,0.6320109439124487,0.1238965040978965,0.2512176884625787
MA,combined,2.5,weak,307,0.0334722222222222,-0.0702105574931869,0.5269709543568465,0.7227214377406932,0.1164261594750243,0.1966005894668169
MA,combined,2.5,weak,308,0.0434722222222222,-0.1318437216761374,0.6549520766773163,0.6218034993270525,0.138808928736915,0.2700897411014887
MA,combined,3.0,weak,301,0.0634722222222222,-0.2084761049007994,0.7527352297592997,0.6682464454976303,0.1091107821155893,0.4399928053008968
MA,combined,3.0,weak,302,0.0575,-0.1967214473185123,0.6811594202898551,0.7206095791001451,0.1181913040167384,0.4261013293163921
MA,combined,3.0,weak,303,0.0440277777777777,-0.0914063672802758,0.6214511041009464,0.7944199706314243,0.105852266951367,0.2662930555794757
MA,combined,3.0,weak,304,0.0556944444444444,-0.1837987535709037,0.7581047381546134,0.7266666666666667,0.112492087824634,0.3544362566155967
MA,combined,3.0,weak,305,0.0543055555555555,-0.1525825322867106,0.6854219948849105,0.7423133235724744,0.1319707318511571,0.3267101804965123
MA,combined,3.0,weak,306,0.0584722222222222,-0.1849224898541436,0.7363420427553444,0.7062404870624048,0.1290522873238216,0.4005184893508014
MA,combined,3.0,weak,307,0.0440277777777777,-0.1075723235893499,0.6340694006309149,0.7890451517394522,0.1158103691634787,0.266385810725334
MA,combined,3.0,weak,308,0.0611111111111111,-0.2046331959492159,0.7227272727272728,0.6887009992313605,0.1242574531344606,0.4239460563988759
MA,combined,3.5,weak,301,0.0811111111111111,-0.289782300150506,0.8047945205479452,0.7278318810866222,0.1092442972160064,0.6873816040805117
MA,combined,3.5,weak,302,0.0773611111111111,-0.2815005432041545,0.8025134649910234,0.7447342026078235,0.1151346613707018,0.6395654073809531
MA,combined,3.5,weak,303,0.0609722222222222,-0.1763204095355606,0.7425968109339408,0.8083454633672974,0.1073181931731701,0.4216766994973414
MA,combined,3.5,weak,304,0.0752777777777777,-0.2406130702466394,0.7859778597785978,0.7534039334341907,0.1219453854165741,0.5629972239595902
MA,combined,3.5,weak,305,0.0754166666666666,-0.2549181970457721,0.7937384898710865,0.7543859649122807,0.1353380170585343,0.6105462018639727
MA,combined,3.5,weak,306,0.0795833333333333,-0.2941437953989154,0.7958115183246073,0.7339632023868722,0.127144456971327,0.7092976675072545
MA,combined,3.5,weak,307,0.0588888888888888,-0.1638683715258054,0.7452830188679245,0.8052657724788872,0.1135866548124891,0.3724506630006725
MA,combined,3.5,weak,308,0.0805555555555555,-0.2964385471272738,0.8224137931034483,0.7237597911227154,0.1206435310758536,0.6848751684416737
MA,combined,4.0,weak,301,0.0966666666666666,-0.3667350234720222,0.8577586206896551,0.7419878296146044,0.1074839069609814,0.9152865889329972
MA,combined,4.0,weak,302,0.0936111111111111,-0.3725063477518923,0.8486646884272997,0.7573757763975155,0.1156411625910516,0.9539061323612484
MA,combined,4.0,weak,303,0.0830555555555555,-0.3132990510023516,0.8411371237458194,0.7984581497797357,0.111570702450105,0.7802855748330564
MA,combined,4.0,weak,304,0.0933333333333333,-0.3492468782772837,0.8616071428571429,0.7580518460329929,0.1134521604164398,0.8819518275411936
MA,combined,4.0,weak,305,0.0916666666666666,-0.3407909627089882,0.8378787878787879,0.7742899850523169,0.1345878089153669,0.8627213860616871
MA,combined,4.0,weak,306,0.0945833333333333,-0.3449006137258995,0.856093979441997,0.7592879256965944,0.1275306419275213,0.8872855589098712
MA,combined,4.0,weak,307,0.0816666666666666,-0.2893711025188055,0.8010204081632653,0.8082191780821918,0.115249316179907,0.6762276295809679
MA,combined,4.0,weak,308,0.0972222222222222,-0.3773098839697775,0.8614285714285714,0.732776617954071,0.1187550082855432,0.9282515736273104
MA,combined,5.0,weak,301,0.1041666666666666,-0.4180484947528888,0.868,0.7619857191431486,0.1042246211149121,0.9966666666666668
MA,combined,5.0,weak,302,0.1,-0.40439345284544,0.8638888888888889,0.7839665164198326,0.111785358812435,0.9966666666666668
MA,combined,5.0,weak,303,0.0973611111111111,-0.3754700093256323,0.8644793152639088,0.8150997150997151,0.1094715854524763,0.980078895463511
MA,combined,5.0,weak,304,0.1054166666666666,-0.3960755348071785,0.8893280632411067,0.7766059443911792,0.1185902174327859,0.9966666666666668
MA,combined,5.0,weak,305,0.1036111111111111,-0.3966410139554736,0.8847184986595175,0.7879069767441861,0.1241378429351058,0.9933333333333332
MA,combined,5.0,weak,306,0.10375,-0.4029397026491327,0.8902275769745649,0.7778132992327366,0.1242834291291955,0.9966666666666668
MA,combined,5.0,weak,307,0.1016666666666666,-0.3824434479921666,0.8838797814207651,0.8067299396031061,0.1152324046535092,0.9933333333333332
MA,combined,5.0,weak,308,0.1047222222222222,-0.4142151911124202,0.8461538461538461,0.761969904240766,0.1149873932604999,0.990049751243781
MA,combined,6.0,weak,301,0.10875,-0.4291927379928289,0.8633461047254151,0.7576859504132232,0.1128431169039331,1.0
MA,combined,6.0,weak,302,0.1033333333333333,-0.4212811567120175,0.8682795698924731,0.7785622593068036,0.1060623852152938,1.0
MA,combined,6.0,weak,303,0.1047222222222222,-0.3893335801657566,0.8793103448275862,0.8079561042524005,0.1067428335740662,1.0
MA,combined,6.0,weak,304,0.1083333333333333,-0.4263453331909698,0.8782051282051282,0.7750077905889685,0.1219185376399818,0.9966666666666664
MA,combined,6.0,weak,305,0.10625,-0.4103997324766182,0.869281045751634,0.7800369685767098,0.1319545978927193,0.9933333333333332
MA,combined,6.0,weak,306,0.1066666666666666,-0.414482209014513,0.8645833333333334,0.7693303138142996,0.127263981056776,0.9966666666666668
MA,combined,6.0,weak,307,0.1065277777777777,-0.4050661290112891,0.8956975228161669,0.8003403289846852,0.1113172474641774,1.0
MA,combined,6.0,weak,308,0.1068055555555555,-0.4328471491926018,0.8803641092327699,0.7639257294429708,0.1139434318270702,1.0
NC,combined,0.0,medium,301,0.0038888888888888,0.0729376373441745,0.0,0.0,0.2012259432102261,0.1632711329706044
NC,combined,0.0,medium,302,0.0055555555555555,0.0671111691825863,0.075,0.0263157894736842,0.2024781126100185,0.1614362026673199
NC,combined,0.0,medium,303,0.0045833333333333,0.018737015525676,0.2727272727272727,0.0,0.1972361978746609,0.1577774984391701
NC,combined,0.0,medium,304,0.0038888888888888,0.0486637757877664,0.0714285714285714,0.0666666666666666,0.2032361082526022,0.1735076562348055
NC,combined,0.0,medium,305,0.0038888888888888,0.0970999784517672,0.0714285714285714,0.0384615384615384,0.2033016786591712,0.1675580714575018
NC,combined,0.0,medium,306,0.0044444444444444,0.0699837692553489,0.09375,0.0,0.2008709786559405,0.1689180696925606
NC,combined,0.0,medium,307,0.0041666666666666,0.0625065540664368,0.2,0.0,0.200862411008864,0.1734680565822572
NC,combined,0.0,medium,308,0.0041666666666666,0.0273302197004841,0.0333333333333333,0.0,0.1974974695759096,0.1705863512414516
NC,combined,0.5,medium,301,0.0091666666666666,0.0479766886600619,0.2272727272727272,0.0,0.1569324790250627,0.1536783198350254
NC,combined,0.5,medium,302,0.0095833333333333,-0.0054199045593465,0.1304347826086956,0.046875,0.157973113122109,0.1547163565543662
NC,combined,0.5,medium,303,0.0088888888888888,0.0108363307212227,0.203125,0.0517241379310344,0.1557177976716171,0.1609364200433265
NC,combined,0.5,medium,304,0.0098611111111111,0.0133767007500276,0.2253521126760563,0.0307692307692307,0.1553149963160825,0.162081437687741
NC,combined,0.5,medium,305,0.0097222222222222,0.0018297062391303,0.2571428571428571,0.0857142857142857,0.1561337758642962,0.1608850331244877
NC,combined,0.5,medium,306,0.0075,0.0607428588575544,0.1666666666666666,0.0196078431372549,0.1565660753125418,0.16263002474301
NC,combined,0.5,medium,307,0.0093055555555555,0.0412271891384203,0.1194029850746268,0.0895522388059701,0.1558239429980281,0.154822253784801
NC,combined,0.5,medium,308,0.0084722222222222,0.0391415019022263,0.1475409836065573,0.0677966101694915,0.1575162655777596,0.1661158709108328
NC,combined,1.0,medium,301,0.0173611111111111,0.006090328538889,0.368,0.1865671641791045,0.1247185340231806,0.15729402457923
NC,combined,1.0,medium,302,0.02,-0.0490089000300354,0.3611111111111111,0.1602564102564102,0.1275199906021568,0.1680629278503499
NC,combined,1.0,medium,303,0.01875,-0.0350705574449263,0.3185185185185185,0.1071428571428571,0.1164823553614439,0.1673171946056131
NC,combined,1.0,medium,304,0.0184722222222222,-0.0216317056414231,0.3759398496240601,0.1214285714285714,0.1245264030573495,0.173461185847699
NC,combined,1.0,medium,305,0.0175,-0.007769140365807,0.3888888888888889,0.1641791044776119,0.1331823634059424,0.161544919309889
NC,combined,1.0,medium,306,0.0195833333333333,-0.0395254510856908,0.425531914893617,0.1,0.1288106090832742,0.1810137279292762
NC,combined,1.0,medium,307,0.01875,-0.0009997944891199,0.3777777777777777,0.2243589743589743,0.1225369480028573,0.1557367867377201
NC,combined,1.0,medium,308,0.0184722222222222,-0.0453648599319656,0.3759398496240601,0.1176470588235294,0.1301398348160413,0.1776204088341634
NC,combined,1.5,medium,301,0.0294444444444444,-0.0790512131155224,0.5188679245283019,0.342756183745583,0.1219007272516523,0.1866507543630426
NC,combined,1.5,medium,302,0.0311111111111111,-0.103591668543264,0.5892857142857143,0.3046594982078853,0.1172889432664703,0.2103883925627456
NC,combined,1.5,medium,303,0.0318055555555555,-0.086484529014622,0.4934497816593886,0.2436363636363636,0.1058378841713697,0.1913485026533187
NC,combined,1.5,medium,304,0.0291666666666666,-0.0793186099920389,0.4809523809523809,0.3109540636042402,0.1148178403006347,0.1999782853925536
NC,combined,1.5,medium,305,0.0283333333333333,-0.0701308967652218,0.4852941176470588,0.3308823529411764,0.1207162973074016,0.2078676224116993
NC,combined,1.5,medium,306,0.0352777777777777,-0.1232728123084002,0.5354330708661418,0.2135593220338983,0.1152429545632352,0.2403166534546096
NC,combined,1.5,medium,307,0.0311111111111111,-0.099029995097427,0.5625,0.3049645390070922,0.1098096226585552,0.1964724148653465
NC,combined,1.5,medium,308,0.0297222222222222,-0.0919178468523978,0.5747663551401869,0.2882562277580071,0.1221139132590676,0.1915411985339891
NC,combined,2.0,medium,301,0.0436111111111111,-0.134162312188562,0.5955414012738853,0.448742746615087,0.1059137215521177,0.2752260834102789
NC,combined,2.0,medium,302,0.0477777777777777,-0.1942302324028112,0.686046511627907,0.4458259325044404,0.116884710855589,0.3338501659830453
NC,combined,2.0,medium,303,0.0497222222222222,-0.1707261818799347,0.6620111731843575,0.4003690036900369,0.1080830644327982,0.3291945414559266
NC,combined,2.0,medium,304,0.04875,-0.1664429220380384,0.6495726495726496,0.4361702127659574,0.12030263544488,0.3109204554465495
NC,combined,2.0,medium,305,0.0423611111111111,-0.1424001991761163,0.6557377049180327,0.4841713221601489,0.1269555854780797,0.2849765344622015
NC,combined,2.0,medium,306,0.0533333333333333,-0.2104626579919236,0.7317708333333334,0.3817204301075269,0.1225336289072441,0.375091005879595
NC,combined,2.0,medium,307,0.0451388888888888,-0.1486737803455866,0.68,0.4613970588235294,0.1066792008857239,0.2839661728139476
NC,combined,2.0,medium,308,0.0448611111111111,-0.1462605191791843,0.6965944272445821,0.4596622889305816,0.1159029206261725,0.2762895623588983
NC,combined,2.5,medium,301,0.0604166666666666,-0.2143194120099397,0.735632183908046,0.5830687830687831,0.1040199966136637,0.4082684597529227
NC,combined,2.5,medium,302,0.0672222222222222,-0.2786553015442164,0.7975206611570248,0.560515873015873,0.1134037883460598,0.5855315688942057
NC,combined,2.5,medium,303,0.0658333333333333,-0.2491600384192525,0.7805907172995781,0.5941619585687382,0.1102064326139971,0.4780324176049925
NC,combined,2.5,medium,304,0.0641666666666666,-0.2226848720510072,0.7359307359307359,0.5617740232312566,0.116508064935646,0.4675970800539016
NC,combined,2.5,medium,305,0.0656944444444444,-0.2430437430320623,0.7526427061310782,0.5417106652587117,0.1186997717253279,0.5028923769682954
NC,combined,2.5,medium,306,0.0716666666666666,-0.287814358982743,0.7868217054263565,0.5148717948717949,0.124904032853744,0.5878664724891055
NC,combined,2.5,medium,307,0.0679166666666666,-0.2473026501891891,0.8098159509202454,0.5478887744593203,0.1138318542644438,0.4958270912701816
NC,combined,2.5,medium,308,0.0613888888888888,-0.2355765047348947,0.7601809954751131,0.5637949836423118,0.1057109616529683,0.4473152116715416
NC,combined,3.0,medium,301,0.0844444444444444,-0.3159235237630228,0.850328947368421,0.6227056424201224,0.1045872704641603,0.7262940390064327
NC,combined,3.0,medium,302,0.0847222222222222,-0.3448751262734772,0.8573770491803279,0.6247491638795987,0.1141567291087996,0.8388032700949855
NC,combined,3.0,medium,303,0.0898611111111111,-0.3522758571139774,0.839258114374034,0.6042638241172552,0.1098447710975209,0.8263100590953779
NC,combined,3.0,medium,304,0.0888888888888888,-0.3434380152739297,0.8328125,0.6201954397394137,0.1154408148901092,0.8091877157354064
NC,combined,3.0,medium,305,0.0848611111111111,-0.3278923642391743,0.8363338788870703,0.6146408839779005,0.1166302942003178,0.7749533647733169
NC,combined,3.0,medium,306,0.0905555555555555,-0.3735332714447355,0.8466257668711656,0.5853994490358126,0.124443292872043,0.8837201820223826
NC,combined,3.0,medium,307,0.0847222222222222,-0.3199326724935891,0.8491803278688524,0.6262626262626263,0.1068467894336994,0.7314986311439146
NC,combined,3.0,medium,308,0.0861111111111111,-0.3451642474670274,0.8387096774193549,0.6147038801906058,0.109007383754816,0.74361944031849
NC,combined,3.5,medium,301,0.0990277777777777,-0.3905153556294666,0.8373071528751753,0.6580578512396694,0.1101132025504841,0.9510464636035104
NC,combined,3.5,medium,302,0.0938888888888888,-0.4011767368763892,0.856508875739645,0.6719077568134172,0.1111108232146825,0.9507806323120904
NC,combined,3.5,medium,303,0.09875,-0.3933909501637054,0.8579465541490858,0.6659919028340081,0.1081791994799721,0.9509003098948398
NC,combined,3.5,medium,304,0.0975,-0.388876222982471,0.8475783475783476,0.6614826334888543,0.1138305075503971,0.9571018130306228
NC,combined,3.5,medium,305,0.0948611111111111,-0.3890116649790202,0.8653001464128843,0.677732379979571,0.1189041527003876,0.935108875788334
NC,combined,3.5,medium,306,0.0986111111111111,-0.4107181186992029,0.8690140845070422,0.63561190738699,0.1191590055116759,0.9735747837985768
NC,combined,3.5,medium,307,0.0970833333333333,-0.3955089107801473,0.8812589413447782,0.6603970741901777,0.1174606687239518,0.9538751280925194
NC,combined,3.5,medium,308,0.0972222222222222,-0.3835629317738259,0.8685714285714285,0.6740442655935613,0.1065871096992087,0.9475380099992082
NC,combined,4.0,medium,301,0.1051388888888888,-0.4152767596477156,0.8943196829590488,0.7001718213058419,0.1026884802788452,0.9833958653405568
NC,combined,4.0,medium,302,0.0979166666666666,-0.4019638392024223,0.8609929078014185,0.7256711409395973,0.1129367069694013,0.986764705882353
NC,combined,4.0,medium,303,0.1034722222222222,-0.4259255186598712,0.8966442953020134,0.6937669376693767,0.1101458271742099,0.9833530571992112
NC,combined,4.0,medium,304,0.1026388888888888,-0.4053884398660622,0.8741542625169147,0.7092228864218617,0.1168828807030763,0.9866666666666668
NC,combined,4.0,medium,305,0.0986111111111111,-0.3940445479133191,0.8591549295774648,0.7208404802744426,0.1203939561641405,0.980065055479556
NC,combined,4.0,medium,306,0.1025,-0.4312665091471058,0.8672086720867209,0.6807116104868914,0.1182298334921059,1.0
NC,combined,4.0,medium,307,0.1029166666666666,-0.4225141786167636,0.8771929824561403,0.7047038327526133,0.1184005100760074,0.9867149758454108
NC,combined,4.0,medium,308,0.1027777777777777,-0.4120562229319331,0.8675675675675676,0.7027379400260756,0.1117946183284035,0.9866869918699188
NC,combined,5.0,medium,301,0.1080555555555555,-0.441651169809223,0.8637532133676092,0.7258921791951405,0.1068511073701256,0.990051282051282
NC,combined,5.0,medium,302,0.1022222222222222,-0.4345046203743175,0.8627717391304348,0.738914373088685,0.1154456933978155,0.9933333333333332
NC,combined,5.0,medium,303,0.105,-0.4413735366503862,0.8703703703703703,0.7273781902552204,0.1124544367149978,1.0
NC,combined,5.0,medium,304,0.1058333333333333,-0.4368757899303188,0.8740157480314961,0.737625604763677,0.1162634423707187,1.0
NC,combined,5.0,medium,305,0.1052777777777777,-0.4258014381282456,0.8733509234828496,0.7422566371681416,0.1150283548080984,0.9966666666666668
NC,combined,5.0,medium,306,0.1068055555555555,-0.4353365983030619,0.8543563068920677,0.7190923317683882,0.1166942945581313,0.9966666666666668
NC,combined,5.0,medium,307,0.1073611111111111,-0.4341559389491842,0.8822768434670116,0.7429704397981255,0.1177759282270547,1.0
NC,combined,5.0,medium,308,0.1068055555555555,-0.4367768590614992,0.8699609882964889,0.7416879795396419,0.1056651726048611,1.0
NC,combined,6.0,medium,301,0.1106944444444444,-0.4569144848624902,0.8695106649937264,0.7179585571757483,0.1089560603897185,1.0
NC,combined,6.0,medium,302,0.1029166666666666,-0.4460508256470619,0.8596491228070176,0.7388199924840285,0.1168273923711761,1.0
NC,combined,6.0,medium,303,0.10875,-0.4462315549971014,0.855683269476373,0.7217125382262997,0.1157998296046656,1.0
NC,combined,6.0,medium,304,0.1097222222222222,-0.453480389993189,0.8772151898734177,0.7214176829268293,0.1212028074499947,0.9966666666666668
NC,combined,6.0,medium,305,0.1068055555555555,-0.4298216762779687,0.8907672301690507,0.741876597298284,0.115200001125839,1.0
NC,combined,6.0,medium,306,0.1072222222222222,-0.449425783809399,0.8601036269430051,0.7206112852664577,0.11776092548638,0.9966666666666668
NC,combined,6.0,medium,307,0.1084722222222222,-0.4513259798032289,0.8796414852752881,0.7328893821679615,0.1121906381554038,1.0
NC,combined,6.0,medium,308,0.1086111111111111,-0.4472849465378164,0.8618925831202046,0.7329650092081031,0.1114756038183514,1.0
NC,combined,0.0,strong,301,0.0048611111111111,0.1167169376430333,0.1142857142857142,0.0,0.2052379121996161,0.1725598670292046
NC,combined,0.0,strong,302,0.0033333333333333,0.0614764482108769,0.125,0.0,0.1958051597148739,0.1673840470317662
NC,combined,0.0,strong,303,0.0054166666666666,0.0666441774128192,0.0769230769230769,0.0,0.199988269781171,0.1768251386000996
NC,combined,0.0,strong,304,0.0030555555555555,0.0541276078298754,0.0454545454545454,0.0,0.1986295178835501,0.1814886601821332
NC,combined,0.0,strong,305,0.0026388888888888,0.0242864378632971,0.0,0.0,0.206883829361887,0.1835660242465212
NC,combined,0.0,strong,306,0.0041666666666666,0.1018299308663304,0.1333333333333333,0.0357142857142857,0.2034026686190098,0.1792597167777375
NC,combined,0.0,strong,307,0.0051388888888888,0.0949768326692617,0.1081081081081081,0.0,0.1988572839858029,0.1701960630884791
NC,combined,0.0,strong,308,0.0043055555555555,0.0713573575030976,0.064516129032258,0.037037037037037,0.2012163282745459,0.168036304655909
NC,combined,0.5,strong,301,0.0091666666666666,0.0102656761343634,0.2272727272727272,0.0757575757575757,0.1622211080701855,0.1733184379541642
NC,combined,0.5,strong,302,0.0115277777777777,-0.0165104920166507,0.2771084337349397,0.037037037037037,0.1554577379648782,0.1618606692701513
NC,combined,0.5,strong,303,0.0091666666666666,0.0026555084224384,0.2121212121212121,0.0175438596491228,0.1577885508759448,0.1616125262934577
NC,combined,0.5,strong,304,0.0102777777777777,0.0226203508041795,0.2567567567567567,0.0,0.1554936130080938,0.1650411901065192
NC,combined,0.5,strong,305,0.0088888888888888,0.0496881900660343,0.109375,0.0967741935483871,0.1615006948744914,0.1744998071597089
NC,combined,0.5,strong,306,0.0106944444444444,-0.0243685579687918,0.1038961038961039,0.0,0.1611163256048625,0.167828724882589
NC,combined,0.5,strong,307,0.01125,0.0470752272642613,0.2222222222222222,0.0266666666666666,0.1535731230288696,0.1629364661738447
NC,combined,0.5,strong,308,0.00875,0.0229510352465723,0.1904761904761904,0.0175438596491228,0.1600292358134342,0.1642900970588078
NC,combined,1.0,strong,301,0.0184722222222222,-0.030135886153003,0.3909774436090225,0.1736111111111111,0.1252378400671569,0.1702220242673869
NC,combined,1.0,strong,302,0.0205555555555555,-0.034295824892003,0.3513513513513513,0.1401273885350318,0.1246913687688219,0.1745288881959294
NC,combined,1.0,strong,303,0.0205555555555555,-0.0407549561540044,0.3378378378378378,0.1509433962264151,0.1199248284449571,0.1752127965551291
NC,combined,1.0,strong,304,0.0197222222222222,-0.044816455033402,0.3873239436619718,0.1776315789473684,0.128953747860941,0.1733327353236957
NC,combined,1.0,strong,305,0.0188888888888888,-0.0003311419454717,0.4044117647058823,0.1119402985074626,0.1263924667076586,0.1721551258228736
NC,combined,1.0,strong,306,0.0186111111111111,-0.0330613100415247,0.3880597014925373,0.1203007518796992,0.1257124163502207,0.1893027057484251
NC,combined,1.0,strong,307,0.0180555555555555,-0.0128350147671261,0.3769230769230769,0.2356687898089172,0.1240523121007142,0.1719876504464567
NC,combined,1.0,strong,308,0.0177777777777777,-0.0352240431574044,0.3515625,0.176056338028169,0.1236475227454426,0.1673285442941966
NC,combined,1.5,strong,301,0.0318055555555555,-0.1065967250929864,0.5283842794759825,0.3636363636363636,0.1145251916066226,0.2137071990162543
NC,combined,1.5,strong,302,0.0340277777777777,-0.1350551960148901,0.5387755102040817,0.3468208092485549,0.1158746812426725,0.2457017576278727
NC,combined,1.5,strong,303,0.0316666666666666,-0.1000608557576751,0.5043859649122807,0.3449367088607595,0.1039402918056949,0.2133843535413597
NC,combined,1.5,strong,304,0.03,-0.0622242212951594,0.4953703703703703,0.3442622950819672,0.113017684444494,0.2081758795248772
NC,combined,1.5,strong,305,0.0290277777777777,-0.0750577317139023,0.4545454545454545,0.3576158940397351,0.1228104807060263,0.2106414975481225
NC,combined,1.5,strong,306,0.0336111111111111,-0.1089929176465423,0.5454545454545454,0.3262839879154078,0.1158012617439046,0.2246455916429685
NC,combined,1.5,strong,307,0.0331944444444444,-0.1016510497610898,0.5523012552301255,0.3872832369942196,0.1136670874134859,0.2232372198323104
NC,combined,1.5,strong,308,0.0298611111111111,-0.0947772655000125,0.5395348837209303,0.3894080996884735,0.121312492757819,0.2042394316027495
NC,combined,2.0,strong,301,0.0502777777777777,-0.1901141291347864,0.7486187845303868,0.4810126582278481,0.1135160081934506,0.3248123992869191
NC,combined,2.0,strong,302,0.0497222222222222,-0.1953539471076291,0.6731843575418994,0.4672131147540984,0.1175336184265651,0.3678775819653187
NC,combined,2.0,strong,303,0.0452777777777777,-0.1483306424968659,0.6595092024539877,0.5276073619631901,0.1011011569924673,0.3016122628040236
NC,combined,2.0,strong,304,0.0529166666666666,-0.1954940903102217,0.7060367454068242,0.4440894568690096,0.1116478708173599,0.3521243990751419
NC,combined,2.0,strong,305,0.0490277777777777,-0.1828143821689139,0.6968838526912181,0.4847020933977455,0.1195991577935911,0.3370969073727183
NC,combined,2.0,strong,306,0.0556944444444444,-0.2101475778283994,0.7256857855361596,0.4761215629522431,0.1266268025370629,0.3968274578108717
NC,combined,2.0,strong,307,0.0493055555555555,-0.1821138532339431,0.6929577464788732,0.5061919504643962,0.1062594205123112,0.3119562185643376
NC,combined,2.0,strong,308,0.04875,-0.1739561064058205,0.6609686609686609,0.4936102236421725,0.1132586044110716,0.3157137584709302
NC,combined,2.5,strong,301,0.0625,-0.2141775588250581,0.7311111111111112,0.6098020735155514,0.1165037354855749,0.4336151572539549
NC,combined,2.5,strong,302,0.0741666666666666,-0.3119552309049997,0.8239700374531835,0.578719723183391,0.1161210815966782,0.6752864435846779
NC,combined,2.5,strong,303,0.0718055555555555,-0.2725054653452207,0.7872340425531915,0.6035805626598465,0.0963373929264244,0.579133882900989
NC,combined,2.5,strong,304,0.0722222222222222,-0.2698299820591562,0.7826923076923077,0.5768551236749117,0.1142449913704777,0.5873672122873458
NC,combined,2.5,strong,305,0.0633333333333333,-0.2463119280086451,0.7828947368421053,0.6192660550458715,0.1230145560434604,0.5008853031075373
NC,combined,2.5,strong,306,0.0804166666666666,-0.3291532282024508,0.7858376511226253,0.5332152347209921,0.1181715227000252,0.731846380494759
NC,combined,2.5,strong,307,0.0688888888888888,-0.2608398454346891,0.7943548387096774,0.6,0.1097099341241057,0.538105517424648
NC,combined,2.5,strong,308,0.06875,-0.2687620677264193,0.804040404040404,0.5895795246800731,0.1158031785868443,0.5420208053514224
NC,combined,3.0,strong,301,0.0886111111111111,-0.3296202858062038,0.8322884012539185,0.6485029940119761,0.1048819608242071,0.7928627908319755
NC,combined,3.0,strong,302,0.0880555555555555,-0.3744254895972621,0.8470031545741324,0.6484045755568935,0.1145702827755086,0.9092897899585058
NC,combined,3.0,strong,303,0.0923611111111111,-0.3654559624390244,0.8586466165413534,0.6316736652669466,0.1097922994202452,0.9035509485772416
NC,combined,3.0,strong,304,0.0920833333333333,-0.3583470637467424,0.8506787330316742,0.6384752829064919,0.1147685847354691,0.9002723102896368
NC,combined,3.0,strong,305,0.0848611111111111,-0.3298442753888237,0.8330605564648118,0.6612709832134293,0.1238173081760901,0.7998417135815199
NC,combined,3.0,strong,306,0.0951388888888888,-0.379550708831874,0.8540145985401459,0.6157605375687233,0.1145865780668691,0.9314891515630088
NC,combined,3.0,strong,307,0.0909722222222222,-0.3536642670892806,0.8381679389312977,0.6448152562574494,0.1066818429959712,0.8414842324602967
NC,combined,3.0,strong,308,0.0879166666666666,-0.3278756751705816,0.8309636650868878,0.6599763872491146,0.1124068616454416,0.7783305999194221
NC,combined,3.5,strong,301,0.0994444444444444,-0.3993257304134495,0.8603351955307262,0.6841103710751665,0.1088967598260829,0.9867561521252796
NC,combined,3.5,strong,302,0.0958333333333333,-0.4082091424214275,0.8826086956521739,0.6861493123772102,0.1092738025386907,0.9800779727095515
NC,combined,3.5,strong,303,0.0995833333333333,-0.4182884238287243,0.8828451882845189,0.6920943134535368,0.1103111357652088,0.9866666666666668
NC,combined,3.5,strong,304,0.0995833333333333,-0.4037690305283489,0.8702928870292888,0.6792270531400966,0.121649270389864,0.9867156862745098
NC,combined,3.5,strong,305,0.0969444444444444,-0.3908110419321708,0.8510028653295129,0.6871046228710462,0.1210551159684266,0.98668903803132
NC,combined,3.5,strong,306,0.1009722222222222,-0.4183636436217944,0.8651994497936726,0.6661691542288557,0.120718924974114,0.986686507936508
NC,combined,3.5,strong,307,0.1002777777777777,-0.410105599341771,0.8739612188365651,0.6639469658337583,0.1055453914841463,0.9867632850241546
NC,combined,3.5,strong,308,0.1013888888888888,-0.3902224932333878,0.8698630136986302,0.6849056603773584,0.1138556914446621,0.9671479401406134
NC,combined,4.0,strong,301,0.1043055555555555,-0.4220662273882857,0.8708388814913449,0.705383637134379,0.1091903934809064,0.99
NC,combined,4.0,strong,302,0.0975,-0.4017167770834688,0.8660968660968661,0.7249055018899622,0.1117099921394217,0.9867156862745098
NC,combined,4.0,strong,303,0.1027777777777777,-0.4181381132139747,0.8648648648648649,0.7132075471698113,0.113848654810676,0.9966666666666668
NC,combined,4.0,strong,304,0.10375,-0.4203269705712479,0.8902275769745649,0.7201462225832657,0.1135713368061127,0.9867441860465116
NC,combined,4.0,strong,305,0.1009722222222222,-0.3886158540194517,0.8762035763411279,0.7329591018444266,0.1193692160400974,0.99
NC,combined,4.0,strong,306,0.1015277777777777,-0.4245470357635989,0.8645690834473324,0.7000441111601235,0.1213087420762854,0.9966666666666668
NC,combined,4.0,strong,307,0.1030555555555555,-0.4261182765588854,0.8733153638814016,0.7136287625418061,0.116838560055776,1.0
NC,combined,4.0,strong,308,0.1038888888888888,-0.4161468790970201,0.8582887700534759,0.7147009966777409,0.1078033845939075,0.9933333333333332
NC,combined,5.0,strong,301,0.1084722222222222,-0.4353182583794518,0.8578745198463509,0.7249056603773585,0.1076153971409246,1.0
NC,combined,5.0,strong,302,0.1025,-0.4229092747930159,0.8509485094850948,0.7429325292122126,0.1157597815873774,1.0
NC,combined,5.0,strong,303,0.1066666666666666,-0.4256950088841105,0.8463541666666666,0.7373848987108655,0.117423005089098,1.0
NC,combined,5.0,strong,304,0.1072222222222222,-0.444141657616526,0.8626943005181347,0.7331093691675998,0.1176410048723852,1.0
NC,combined,5.0,strong,305,0.1048611111111111,-0.4142972991231515,0.8688741721854305,0.7530163236337828,0.1159812623189604,0.9966666666666668
NC,combined,5.0,strong,306,0.1056944444444444,-0.442967587491278,0.8646517739816032,0.7269914926527455,0.1222681836291351,1.0
NC,combined,5.0,strong,307,0.1073611111111111,-0.4221506782151908,0.869340232858991,0.7476038338658147,0.1133332956874692,1.0
NC,combined,5.0,strong,308,0.1075,-0.4382967764662284,0.8785529715762274,0.7403776325344953,0.1103724314393033,1.0
NC,combined,6.0,strong,301,0.1102777777777777,-0.4516975925212718,0.8476070528967254,0.7207890743550834,0.1111628337025643,1.0
NC,combined,6.0,strong,302,0.1054166666666666,-0.4362037838889308,0.8629776021080369,0.746031746031746,0.114513657841706,1.0
NC,combined,6.0,strong,303,0.1091666666666666,-0.4484997478208398,0.861323155216285,0.7257700976709242,0.1121956777745395,1.0
NC,combined,6.0,strong,304,0.11,-0.4516126148184176,0.8661616161616161,0.7186779400461184,0.1187197539473127,1.0
NC,combined,6.0,strong,305,0.1058333333333333,-0.4359842133157997,0.8674540682414699,0.744,0.1129645599054587,1.0
NC,combined,6.0,strong,306,0.1090277777777777,-0.4552080752149158,0.8624203821656051,0.7149070778964017,0.1200619617609509,1.0
NC,combined,6.0,strong,307,0.1094444444444444,-0.4498104672478387,0.8718274111675127,0.7334309776638593,0.1117957713009717,1.0
NC,combined,6.0,strong,308,0.1104166666666666,-0.4510054699422716,0.8603773584905661,0.727238944630249,0.1112600800624908,1.0
NC,combined,0.0,weak,301,0.0045833333333333,0.078366615852191,0.0909090909090909,0.0,0.2056425051357433,0.1628372620464315
NC,combined,0.0,weak,302,0.0047222222222222,0.0293360958822278,0.0588235294117647,0.0625,0.1974354609216656,0.1605492432701466
NC,combined,0.0,weak,303,0.0022222222222222,0.0391396185209752,0.0625,0.0,0.1983757342165173,0.1662823886908301
NC,combined,0.0,weak,304,0.0041666666666666,0.0547101747613586,0.0,0.0,0.2026027320187991,0.1711129056097104
NC,combined,0.0,weak,305,0.0048611111111111,0.0523207394727584,0.0,0.09375,0.197645476583629,0.1613606293615909
NC,combined,0.0,weak,306,0.0029166666666666,0.061019009761005,0.0476190476190476,0.0,0.198653102322054,0.1582785889172911
NC,combined,0.0,weak,307,0.0041666666666666,0.0593493304519533,0.0666666666666666,0.0,0.2012489968008786,0.1579175901693262
NC,combined,0.0,weak,308,0.0033333333333333,0.1126416941890422,0.0,0.0,0.2017882104279162,0.1592564939051579
NC,combined,0.5,weak,301,0.0088888888888888,0.0311833105434939,0.1875,0.0169491525423728,0.1639746547979775,0.1526911941430914
NC,combined,0.5,weak,302,0.0072222222222222,0.0569124185940568,0.1153846153846153,0.0204081632653061,0.1552352701609237,0.1498285583277974
NC,combined,0.5,weak,303,0.0077777777777777,0.0053472767902712,0.2142857142857142,0.0576923076923076,0.1561224956271084,0.1554137368742426
NC,combined,0.5,weak,304,0.0088888888888888,0.0412722967664005,0.171875,0.0166666666666666,0.1572104139092173,0.1621031151314096
NC,combined,0.5,weak,305,0.00875,0.0447799774807834,0.0634920634920634,0.0909090909090909,0.1581090214181205,0.1584835215336563
NC,combined,0.5,weak,306,0.0091666666666666,0.017969391864039,0.2121212121212121,0.0491803278688524,0.1578930622101103,0.1653695075276401
NC,combined,0.5,weak,307,0.0094444444444444,0.0481085935815929,0.1323529411764706,0.0172413793103448,0.1598500129730608,0.1610507716315487
NC,combined,0.5,weak,308,0.0084722222222222,0.0354064532027107,0.180327868852459,0.0181818181818181,0.1622321368080712,0.1474580453751693
NC,combined,1.0,weak,301,0.0169444444444444,0.0021927220548822,0.2786885245901639,0.1818181818181818,0.1208130816919373,0.1542627045157416
NC,combined,1.0,weak,302,0.0177777777777777,-0.0156574913126395,0.3203125,0.1317829457364341,0.1232939252003344,0.1657972041426939
NC,combined,1.0,weak,303,0.0183333333333333,0.0140924590837669,0.3636363636363636,0.1726618705035971,0.1162977221032765,0.1532397506619144
NC,combined,1.0,weak,304,0.015,-0.0106047194550247,0.2777777777777778,0.135593220338983,0.1238614640877772,0.1667107921594743
NC,combined,1.0,weak,305,0.01625,0.0021070400492877,0.3931623931623931,0.1507936507936507,0.1396698651282882,0.1641978874221593
NC,combined,1.0,weak,306,0.0170833333333333,-0.0072311278088814,0.2926829268292683,0.0859375,0.1204982224034982,0.1678205908951534
NC,combined,1.0,weak,307,0.0148611111111111,0.0277441216521356,0.3271028037383177,0.1967213114754098,0.1244093950497195,0.1548067265149818
NC,combined,1.0,weak,308,0.0176388888888888,0.0021808903588813,0.3937007874015748,0.1417322834645669,0.1332161159858156,0.1571986200323231
NC,combined,1.5,weak,301,0.0279166666666666,-0.0534617754088285,0.4875621890547263,0.2811244979919678,0.1177132508505816,0.181560954516374
NC,combined,1.5,weak,302,0.03125,-0.1023890386146713,0.5333333333333333,0.2664233576642336,0.1135262288222482,0.217701614873213
NC,combined,1.5,weak,303,0.0293055555555555,-0.0621396584255541,0.4691943127962085,0.2661596958174905,0.1043677410379359,0.1872116476078977
NC,combined,1.5,weak,304,0.0293055555555555,-0.0527397382866905,0.4454976303317535,0.277992277992278,0.1110297270462874,0.1926828851067053
NC,combined,1.5,weak,305,0.02875,-0.0441593956733064,0.463768115942029,0.3285714285714285,0.1210522323023926,0.1951737636647195
NC,combined,1.5,weak,306,0.0329166666666666,-0.094401364629599,0.5063291139240507,0.1804511278195488,0.1108940415525118,0.2263422365004852
NC,combined,1.5,weak,307,0.0290277777777777,-0.0663599335722399,0.4641148325358851,0.2755905511811024,0.109477611714935,0.187128693465011
NC,combined,1.5,weak,308,0.0280555555555555,-0.0608889145808946,0.4603960396039604,0.2470588235294117,0.1169833417655568,0.1951650714599785
NC,combined,2.0,weak,301,0.0444444444444444,-0.1493847934423769,0.628125,0.3932346723044397,0.1073484837092776,0.2865552350589348
NC,combined,2.0,weak,302,0.0443055555555555,-0.1729501743980402,0.5893416927899686,0.3846153846153846,0.1120973761218439,0.3194295210560151
NC,combined,2.0,weak,303,0.0431944444444444,-0.1383711554416439,0.6205787781350482,0.3927813163481953,0.105700360225375,0.2733653434049502
NC,combined,2.0,weak,304,0.0468055555555555,-0.1282651051282285,0.6884272997032641,0.3918367346938775,0.1140100205861262,0.2792917517415945
NC,combined,2.0,weak,305,0.0429166666666666,-0.141601738885603,0.6828478964401294,0.4088050314465409,0.1197753972892823,0.2728506117358495
NC,combined,2.0,weak,306,0.0468055555555555,-0.1549323261839059,0.685459940652819,0.3690721649484536,0.1161285795089006,0.318195569695341
NC,combined,2.0,weak,307,0.0433333333333333,-0.1303145810890981,0.6025641025641025,0.4059196617336152,0.1140640555234194,0.2706693132258956
NC,combined,2.0,weak,308,0.0447222222222222,-0.1490815610536496,0.639751552795031,0.3636363636363636,0.1159589696791903,0.2714365026840136
NC,combined,2.5,weak,301,0.0593055555555555,-0.2130828053484193,0.7587822014051522,0.545664739884393,0.1082392190343083,0.3862657678549155
NC,combined,2.5,weak,302,0.06125,-0.2458721710548325,0.7142857142857143,0.490613266583229,0.1187469876922278,0.4965761012227934
NC,combined,2.5,weak,303,0.0623611111111111,-0.2169535036493504,0.7260579064587973,0.5066666666666667,0.1074243242796165,0.4259161493342174
NC,combined,2.5,weak,304,0.06375,-0.2321817510847973,0.7734204793028322,0.4939903846153846,0.1198221608617539,0.4649622252254151
NC,combined,2.5,weak,305,0.0622222222222222,-0.2206670456993202,0.7700892857142857,0.5180722891566265,0.1202081354302509,0.443437822392224
NC,combined,2.5,weak,306,0.0675,-0.2594100905954047,0.757201646090535,0.4204993429697766,0.1156169106026359,0.517751591101112
NC,combined,2.5,weak,307,0.0606944444444444,-0.2254035223912737,0.7505720823798627,0.5186074429771909,0.1165594690144805,0.4385976393049905
NC,combined,2.5,weak,308,0.0552777777777777,-0.1886396994833155,0.7085427135678392,0.5246753246753246,0.1112403754315463,0.3806958482161534
NC,combined,3.0,weak,301,0.0816666666666666,-0.3161718420391967,0.8214285714285714,0.5659777424483307,0.1094486895444474,0.7125834278475819
NC,combined,3.0,weak,302,0.0827777777777777,-0.3384921355264345,0.8187919463087249,0.575968992248062,0.1124473684171741,0.7686670684746226
NC,combined,3.0,weak,303,0.0825,-0.3110799287384625,0.7962962962962963,0.5944734876773712,0.1034845393477401,0.7264259177211123
NC,combined,3.0,weak,304,0.0820833333333333,-0.3188026431818331,0.8358714043993232,0.5858895705521472,0.1167903723583863,0.7040495121448768
NC,combined,3.0,weak,305,0.0791666666666666,-0.3156314728812281,0.8052631578947368,0.5859872611464968,0.1214488513963198,0.7223205558876958
NC,combined,3.0,weak,306,0.0854166666666666,-0.3452636942481401,0.8569105691056911,0.5461106655974338,0.1173561206338895,0.7707463361485548
NC,combined,3.0,weak,307,0.0784722222222222,-0.303187421896144,0.8176991150442477,0.609062980030722,0.1036044963183882,0.661848771733794
NC,combined,3.0,weak,308,0.0773611111111111,-0.2938654233678929,0.8204667863554758,0.5961844197138315,0.1037074112249524,0.6183845845659169
NC,combined,3.5,weak,301,0.0972222222222222,-0.3907062378615308,0.8485714285714285,0.6322101656196459,0.1058050447790748,0.915556494423722
NC,combined,3.5,weak,302,0.0927777777777777,-0.3909534149805436,0.8532934131736527,0.6507394766780432,0.113441717931148,0.9443147008105406
NC,combined,3.5,weak,303,0.0959722222222222,-0.3837557355253195,0.8654124457308249,0.6374929418407679,0.1086385804372105,0.921663820336428
NC,combined,3.5,weak,304,0.0965277777777777,-0.3618634671637695,0.8489208633093526,0.6383098591549295,0.1102651609271362,0.8873777634967592
NC,combined,3.5,weak,305,0.0944444444444444,-0.3729797547752911,0.8588235294117647,0.6581103222282906,0.1172138923384124,0.9031896459341195
NC,combined,3.5,weak,306,0.0965277777777777,-0.3930747398370813,0.8762589928057554,0.6291545189504373,0.1207546295652923,0.9002571000646863
NC,combined,3.5,weak,307,0.0959722222222222,-0.3888488218450853,0.8683068017366136,0.6270491803278688,0.1161781211812266,0.9158196349482516
NC,combined,3.5,weak,308,0.0959722222222222,-0.3715944354044404,0.8755426917510853,0.6456692913385826,0.1107589207332544,0.8719071200994656
NC,combined,4.0,weak,301,0.10125,-0.4114700299238273,0.8491083676268861,0.6810102899906455,0.1030287133245442,0.956943882573138
NC,combined,4.0,weak,302,0.0959722222222222,-0.4100024050140566,0.8769898697539797,0.7010261194029851,0.1146745934817564,0.9702243270189432
NC,combined,4.0,weak,303,0.1016666666666666,-0.4074502674419318,0.8346994535519126,0.682264857276556,0.1130820909704154,0.9866863905325444
NC,combined,4.0,weak,304,0.1009722222222222,-0.3977785401653294,0.8720770288858322,0.6891766882516188,0.1149892525703672,0.9540060671666593
NC,combined,4.0,weak,305,0.0990277777777777,-0.3928329054292708,0.8920056100981767,0.6996336996336996,0.1199835799083194,0.9511013831889344
NC,combined,4.0,weak,306,0.1015277777777777,-0.4134641581650781,0.8632010943912448,0.6766121270452358,0.1203609370167987,0.9768609742747674
NC,combined,4.0,weak,307,0.1033333333333333,-0.4170636109257344,0.8790322580645161,0.6906377204884667,0.1125466682898357,0.9735334040296924
NC,combined,4.0,weak,308,0.1027777777777777,-0.4038458231766585,0.8783783783783784,0.6976328718177758,0.107548007599414,0.9636873529284464
NC,combined,5.0,weak,301,0.1081944444444444,-0.4397900012768975,0.8690629011553274,0.7169737357898863,0.1077466282170307,0.9933333333333332
NC,combined,5.0,weak,302,0.1008333333333333,-0.4172541168390117,0.849862258953168,0.7379125095932464,0.1161348443514102,0.9933333333333332
NC,combined,5.0,weak,303,0.1063888888888889,-0.4368282005334242,0.8864229765013055,0.7319470699432892,0.1168173179986659,1.0
NC,combined,5.0,weak,304,0.1066666666666666,-0.4390911365378094,0.88671875,0.7264006139677667,0.1181705180986648,0.9933333333333332
NC,combined,5.0,weak,305,0.1045833333333333,-0.4224154252715169,0.8698539176626826,0.7365816520746098,0.1168973666023251,0.9933333333333332
NC,combined,5.0,weak,306,0.1061111111111111,-0.4381261132465303,0.8887434554973822,0.7199367088607594,0.1160652080662112,0.9966666666666668
NC,combined,5.0,weak,307,0.1073611111111111,-0.4389173585028074,0.8758085381630013,0.737369985141159,0.1148314606923616,0.9933333333333332
NC,combined,5.0,weak,308,0.1072222222222222,-0.4288970105454094,0.8756476683937824,0.7352721849366145,0.1088878578998584,0.9966666666666668
NC,combined,6.0,weak,301,0.1102777777777777,-0.4485211170481761,0.8639798488664987,0.7224536160545248,0.1108542813163525,0.9966666666666668
NC,combined,6.0,weak,302,0.1045833333333333,-0.4361319174995978,0.8671978751660027,0.7410979228486647,0.11202919860619,0.9966666666666668
NC,combined,6.0,weak,303,0.1094444444444444,-0.4531146556962013,0.8730964467005076,0.7208858342878961,0.1147388356294816,1.0
NC,combined,6.0,weak,304,0.1105555555555555,-0.4554150377280707,0.8655778894472361,0.7202584568605093,0.115886555096463,1.0
NC,combined,6.0,weak,305,0.1069444444444444,-0.4300819212436674,0.8727272727272727,0.739875957679679,0.1184165059447578,1.0
NC,combined,6.0,weak,306,0.1084722222222222,-0.4528666268779834,0.8655569782330346,0.7107803700724055,0.1169791239702911,1.0
NC,combined,6.0,weak,307,0.1095833333333333,-0.4515036124706019,0.8884664131812421,0.7304860088365243,0.1109728848448751,1.0
NC,combined,6.0,weak,308,0.1091666666666666,-0.4454104836737521,0.8638676844783715,0.7343119266055046,0.1116540268834377,1.0
NY,combined,0.0,medium,301,0.0043055555555555,0.0477392136322638,0.0,0.0,0.1999999325894016,0.1632711329706044
NY,combined,0.0,medium,302,0.0054166666666666,-0.0617008313683509,0.0512820512820512,0.0,0.2007472827973788,0.1614362026673199
NY,combined,0.0,medium,303,0.0047222222222222,0.074751637541325,0.0588235294117647,0.032258064516129,0.2002551253963655,0.1577774984391701
NY,combined,0.0,medium,304,0.0056944444444444,-0.0101549947991203,0.1219512195121951,0.0,0.2007954639803375,0.1735076562348055
NY,combined,0.0,medium,305,0.0052777777777777,0.0130413797728446,0.1842105263157894,0.0,0.1989523457291222,0.1675580714575018
NY,combined,0.0,medium,306,0.0036111111111111,-0.040793865787348,0.0769230769230769,0.0,0.1992783823085979,0.1689180696925606
NY,combined,0.0,medium,307,0.0056944444444444,0.0241137591620861,0.1219512195121951,0.0,0.201595813279939,0.1734680565822572
NY,combined,0.0,medium,308,0.0045833333333333,-0.0042338545517197,0.1818181818181818,0.0344827586206896,0.1983648412988791,0.1705863512414516
NY,combined,0.5,medium,301,0.01125,-0.0575919267596932,0.1851851851851851,0.0131578947368421,0.1562136610831127,0.1581431468773866
NY,combined,0.5,medium,302,0.0102777777777777,-0.0669341428120117,0.2702702702702703,0.0416666666666666,0.1556272952394649,0.1608277721495705
NY,combined,0.5,medium,303,0.0104166666666666,-0.024811804904316,0.2,0.0138888888888888,0.1566109790418335,0.1729543934523784
NY,combined,0.5,medium,304,0.0104166666666666,-0.0583672846465607,0.2266666666666666,0.0140845070422535,0.1573422979692001,0.1677748083854607
NY,combined,0.5,medium,305,0.0126388888888888,-0.0479965984395339,0.2307692307692307,0.0595238095238095,0.1582880502865886,0.1667072557561371
NY,combined,0.5,medium,306,0.0106944444444444,-0.0368968131417467,0.1558441558441558,0.0142857142857142,0.1554192168286854,0.1740317561007914
NY,combined,0.5,medium,307,0.0101388888888888,-0.0519449855407158,0.1780821917808219,0.0294117647058823,0.1549512282583219,0.1620836803351818
NY,combined,0.5,medium,308,0.0127777777777777,-0.0235487022425923,0.3369565217391304,0.0465116279069767,0.1554040307089087,0.1656740226221716
NY,combined,1.0,medium,301,0.0229166666666666,-0.0919950602402427,0.3636363636363636,0.1618497109826589,0.1204721183027759,0.1912173474349901
NY,combined,1.0,medium,302,0.0265277777777777,-0.1426696523061897,0.5078534031413613,0.1363636363636363,0.1198567619839677,0.2001908393923107
NY,combined,1.0,medium,303,0.0211111111111111,-0.0994510989943715,0.375,0.1038961038961039,0.1277741058740465,0.1941842761649664
NY,combined,1.0,medium,304,0.0263888888888888,-0.1363359617405648,0.3894736842105263,0.0691489361702127,0.1266264420942941,0.225455290364989
NY,combined,1.0,medium,305,0.0208333333333333,-0.0988135262814224,0.3733333333333333,0.1,0.1283717093456215,0.193805416102823
NY,combined,1.0,medium,306,0.0226388888888888,-0.1117478962677324,0.4785276073619632,0.1264367816091954,0.1276687578528498,0.2070994827218487
NY,combined,1.0,medium,307,0.0215277777777777,-0.1061013422423299,0.4387096774193548,0.0700636942675159,0.1184334471435039,0.1949350740929045
NY,combined,1.0,medium,308,0.0226388888888888,-0.0901785138027833,0.4171779141104294,0.109090909090909,0.1186663117744303,0.1878682265934244
NY,combined,1.5,medium,301,0.0366666666666666,-0.1672998416417349,0.5871212121212122,0.2776119402985074,0.1165078452867053,0.2650686557147756
NY,combined,1.5,medium,302,0.0419444444444444,-0.2313151443830287,0.5662251655629139,0.2699228791773779,0.1040126045413883,0.3121389308753244
NY,combined,1.5,medium,303,0.0393055555555555,-0.1819373739064625,0.5653710247349824,0.2225519287833827,0.1260452988276379,0.3060308710978998
NY,combined,1.5,medium,304,0.0455555555555555,-0.2269347829938332,0.6524390243902439,0.1968503937007874,0.1122204832144362,0.3368621461212431
NY,combined,1.5,medium,305,0.0397222222222222,-0.1981072544792639,0.6258741258741258,0.2661064425770308,0.1230760643078618,0.2883944789562039
NY,combined,1.5,medium,306,0.0379166666666666,-0.1885141595770064,0.5567765567765568,0.2208588957055214,0.1109070190533301,0.2790029665914833
NY,combined,1.5,medium,307,0.0369444444444444,-0.185929837433853,0.5902255639097744,0.2254901960784313,0.1063713706038,0.2622243290918173
NY,combined,1.5,medium,308,0.0402777777777777,-0.1902919536419499,0.6172413793103448,0.202416918429003,0.1092273543232216,0.2712455680238634
NY,combined,2.0,medium,301,0.0595833333333333,-0.2666654230306229,0.7622377622377622,0.3805732484076433,0.1157616192424564,0.4668179974169493
NY,combined,2.0,medium,302,0.0615277777777777,-0.3068762710169073,0.6952595936794582,0.3611111111111111,0.1061886055623221,0.5338005735602548
NY,combined,2.0,medium,303,0.0613888888888888,-0.2921356089946306,0.7104072398190046,0.3728549141965678,0.1239967337306948,0.5098067252780716
NY,combined,2.0,medium,304,0.0686111111111111,-0.3297579691765343,0.7591093117408907,0.3157099697885196,0.106343993980668,0.5616057305605356
NY,combined,2.0,medium,305,0.0615277777777777,-0.2852129577274402,0.7313769751693002,0.3734375,0.1286676035037559,0.4785509045049703
NY,combined,2.0,medium,306,0.0605555555555555,-0.2926652975129523,0.7339449541284404,0.3237774030354131,0.1059574354338343,0.4915569469823339
NY,combined,2.0,medium,307,0.0601388888888888,-0.2844169895567337,0.7482678983833718,0.3642276422764228,0.1054065410146412,0.4683865841772854
NY,combined,2.0,medium,308,0.0566666666666666,-0.2513316464919484,0.7303921568627451,0.3990306946688207,0.1034354161883751,0.3932442083784688
NY,combined,2.5,medium,301,0.0777777777777777,-0.3442492460434115,0.7767857142857143,0.495136186770428,0.1139527272941958,0.7178142185433279
NY,combined,2.5,medium,302,0.0823611111111111,-0.4135460684433264,0.8195615514333895,0.445,0.1060600125995498,0.8236642979652238
NY,combined,2.5,medium,303,0.0816666666666666,-0.377821884668406,0.8078231292517006,0.4365162644281217,0.1192102120042271,0.8182364307976379
NY,combined,2.5,medium,304,0.0893055555555555,-0.3957920484990334,0.8398133748055988,0.4006054490413723,0.109790873091914,0.8662733534573612
NY,combined,2.5,medium,305,0.0833333333333333,-0.3804380656624261,0.815,0.466537342386033,0.1262127620695003,0.8178751234136182
NY,combined,2.5,medium,306,0.0840277777777777,-0.3674495611591523,0.8363636363636363,0.4207253886010362,0.1045345760419401,0.7947369427978701
NY,combined,2.5,medium,307,0.0830555555555555,-0.3782287596573554,0.8411371237458194,0.4588353413654618,0.1064152321308566,0.751816259153735
NY,combined,2.5,medium,308,0.0818055555555555,-0.3781102494504464,0.7826825127334465,0.438974358974359,0.1123646378771588,0.7826912006459334
NY,combined,3.0,medium,301,0.0923611111111111,-0.4137775246898249,0.8466165413533835,0.5609584214235377,0.1187252180813252,0.9024169793458636
NY,combined,3.0,medium,302,0.09375,-0.4513383124977574,0.8666666666666667,0.5369276218611522,0.1091372659557936,0.9506761209779784
NY,combined,3.0,medium,303,0.0916666666666666,-0.4222415344677788,0.8469696969696969,0.5601719197707736,0.1192871327102984,0.9475557907895692
NY,combined,3.0,medium,304,0.0951388888888888,-0.4554734924316045,0.8437956204379562,0.4964594807238395,0.1079189941747679,0.963760779112706
NY,combined,3.0,medium,305,0.0956944444444444,-0.4300518597925458,0.8766328011611031,0.5383491599707816,0.1244811089944558,0.937545544139814
NY,combined,3.0,medium,306,0.0940277777777777,-0.4360722311894577,0.8655834564254062,0.5116822429906542,0.104020407611991,0.9507133985171916
NY,combined,3.0,medium,307,0.0931944444444444,-0.4286042463218122,0.8554396423248882,0.5549132947976878,0.1075498572488669,0.9226073602036334
NY,combined,3.0,medium,308,0.095,-0.4344503315686709,0.8713450292397661,0.5334805003679176,0.1093950351674431,0.9313616275441567
NY,combined,3.5,medium,301,0.0973611111111111,-0.4438737779112832,0.8502139800285307,0.6383928571428571,0.1106664098773335,0.9409715831332032
NY,combined,3.5,medium,302,0.0963888888888888,-0.4622051302882939,0.8602305475504323,0.6013513513513513,0.1083874567313126,1.0
NY,combined,3.5,medium,303,0.0975,-0.4373039757785845,0.8874643874643875,0.6159763313609468,0.1191644712174666,0.9802047392838292
NY,combined,3.5,medium,304,0.0994444444444444,-0.472197419135519,0.8840782122905028,0.5684887459807074,0.1062948375948774,0.980206320810972
NY,combined,3.5,medium,305,0.0980555555555555,-0.4528753981867551,0.8725212464589235,0.6055825242718447,0.1250062066553696,0.966937100046824
NY,combined,3.5,medium,306,0.0969444444444444,-0.4554116830318496,0.8581661891117478,0.5983960518198643,0.1047791629533936,0.9800266666666666
NY,combined,3.5,medium,307,0.09875,-0.4589744580255069,0.870604781997187,0.6126340882002383,0.1107627786594078,0.9735024154589372
NY,combined,3.5,medium,308,0.1009722222222222,-0.4575189597422098,0.8803301237964236,0.5932407966203983,0.106595749641795,0.9801023950017352
NY,combined,4.0,medium,301,0.1025,-0.4647004944404596,0.8712737127371274,0.6589653440482169,0.1141378478028948,0.9900223713646532
NY,combined,4.0,medium,302,0.0991666666666666,-0.4802059331278775,0.84593837535014,0.6317249029395452,0.1044337678401008,0.9966666666666668
NY,combined,4.0,medium,303,0.1002777777777777,-0.4695290462751941,0.8601108033240997,0.6411355115158007,0.1188364567445741,0.9933333333333332
NY,combined,4.0,medium,304,0.1016666666666666,-0.4879879968151703,0.8620218579234973,0.6108597285067874,0.1078693250614209,0.9867383512544802
NY,combined,4.0,medium,305,0.1013888888888888,-0.4607575386546467,0.8726027397260274,0.6571719226856562,0.1222279074761481,0.99
NY,combined,4.0,medium,306,0.1005555555555555,-0.4716780042433254,0.8494475138121547,0.6334964654703643,0.0977359413298979,0.9966666666666668
NY,combined,4.0,medium,307,0.1006944444444444,-0.4703399520421569,0.88,0.6490585774058577,0.1109698123426496,0.980064804995876
NY,combined,4.0,medium,308,0.1029166666666666,-0.4733347838763497,0.8758434547908233,0.6413612565445026,0.1106071528830615,0.99
NY,combined,5.0,medium,301,0.1056944444444444,-0.4787218247020882,0.8567674113009198,0.6750572082379863,0.1154870332074587,0.99
NY,combined,5.0,medium,302,0.1009722222222222,-0.4905014958528902,0.8404401650618982,0.6698888351860802,0.1047001983061833,1.0
NY,combined,5.0,medium,303,0.1033333333333333,-0.4756136501367168,0.8548387096774194,0.6784386617100372,0.1221087101281143,0.9933530571992109
NY,combined,5.0,medium,304,0.1045833333333333,-0.5054241080236916,0.8632138114209827,0.6257309941520468,0.1118101745293981,0.9966666666666668
NY,combined,5.0,medium,305,0.1056944444444444,-0.4739990719023756,0.8699080157687253,0.6835902085222122,0.1179659202090376,0.9900258397932816
NY,combined,5.0,medium,306,0.1036111111111111,-0.4734564232947164,0.8565683646112601,0.6677788369876072,0.1044928612952367,0.9966666666666668
NY,combined,5.0,medium,307,0.105,-0.4796065615573801,0.8690476190476191,0.6763754045307443,0.1095686817074136,1.0
NY,combined,5.0,medium,308,0.1051388888888888,-0.4865786569764893,0.8758256274768824,0.6732117812061711,0.1096550263480847,0.9933333333333332
NY,combined,6.0,medium,301,0.1079166666666666,-0.4887344317346659,0.8571428571428571,0.6677374942634235,0.1137925854392166,1.0
NY,combined,6.0,medium,302,0.1044444444444444,-0.4998292597506417,0.8537234042553191,0.661486158329286,0.1077821979540716,1.0
NY,combined,6.0,medium,303,0.1054166666666666,-0.4767328837094274,0.8484848484848485,0.6737621471540953,0.1187981361892266,1.0
NY,combined,6.0,medium,304,0.1065277777777777,-0.5050644842267873,0.8578878748370273,0.6143931256713212,0.1139284446498896,0.9966666666666668
NY,combined,6.0,medium,305,0.1073611111111111,-0.488817297132439,0.8628719275549805,0.6720405343159834,0.1191955485872096,0.9966666666666668
NY,combined,6.0,medium,306,0.1072222222222222,-0.4891445927938155,0.8406735751295337,0.6563097514340345,0.1093399503349611,0.9966666666666668
NY,combined,6.0,medium,307,0.1070833333333333,-0.4885485981095973,0.8819714656290532,0.6712834718374885,0.1065792102763382,1.0
NY,combined,6.0,medium,308,0.1083333333333333,-0.4988930199139834,0.867948717948718,0.6566523605150214,0.1081061484216137,1.0
NY,combined,0.0,strong,301,0.0054166666666666,0.0202904884161179,0.2307692307692307,0.027027027027027,0.2011380738152846,0.1725598670292046
NY,combined,0.0,strong,302,0.00625,-0.0040890190315774,0.1333333333333333,0.0,0.1996836850736665,0.1673840470317662
NY,combined,0.0,strong,303,0.0059722222222222,0.0069080139524797,0.1860465116279069,0.0,0.1982085181419761,0.1768251386000996
NY,combined,0.0,strong,304,0.0038888888888888,-0.0289913378552584,0.0357142857142857,0.0,0.2008344305219132,0.1814886601821332
NY,combined,0.0,strong,305,0.0052777777777777,-0.0148548453089874,0.1578947368421052,0.0294117647058823,0.2011999089792577,0.1835660242465212
NY,combined,0.0,strong,306,0.0061111111111111,0.02402077500284,0.0681818181818181,0.0,0.2018944535364041,0.1792597167777375
NY,combined,0.0,strong,307,0.0070833333333333,-0.0255397892021204,0.1372549019607843,0.0,0.2017962456535172,0.1701960630884791
NY,combined,0.0,strong,308,0.0072222222222222,-0.0210821092802026,0.1923076923076923,0.0217391304347826,0.2008660023569903,0.168036304655909
NY,combined,0.5,strong,301,0.0108333333333333,-0.056867844290934,0.2435897435897435,0.0886075949367088,0.1587181664933429,0.1743520971532088
NY,combined,0.5,strong,302,0.0130555555555555,-0.0928334010210962,0.2234042553191489,0.0232558139534883,0.1576042143606291,0.1757375264388563
NY,combined,0.5,strong,303,0.0106944444444444,-0.0353011298522509,0.2987012987012987,0.054054054054054,0.1575471611191543,0.177125961084766
NY,combined,0.5,strong,304,0.0118055555555555,-0.062901994947374,0.2352941176470588,0.0526315789473684,0.1579098880836381,0.1787296376442962
NY,combined,0.5,strong,305,0.0120833333333333,-0.0700640049539632,0.2988505747126437,0.0246913580246913,0.1574943605612901,0.1721624486544478
NY,combined,0.5,strong,306,0.0120833333333333,-0.0593870309408661,0.2298850574712643,0.0813953488372093,0.1571461043470325,0.1826715014260863
NY,combined,0.5,strong,307,0.0106944444444444,-0.0831100993242233,0.1558441558441558,0.0144927536231884,0.1575812948505755,0.1793479868568736
NY,combined,0.5,strong,308,0.0111111111111111,-0.0536184069550349,0.225,0.050632911392405,0.156110401674507,0.1654429442802144
NY,combined,1.0,strong,301,0.0218055555555555,-0.098292169992575,0.3694267515923566,0.1212121212121212,0.1216935338277285,0.1985002970132276
NY,combined,1.0,strong,302,0.02875,-0.1521370950008865,0.4444444444444444,0.1569506726457399,0.1218263150871832,0.2250491268468722
NY,combined,1.0,strong,303,0.02875,-0.1241021133917433,0.4879227053140096,0.1267605633802817,0.1292461910821763,0.2207282024526914
NY,combined,1.0,strong,304,0.0277777777777777,-0.1478022565880399,0.455,0.1394230769230769,0.1228888385143754,0.2235667135487919
NY,combined,1.0,strong,305,0.0277777777777777,-0.1306905069862695,0.49,0.1981566820276497,0.1211655435370605,0.206703852256154
NY,combined,1.0,strong,306,0.0244444444444444,-0.1431292253528951,0.4090909090909091,0.1229050279329608,0.1265906645388072,0.2073332438061128
NY,combined,1.0,strong,307,0.0263888888888888,-0.1131575464918034,0.4631578947368421,0.0957446808510638,0.1187057257122351,0.2110646844983577
NY,combined,1.0,strong,308,0.0293055555555555,-0.1520616389104705,0.4976303317535545,0.1267605633802817,0.1195835689737436,0.2185846779560184
NY,combined,1.5,strong,301,0.0418055555555555,-0.1930515417157945,0.6179401993355482,0.3267326732673267,0.1154748294086816,0.2897826416265969
NY,combined,1.5,strong,302,0.0463888888888888,-0.2490652570565229,0.625748502994012,0.3049327354260089,0.1058915391204696,0.3638738175925586
NY,combined,1.5,strong,303,0.0438888888888888,-0.225010712580338,0.620253164556962,0.3294930875576037,0.1275184121075835,0.341826007871418
NY,combined,1.5,strong,304,0.0493055555555555,-0.2530844484171234,0.6619718309859155,0.3012820512820512,0.1088384779697053,0.3780953219999184
NY,combined,1.5,strong,305,0.0444444444444444,-0.221547170991062,0.66875,0.3117505995203837,0.1290738733939103,0.3290719005074806
NY,combined,1.5,strong,306,0.0430555555555555,-0.2077870512242881,0.6225806451612903,0.2791878172588832,0.1076577387286373,0.3293807507083794
NY,combined,1.5,strong,307,0.0411111111111111,-0.2048161846307868,0.5945945945945946,0.3036649214659686,0.1066031207144234,0.289454930135521
NY,combined,1.5,strong,308,0.0461111111111111,-0.2345270774043586,0.6626506024096386,0.3566878980891719,0.1075170886048106,0.3340594802096588
NY,combined,2.0,strong,301,0.0627777777777777,-0.271301669835249,0.75,0.4459279038718291,0.1156097977667947,0.4904849030030127
NY,combined,2.0,strong,302,0.0659722222222222,-0.3229851265661647,0.7642105263157895,0.4406565656565656,0.108687157201024,0.5999004995341403
NY,combined,2.0,strong,303,0.0630555555555555,-0.3051103684924856,0.7577092511013216,0.4350205198358413,0.1258287947624572,0.5631280891996937
NY,combined,2.0,strong,304,0.0716666666666666,-0.3484392061881455,0.7887596899224806,0.4168704156479217,0.1057415032710999,0.6509432014003349
NY,combined,2.0,strong,305,0.0625,-0.2866838829167853,0.7311111111111112,0.4336525307797537,0.1286509338772045,0.5069518391206188
NY,combined,2.0,strong,306,0.0654166666666666,-0.32651954118102,0.7388535031847133,0.405114401076716,0.104595942363807,0.5744420729942834
NY,combined,2.0,strong,307,0.0625,-0.2949068706047703,0.7466666666666667,0.42296918767507,0.1051165767685653,0.4975515741871427
NY,combined,2.0,strong,308,0.0645833333333333,-0.308068334463852,0.7569892473118279,0.4361001317523056,0.1063326971514164,0.5397729866634835
NY,combined,2.5,strong,301,0.0834722222222222,-0.3587356486516381,0.8186356073211315,0.5378151260504201,0.1149365631517352,0.7723751133157434
NY,combined,2.5,strong,302,0.0868055555555555,-0.4386207756084652,0.816,0.5095913261050876,0.1082464137133831,0.9223728452979948
NY,combined,2.5,strong,303,0.0834722222222222,-0.3818940398963845,0.8219633943427621,0.5212489158716392,0.1186888557216547,0.8135483707295911
NY,combined,2.5,strong,304,0.0913888888888889,-0.427832493406318,0.837386018237082,0.4809483488569009,0.1078765051406636,0.899595686310997
NY,combined,2.5,strong,305,0.0869444444444444,-0.3935354896720083,0.8354632587859425,0.5209380234505863,0.1270447813606091,0.8636651283246746
NY,combined,2.5,strong,306,0.0884722222222222,-0.4159975017570399,0.8634222919937206,0.4987080103359173,0.1031213799887341,0.8728507729878512
NY,combined,2.5,strong,307,0.0855555555555555,-0.3975070087112878,0.8214285714285714,0.525,0.1027941438733066,0.8239892884750947
NY,combined,2.5,strong,308,0.0851388888888888,-0.3952735242386017,0.831973898858075,0.5179180887372014,0.1166369692577763,0.8304575088257311
NY,combined,3.0,strong,301,0.0963888888888888,-0.4198315599654722,0.861671469740634,0.6045934202358784,0.1156561494108506,0.9603635418459244
NY,combined,3.0,strong,302,0.0940277777777777,-0.45249666817662,0.8463810930576071,0.5861618798955613,0.1043123437739441,0.9800194931773878
NY,combined,3.0,strong,303,0.0931944444444444,-0.4299391794867893,0.849478390461997,0.5998707175177763,0.1236923880192042,0.9702300709154956
NY,combined,3.0,strong,304,0.09875,-0.4498529273793145,0.8874824191279888,0.5430974071478627,0.1072774634893467,0.9734798182304196
NY,combined,3.0,strong,305,0.0954166666666666,-0.4366347642764672,0.87627365356623,0.5902061855670103,0.1244062647974292,0.966874006547911
NY,combined,3.0,strong,306,0.0961111111111111,-0.4471934518617638,0.8641618497109826,0.5787738958470666,0.1011759049530345,0.9833531746031748
NY,combined,3.0,strong,307,0.0975,-0.4598288957760558,0.8888888888888888,0.5817245817245817,0.1076796223245023,0.9835797101449274
NY,combined,3.0,strong,308,0.0959722222222222,-0.447214948025345,0.8827785817655571,0.5795306388526728,0.1084483440120496,0.9737081678956324
NY,combined,3.5,strong,301,0.0997222222222222,-0.4539741915535665,0.8871866295264624,0.6596938775510204,0.1118250424034729,0.9900256410256412
NY,combined,3.5,strong,302,0.0984722222222222,-0.4602926507044635,0.8702397743300423,0.627318718381113,0.1062368174009955,0.9933333333333332
NY,combined,3.5,strong,303,0.0969444444444444,-0.4397234649492638,0.8667621776504298,0.6437224669603524,0.1153492681038047,0.9768539632141884
NY,combined,3.5,strong,304,0.1005555555555555,-0.4860579978928481,0.8701657458563536,0.602125147579693,0.1064662806200927,1.0
NY,combined,3.5,strong,305,0.0981944444444444,-0.4508865898088886,0.8486562942008486,0.6473118279569893,0.1261953929298766,0.9933333333333332
NY,combined,3.5,strong,306,0.0988888888888888,-0.4696984397959791,0.8679775280898876,0.6267725467952354,0.1033357865837074,0.9900198412698412
NY,combined,3.5,strong,307,0.0998611111111111,-0.4661364454291433,0.8831710709318498,0.6337719298245614,0.1075241268939024,0.9966666666666668
NY,combined,3.5,strong,308,0.1022222222222222,-0.4594757104570585,0.875,0.6258278145695364,0.1094201481468128,0.9933830845771144
NY,combined,4.0,strong,301,0.10375,-0.4602301904016295,0.8607764390896921,0.6791666666666667,0.1104583893117277,0.9966666666666668
NY,combined,4.0,strong,302,0.0991666666666666,-0.4749628029530611,0.8641456582633054,0.6586242299794661,0.107100383593272,0.9933333333333332
NY,combined,4.0,strong,303,0.1008333333333333,-0.4649325844696535,0.8622589531680441,0.6712261846604788,0.1175564405818046,1.0
NY,combined,4.0,strong,304,0.1030555555555555,-0.491270792387922,0.8517520215633423,0.6354497354497355,0.1092939608815995,0.9933333333333332
NY,combined,4.0,strong,305,0.1018055555555555,-0.4568146785319493,0.8744884038199181,0.6767485822306238,0.1245629980245681,0.9900258397932816
NY,combined,4.0,strong,306,0.1016666666666666,-0.4704042735057632,0.8633879781420765,0.6593075765178124,0.1020186470914741,1.0
NY,combined,4.0,strong,307,0.1022222222222222,-0.4762828538984785,0.8913043478260869,0.6643564356435644,0.1119041442462316,0.9933333333333332
NY,combined,4.0,strong,308,0.1022222222222222,-0.4742522872002814,0.873641304347826,0.6608996539792388,0.1088466247271993,1.0
NY,combined,5.0,strong,301,0.1070833333333333,-0.4747073487521043,0.8521400778210116,0.6826029216467463,0.1142630262868136,1.0
NY,combined,5.0,strong,302,0.1018055555555555,-0.4786668431865654,0.8431105047748977,0.6826568265682657,0.1026070282777329,1.0
NY,combined,5.0,strong,303,0.10375,-0.4722101723663482,0.8554216867469879,0.6884580703336339,0.1162592005555604,0.9966666666666668
NY,combined,5.0,strong,304,0.1047222222222222,-0.5013867170191871,0.8594164456233422,0.6376288659793814,0.1106159737735486,1.0
NY,combined,5.0,strong,305,0.1055555555555555,-0.4768723362736978,0.8605263157894737,0.6804733727810651,0.1200488919941693,1.0
NY,combined,5.0,strong,306,0.1045833333333333,-0.4799992257873782,0.851261620185923,0.6709340919867236,0.1052312570747148,0.9933531746031748
NY,combined,5.0,strong,307,0.1051388888888888,-0.4811372122310695,0.8784676354029062,0.6920369555653322,0.11139260537666,1.0
NY,combined,5.0,strong,308,0.1059722222222222,-0.4836325920641312,0.8702490170380078,0.6764436296975253,0.1110310110940753,1.0
NY,combined,6.0,strong,301,0.1080555555555555,-0.4901152068942368,0.8521850899742931,0.6678983833718245,0.1166581337733848,1.0
NY,combined,6.0,strong,302,0.1036111111111111,-0.4962642153966051,0.8445040214477212,0.6608187134502924,0.1059431405596625,1.0
NY,combined,6.0,strong,303,0.1065277777777777,-0.4787649866920504,0.8552803129074316,0.672668513388735,0.1166236331067046,1.0
NY,combined,6.0,strong,304,0.1066666666666666,-0.5018174141778309,0.8502604166666666,0.6104525862068966,0.1134568935221364,1.0
NY,combined,6.0,strong,305,0.1068055555555555,-0.494043289938203,0.8621586475942783,0.6732810336871251,0.1212990560979828,1.0
NY,combined,6.0,strong,306,0.1048611111111111,-0.493962232728166,0.8556291390728477,0.6561437591063624,0.1110632713615815,1.0
NY,combined,6.0,strong,307,0.1072222222222222,-0.4848378001064101,0.8808290155440415,0.6806986117330945,0.1121520955210437,1.0
NY,combined,6.0,strong,308,0.1077777777777777,-0.4924761501509278,0.8724226804123711,0.6574427480916031,0.1074278281634466,1.0
NY,combined,0.0,weak,301,0.0030555555555555,0.0037493982558092,0.0909090909090909,0.0,0.200482581569172,0.1628372620464315
NY,combined,0.0,weak,302,0.0047222222222222,-0.0092625363839374,0.1470588235294117,0.0,0.2012390201731223,0.1605492432701466
NY,combined,0.0,weak,303,0.0052777777777777,0.0636680658488191,0.131578947368421,0.0,0.1994523367828882,0.1662823886908301
NY,combined,0.0,weak,304,0.0031944444444444,0.013909768398895,0.0869565217391304,0.0,0.2001867137314621,0.1711129056097104
NY,combined,0.0,weak,305,0.0043055555555555,0.0059653303556633,0.032258064516129,0.0,0.2009354643669642,0.1613606293615909
NY,combined,0.0,weak,306,0.00625,0.031676105885168,0.1777777777777777,0.0454545454545454,0.1998084443594777,0.1582785889172911
NY,combined,0.0,weak,307,0.0052777777777777,0.0018280980461214,0.0263157894736842,0.0,0.2004309488926827,0.1579175901693262
NY,combined,0.0,weak,308,0.0045833333333333,-0.0196542443867891,0.0303030303030303,0.0333333333333333,0.1985650201480402,0.1592564939051579
NY,combined,0.5,weak,301,0.0070833333333333,0.0219399898068494,0.0980392156862745,0.06,0.1552921748349209,0.1587915798508188
NY,combined,0.5,weak,302,0.0084722222222222,-0.0432250238510526,0.2459016393442623,0.0175438596491228,0.1557782378723949,0.1575860624007582
NY,combined,0.5,weak,303,0.0098611111111111,-0.0314462718052837,0.2253521126760563,0.0441176470588235,0.1564126972416228,0.1666070280830511
NY,combined,0.5,weak,304,0.0097222222222222,-0.0321712887286649,0.2,0.0,0.1555984544058685,0.1658134356979174
NY,combined,0.5,weak,305,0.01,-0.0258165516908953,0.2083333333333333,0.0,0.1563722229542117,0.1661372572413834
NY,combined,0.5,weak,306,0.0098611111111111,-0.0431037469414728,0.1971830985915492,0.0,0.1566583413715188,0.1717120510215433
NY,combined,0.5,weak,307,0.0106944444444444,-0.0145514355382635,0.1688311688311688,0.0147058823529411,0.1558204608451005,0.1598880312369959
NY,combined,0.5,weak,308,0.0104166666666666,-0.0272762575196593,0.1066666666666666,0.0,0.158489014557727,0.162438919490175
NY,combined,1.0,weak,301,0.0204166666666666,-0.0741498956484505,0.3741496598639456,0.0769230769230769,0.1247658557443617,0.1803537801769139
NY,combined,1.0,weak,302,0.0230555555555555,-0.1300595181706891,0.4156626506024096,0.0807453416149068,0.1171618818734718,0.1960372063760038
NY,combined,1.0,weak,303,0.0229166666666666,-0.1000030250209509,0.3939393939393939,0.074074074074074,0.129631551778146,0.1889195105918508
NY,combined,1.0,weak,304,0.0226388888888888,-0.1031733519925262,0.3803680981595092,0.065359477124183,0.1245963753633902,0.2005669495180454
NY,combined,1.0,weak,305,0.0215277777777777,-0.0999781400648682,0.4258064516129032,0.087248322147651,0.1280513778713346,0.189048805180453
NY,combined,1.0,weak,306,0.0198611111111111,-0.0734734203963136,0.3356643356643357,0.0814814814814814,0.1298264406134349,0.1848860192694128
NY,combined,1.0,weak,307,0.0179166666666666,-0.0751914479217422,0.3100775193798449,0.0859375,0.1226864422644515,0.1777602427480012
NY,combined,1.0,weak,308,0.0208333333333333,-0.073931016665917,0.3866666666666666,0.0980392156862745,0.1176991372975412,0.186671832278738
NY,combined,1.5,weak,301,0.0333333333333333,-0.1275420596890475,0.4958333333333333,0.2014388489208633,0.1187972465345037,0.2438783677410497
NY,combined,1.5,weak,302,0.0381944444444444,-0.1869908631650945,0.5054545454545455,0.1486486486486486,0.10691648454341,0.28058232938086
NY,combined,1.5,weak,303,0.0368055555555555,-0.1640105064535229,0.5471698113207547,0.1565836298932384,0.1261774189259852,0.2717561976083298
NY,combined,1.5,weak,304,0.0405555555555555,-0.1808789011962044,0.571917808219178,0.1523809523809524,0.1106239969810026,0.3011934321406656
NY,combined,1.5,weak,305,0.0363888888888888,-0.1372376175194291,0.5572519083969466,0.1898305084745762,0.1193097847803347,0.262186630770565
NY,combined,1.5,weak,306,0.0379166666666666,-0.2036734084391662,0.5604395604395604,0.1267605633802817,0.111861995806405,0.282225063443381
NY,combined,1.5,weak,307,0.0352777777777777,-0.1648389361831664,0.547244094488189,0.1794871794871795,0.1081650822236579,0.2504066876895969
NY,combined,1.5,weak,308,0.0394444444444444,-0.1811062708545798,0.5845070422535211,0.1538461538461538,0.1058764485260891,0.2830461333641889
NY,combined,2.0,weak,301,0.0559722222222222,-0.2504388384507457,0.707196029776675,0.2967244701348747,0.1131445327851363,0.4258204720883879
NY,combined,2.0,weak,302,0.0580555555555555,-0.2687716107926017,0.7009569377990431,0.2805343511450381,0.1074842887921279,0.4622968026738455
NY,combined,2.0,weak,303,0.0565277777777777,-0.2543907072222931,0.7027027027027027,0.2789783889980353,0.1201732115776674,0.4307920985346866
NY,combined,2.0,weak,304,0.0611111111111111,-0.2770173016931974,0.7,0.2728904847396768,0.1090120001795578,0.4909548309605263
NY,combined,2.0,weak,305,0.0555555555555555,-0.254498789557643,0.7075,0.32,0.126470325817806,0.4194835110927982
NY,combined,2.0,weak,306,0.055,-0.2613087849853159,0.6742424242424242,0.2510460251046025,0.1034964099427151,0.4462983885857268
NY,combined,2.0,weak,307,0.0570833333333333,-0.27270842630279,0.7420924574209246,0.2816091954022988,0.1078052256488995,0.4555572011459927
NY,combined,2.0,weak,308,0.0590277777777777,-0.2658654823069205,0.7105882352941176,0.3196428571428571,0.1086746857257597,0.4390305810890998
NY,combined,2.5,weak,301,0.0704166666666666,-0.3184189980745298,0.7731755424063116,0.418227215980025,0.1181292538626575,0.5901187554479117
NY,combined,2.5,weak,302,0.0788888888888888,-0.4005798278385021,0.8169014084507042,0.3664670658682635,0.1069868376979762,0.779646968078618
NY,combined,2.5,weak,303,0.0697222222222222,-0.334108172018028,0.7669322709163346,0.4229346485819975,0.1219710990915537,0.6256943205006846
NY,combined,2.5,weak,304,0.0818055555555555,-0.3662117541922691,0.7877758913412564,0.3283582089552239,0.1064508002484354,0.7256995710029792
NY,combined,2.5,weak,305,0.0784722222222222,-0.3491027587565337,0.8,0.4187358916478555,0.122963150556426,0.7001288191876712
NY,combined,2.5,weak,306,0.0756944444444444,-0.3525499099831181,0.781651376146789,0.3545108005082592,0.1069818639098071,0.6979350487389226
NY,combined,2.5,weak,307,0.0741666666666666,-0.335747502343042,0.799625468164794,0.4439359267734554,0.1077945998166093,0.6391112619427978
NY,combined,2.5,weak,308,0.0768055555555555,-0.3471945712639215,0.8119349005424955,0.3867469879518072,0.1121561347197965,0.656077996451782
NY,combined,3.0,weak,301,0.0897222222222222,-0.4095336799956829,0.8498452012383901,0.4731277533039648,0.1113354567181967,0.8531863822998308
NY,combined,3.0,weak,302,0.0883333333333333,-0.410938982716633,0.8113207547169812,0.5067001675041876,0.1060041637628538,0.8532388283234045
NY,combined,3.0,weak,303,0.0886111111111111,-0.4024924703540293,0.8401253918495298,0.5241605241605242,0.1259379647304523,0.874676822542727
NY,combined,3.0,weak,304,0.0922222222222222,-0.4469786109187919,0.8524096385542169,0.4314814814814814,0.109542310191758,0.8869580999042014
NY,combined,3.0,weak,305,0.0876388888888888,-0.3939629256525712,0.8415213946117274,0.5218106995884774,0.1247028006721694,0.8357480071666756
NY,combined,3.0,weak,306,0.0927777777777777,-0.4298680749282032,0.8517964071856288,0.4797979797979798,0.1057689952794973,0.9098422765818656
NY,combined,3.0,weak,307,0.0891666666666666,-0.4142704057437786,0.8193146417445483,0.5140728476821192,0.1034150473599745,0.8606805187664148
NY,combined,3.0,weak,308,0.0886111111111111,-0.4065579035680473,0.8307210031347962,0.5206477732793522,0.1087549424120695,0.8444078436735473
NY,combined,3.5,weak,301,0.0959722222222222,-0.4346295374648971,0.8350217076700435,0.565771812080537,0.1106245292308946,0.9213756877261278
NY,combined,3.5,weak,302,0.0945833333333333,-0.458610526332619,0.8443465491923642,0.5581881533101045,0.1072648337313128,0.9570223855130752
NY,combined,3.5,weak,303,0.0933333333333333,-0.4392261455625152,0.8616071428571429,0.5767160161507402,0.1223580388446453,0.9278454195641802
NY,combined,3.5,weak,304,0.0990277777777777,-0.4683009630794314,0.8597475455820477,0.519884309472162,0.1074447068778021,0.9475640368522984
NY,combined,3.5,weak,305,0.0954166666666666,-0.4373263070503309,0.8544395924308588,0.5750670241286864,0.124875674894705,0.9256442534768446
NY,combined,3.5,weak,306,0.0961111111111111,-0.4491848331458349,0.8598265895953757,0.5639651707970529,0.1041199097958427,0.9603155577299411
NY,combined,3.5,weak,307,0.0969444444444444,-0.4467892310557478,0.8524355300859598,0.5778069599474721,0.1089052018512489,0.9380524641676669
NY,combined,3.5,weak,308,0.0973611111111111,-0.4579771041922891,0.884450784593438,0.5697368421052632,0.1078457123994782,0.9378244554312948
NY,combined,4.0,weak,301,0.1030555555555555,-0.4547914068961097,0.8881401617250674,0.6444560124934929,0.1109165234632345,0.9734797008547008
NY,combined,4.0,weak,302,0.0981944444444444,-0.4684833129947678,0.8571428571428571,0.6239316239316239,0.1055512745544673,0.98
NY,combined,4.0,weak,303,0.0994444444444444,-0.447418748786291,0.86731843575419,0.6375068343357025,0.1211286784207068,0.9669367937258494
NY,combined,4.0,weak,304,0.1020833333333333,-0.4780856769265803,0.8530612244897959,0.6022131624927198,0.1089177277634521,0.9800999115826702
NY,combined,4.0,weak,305,0.1005555555555555,-0.4591784379308637,0.8687845303867403,0.6465288818229995,0.1208661698689825,0.9734468924248604
NY,combined,4.0,weak,306,0.0990277777777777,-0.4685908021677172,0.8569424964936886,0.6218820861678005,0.103081319680631,0.9867261904761906
NY,combined,4.0,weak,307,0.1006944444444444,-0.4584568095731275,0.8731034482758621,0.6428571428571429,0.1081168081155496,0.9605834565710344
NY,combined,4.0,weak,308,0.1015277777777777,-0.468918940178208,0.8645690834473324,0.6164692611393119,0.1128734104272597,0.9767645112497636
NY,combined,5.0,weak,301,0.1066666666666666,-0.4808734135235532,0.8489583333333334,0.6696137738483016,0.1145204897578269,1.0
NY,combined,5.0,weak,302,0.1018055555555555,-0.4816974868328934,0.8526603001364257,0.6713185755534168,0.1025880311416568,0.99
NY,combined,5.0,weak,303,0.1041666666666666,-0.4746736066468425,0.8626666666666667,0.6687410244135951,0.1193582200242455,0.9900197238658776
NY,combined,5.0,weak,304,0.1048611111111111,-0.4959341079724278,0.8556291390728477,0.6246677299308878,0.1090703322879054,0.9933563218390804
NY,combined,5.0,weak,305,0.1045833333333333,-0.4774553264470244,0.8685258964143426,0.6763194768799626,0.1182200784850554,0.99
NY,combined,5.0,weak,306,0.1044444444444444,-0.4710801389164314,0.8430851063829787,0.6594594594594595,0.1020205632222551,0.9933333333333332
NY,combined,5.0,weak,307,0.1047222222222222,-0.4739436659993357,0.850132625994695,0.6824601366742596,0.1108625556399846,0.9966666666666668
NY,combined,5.0,weak,308,0.1055555555555555,-0.4812674075422495,0.868421052631579,0.6631528509822712,0.1057174621101586,0.9966666666666668
NY,combined,6.0,weak,301,0.1090277777777777,-0.4850732940737972,0.8547770700636943,0.6724059809696421,0.1132985940449597,1.0
NY,combined,6.0,weak,302,0.1031944444444444,-0.4934874680210844,0.8317631224764468,0.6559565002471577,0.1069862793466444,0.9966666666666668
NY,combined,6.0,weak,303,0.10625,-0.4773408903358861,0.8431372549019608,0.6647727272727273,0.1155632318420285,1.0
NY,combined,6.0,weak,304,0.1065277777777777,-0.5040820871429522,0.8461538461538461,0.6099020674646355,0.1138227773368755,1.0
NY,combined,6.0,weak,305,0.1066666666666666,-0.486911366481467,0.8541666666666666,0.6717521960240407,0.1230923975244814,0.9966666666666668
NY,combined,6.0,weak,306,0.1063888888888889,-0.4850427552143969,0.8446475195822454,0.6588404408241495,0.1083212691603126,1.0
NY,combined,6.0,weak,307,0.1065277777777777,-0.4781943902461833,0.8748370273794003,0.6774047186932849,0.110034065521715,1.0
NY,combined,6.0,weak,308,0.1081944444444444,-0.4903258727952475,0.8741976893453145,0.6551226551226551,0.1084231009927358,0.9933333333333332
TX,combined,0.0,medium,301,0.0059722222222222,-0.1220295886537286,0.1627906976744186,0.0,0.1984560487097252,0.1632711329706044
TX,combined,0.0,medium,302,0.0090277777777777,-0.1015106250583198,0.1076923076923077,0.0,0.2011609309135123,0.1614362026673199
TX,combined,0.0,medium,303,0.0059722222222222,-0.0850780762858794,0.1395348837209302,0.0,0.2006564890117865,0.1577774984391701
TX,combined,0.0,medium,304,0.00625,-0.148600863950246,0.2,0.0,0.2006568125489664,0.1735076562348055
TX,combined,0.0,medium,305,0.00625,-0.0659472767835369,0.1555555555555555,0.0,0.1986359101563442,0.1675580714575018
TX,combined,0.0,medium,306,0.0061111111111111,-0.1224974282461622,0.0909090909090909,0.0,0.2001309619970521,0.1689180696925606
TX,combined,0.0,medium,307,0.0090277777777777,-0.1266300663179143,0.2153846153846154,0.0166666666666666,0.1996722010903923,0.1734680565822572
TX,combined,0.0,medium,308,0.0065277777777777,-0.1295942460116878,0.1914893617021276,0.0,0.2009658229342884,0.1705863512414516
TX,combined,0.5,medium,301,0.0122222222222222,-0.1343652474294564,0.1931818181818181,0.0121951219512195,0.1558816942825272,0.185474675751168
TX,combined,0.5,medium,302,0.0166666666666666,-0.2073629095724946,0.275,0.0265486725663716,0.1549884474735422,0.1931385788342997
TX,combined,0.5,medium,303,0.01625,-0.1504536318217224,0.3333333333333333,0.0185185185185185,0.1564086763248296,0.1955024418518021
TX,combined,0.5,medium,304,0.0166666666666666,-0.165837474701792,0.3333333333333333,0.0272727272727272,0.1566674914474353,0.1988902527311639
TX,combined,0.5,medium,305,0.0161111111111111,-0.1103621504977049,0.293103448275862,0.0196078431372549,0.1574622363004284,0.1906972790342469
TX,combined,0.5,medium,306,0.0151388888888888,-0.1687423349329763,0.3119266055045872,0.0098039215686274,0.1535182395816139,0.203627294974098
TX,combined,0.5,medium,307,0.0170833333333333,-0.1773363766994289,0.2682926829268293,0.0,0.1547749993059946,0.2090302016359065
TX,combined,0.5,medium,308,0.0172222222222222,-0.2025533816087379,0.3629032258064516,0.0088495575221238,0.1562510793565359,0.2120886158469188
TX,combined,1.0,medium,301,0.0295833333333333,-0.2275276027711663,0.4788732394366197,0.0825688073394495,0.1253707006487697,0.2762770818604256
TX,combined,1.0,medium,302,0.0347222222222222,-0.2638640418641099,0.52,0.068825910931174,0.118550649098086,0.3072567634572954
TX,combined,1.0,medium,303,0.0345833333333333,-0.255446461738653,0.5381526104417671,0.0384615384615384,0.1299417843620847,0.3104960320260652
TX,combined,1.0,medium,304,0.0318055555555555,-0.2596217373666787,0.4061135371179039,0.0655021834061135,0.1311738962747899,0.3041086994391235
TX,combined,1.0,medium,305,0.0311111111111111,-0.2292290955981402,0.5044642857142857,0.085201793721973,0.1219653760509477,0.2753153064646149
TX,combined,1.0,medium,306,0.0283333333333333,-0.2407700140261316,0.4509803921568627,0.0510204081632653,0.1227521761890571,0.2765664038275216
TX,combined,1.0,medium,307,0.0352777777777777,-0.2884998669620994,0.5393700787401575,0.0539419087136929,0.121767018874511,0.3303734141367882
TX,combined,1.0,medium,308,0.0334722222222222,-0.2799069937312,0.5186721991701245,0.0178571428571428,0.1168186921393941,0.3122645370112527
TX,combined,1.5,medium,301,0.0569444444444444,-0.3695941692055933,0.7097560975609756,0.1900647948164147,0.1171616143170171,0.5424890634310522
TX,combined,1.5,medium,302,0.0606944444444444,-0.3840506861801555,0.6864988558352403,0.1473684210526315,0.1126293487687065,0.6098550047237266
TX,combined,1.5,medium,303,0.0580555555555555,-0.3727779929255077,0.7105263157894737,0.1597374179431072,0.1210906318408454,0.5656489802334477
TX,combined,1.5,medium,304,0.0577777777777777,-0.3704549138503447,0.6995192307692307,0.167032967032967,0.1221074065540553,0.5325721547075777
TX,combined,1.5,medium,305,0.0531944444444444,-0.3361182259385205,0.6892950391644909,0.2112359550561797,0.1115018669257725,0.4863000031887302
TX,combined,1.5,medium,306,0.0568055555555555,-0.3672744943601416,0.6625916870415648,0.135632183908046,0.1091246512446197,0.5083029015048465
TX,combined,1.5,medium,307,0.0598611111111111,-0.3799673472285521,0.6960556844547564,0.1387665198237885,0.1180607605526959,0.5754963664379198
TX,combined,1.5,medium,308,0.0615277777777777,-0.3968434813857263,0.744920993227991,0.1458773784355179,0.1226913798330669,0.5968029656059693
TX,combined,2.0,medium,301,0.0769444444444444,-0.4419482787983392,0.7743682310469314,0.2607449856733524,0.1135057711212271,0.781414287897022
TX,combined,2.0,medium,302,0.0769444444444444,-0.4728130770194328,0.7906137184115524,0.2595204513399153,0.111487478036492,0.8506072396992065
TX,combined,2.0,medium,303,0.0776388888888888,-0.472058410063565,0.8103756708407871,0.2532188841201717,0.1184722757954703,0.8418528720273777
TX,combined,2.0,medium,304,0.0797222222222222,-0.4574484496275749,0.8222996515679443,0.2808683853459973,0.1187066905559328,0.814296264544902
TX,combined,2.0,medium,305,0.0788888888888888,-0.4547901164955784,0.7904929577464789,0.2577903682719547,0.1176023206663206,0.8261384125775916
TX,combined,2.0,medium,306,0.07875,-0.4425076937897904,0.8095238095238095,0.2567375886524822,0.1044620412104154,0.8185372661104817
TX,combined,2.0,medium,307,0.0804166666666666,-0.4829869184541565,0.7910189982728842,0.2528409090909091,0.1093473034845856,0.8347788156858533
TX,combined,2.0,medium,308,0.08,-0.4939403706325844,0.828125,0.23589001447178,0.1194698924859624,0.8597625759173152
TX,combined,2.5,medium,301,0.0865277777777777,-0.4921692707769465,0.8394863563402889,0.3912133891213389,0.1084460136637288,0.9036458979306272
TX,combined,2.5,medium,302,0.0863888888888888,-0.5147755199655667,0.8102893890675241,0.3899895724713243,0.1118799179304226,0.9603452993844976
TX,combined,2.5,medium,303,0.0872222222222222,-0.503179938012173,0.8535031847133758,0.3927083333333333,0.1172351347071022,0.921742267723728
TX,combined,2.5,medium,304,0.0875,-0.4849455294174417,0.8317460317460318,0.3989743589743589,0.1173301333940667,0.92232982352313
TX,combined,2.5,medium,305,0.08625,-0.4885904273692999,0.8373590982286635,0.4120654396728016,0.1172364554522327,0.931453683064048
TX,combined,2.5,medium,306,0.0880555555555555,-0.4976743373501482,0.832807570977918,0.3635382955771305,0.1074238999474106,0.928224998319793
TX,combined,2.5,medium,307,0.0884722222222222,-0.530526272798152,0.8602825745682888,0.3640303358613218,0.1113249046170879,0.9605273374193234
TX,combined,2.5,medium,308,0.0859722222222222,-0.5310027281893037,0.8190630048465266,0.3502252252252252,0.1198153782099028,0.9441155096252978
TX,combined,3.0,medium,301,0.0951388888888888,-0.5060255973360142,0.8291970802919708,0.4743377483443708,0.1127949396591912,0.9668127896200186
TX,combined,3.0,medium,302,0.0881944444444444,-0.5396633112348531,0.8094488188976378,0.4850299401197604,0.1144924871433425,0.9668870808122566
TX,combined,3.0,medium,303,0.0905555555555555,-0.519533547208108,0.8374233128834356,0.4730434782608695,0.114030169343493,0.9702713056058898
TX,combined,3.0,medium,304,0.0931944444444444,-0.5176857410096025,0.827123695976155,0.4794290512174643,0.1156485999591492,0.9669938107869144
TX,combined,3.0,medium,305,0.0922222222222222,-0.5109507572844987,0.8283132530120482,0.4733676975945017,0.1187116150604244,0.973395803163245
TX,combined,3.0,medium,306,0.0922222222222222,-0.5237042265919544,0.8569277108433735,0.4444444444444444,0.1101711173687392,0.9539609240185102
TX,combined,3.0,medium,307,0.0929166666666666,-0.5511107706843001,0.8325859491778774,0.447814451382694,0.1081904240228236,0.9834028393966284
TX,combined,3.0,medium,308,0.0911111111111111,-0.5431543398038972,0.823170731707317,0.4341372912801484,0.1191982562641938,0.976924100428092
TX,combined,3.5,medium,301,0.0944444444444444,-0.5254907113302603,0.8117647058823529,0.5593337959750173,0.1113768894916215,0.9734326277749096
TX,combined,3.5,medium,302,0.0906944444444444,-0.5316441343545992,0.8039816232771823,0.5469897209985316,0.1157672986588127,0.9836363636363636
TX,combined,3.5,medium,303,0.0933333333333333,-0.5384760487360096,0.8377976190476191,0.5255639097744361,0.1128386548485047,0.9933333333333332
TX,combined,3.5,medium,304,0.0970833333333333,-0.5324942361425814,0.8469241773962805,0.5432185523541813,0.1104036746000434,0.9900358422939068
TX,combined,3.5,medium,305,0.0941666666666666,-0.5216848904043305,0.8244837758112095,0.5421511627906976,0.1206941969520805,0.9801481481481482
TX,combined,3.5,medium,306,0.0956944444444444,-0.5344682152273068,0.8519593613933236,0.5058094500387297,0.1052255893803136,0.9933333333333332
TX,combined,3.5,medium,307,0.0930555555555555,-0.5615165179745045,0.8373134328358209,0.510989010989011,0.1075295929166869,0.9933333333333332
TX,combined,3.5,medium,308,0.0922222222222222,-0.5475527416037884,0.8313253012048193,0.4991909385113268,0.1191540374521067,0.976727152512489
TX,combined,4.0,medium,301,0.0980555555555555,-0.5397699922972216,0.8314447592067988,0.5607790463398253,0.1113051364270701,0.9966666666666668
TX,combined,4.0,medium,302,0.0920833333333333,-0.5517695903668935,0.799396681749623,0.5750341064120055,0.110123292799255,0.9933333333333332
TX,combined,4.0,medium,303,0.0951388888888888,-0.5487912827283751,0.8335766423357664,0.5650988411724608,0.114270248745518,0.99
TX,combined,4.0,medium,304,0.0970833333333333,-0.5416449243797533,0.8497854077253219,0.5872204472843451,0.1172873295991441,0.9833563218390804
TX,combined,4.0,medium,305,0.09625,-0.5367239015144802,0.8571428571428571,0.5878980891719745,0.1126300735795583,0.9966666666666668
TX,combined,4.0,medium,306,0.0965277777777777,-0.5345874723798132,0.8532374100719424,0.5575342465753425,0.1084598686078387,0.9933333333333332
TX,combined,4.0,medium,307,0.0959722222222222,-0.5547821639149104,0.8408104196816208,0.5397973950795948,0.1115120518031624,1.0
TX,combined,4.0,medium,308,0.095,-0.5534136336203568,0.8304093567251462,0.5420289855072464,0.1192001233563328,0.9966666666666668
TX,combined,5.0,medium,301,0.0997222222222222,-0.5421693688762174,0.8356545961002786,0.5885256014805675,0.1092127381456447,0.9933557046979864
TX,combined,5.0,medium,302,0.0941666666666666,-0.5512027849167377,0.8053097345132744,0.5841519318925998,0.1113526000452728,1.0
TX,combined,5.0,medium,303,0.0972222222222222,-0.5528451020446321,0.8285714285714286,0.5847133757961783,0.1151440884439934,1.0
TX,combined,5.0,medium,304,0.0997222222222222,-0.5504606871141967,0.8523676880222841,0.5940353012781497,0.1169034291467264,0.9966666666666668
TX,combined,5.0,medium,305,0.0981944444444444,-0.5397594802595048,0.842998585572843,0.5971882640586798,0.1159266786207914,1.0
TX,combined,5.0,medium,306,0.0994444444444444,-0.5435807455369355,0.8561452513966481,0.579047619047619,0.1095052211754632,0.9966666666666668
TX,combined,5.0,medium,307,0.0975,-0.5717325686076693,0.8447293447293447,0.5440451021846371,0.1088864510843976,1.0
TX,combined,5.0,medium,308,0.09625,-0.5603467584919436,0.8383838383838383,0.5625427204374572,0.1192731451001654,0.9966666666666668
TX,combined,6.0,medium,301,0.1009722222222222,-0.5523531969180536,0.8404401650618982,0.5679330328396651,0.1129971271370956,1.0
TX,combined,6.0,medium,302,0.0952777777777777,-0.5549870438922875,0.7915451895043731,0.5606267029972752,0.1104141482159633,1.0
TX,combined,6.0,medium,303,0.0990277777777777,-0.55466728003683,0.8345021037868162,0.5705996131528046,0.114899412554125,1.0
TX,combined,6.0,medium,304,0.1009722222222222,-0.5516052835014126,0.8349381017881705,0.5737808739708676,0.1170355204355697,1.0
TX,combined,6.0,medium,305,0.0990277777777777,-0.5481475169171321,0.8330995792426368,0.5807061790668349,0.1166799550263564,1.0
TX,combined,6.0,medium,306,0.1008333333333333,-0.5533317012792472,0.8319559228650137,0.560625814863103,0.1080354090024199,1.0
TX,combined,6.0,medium,307,0.0983333333333333,-0.5722017067236652,0.8234463276836158,0.5178306092124815,0.1112475017530958,1.0
TX,combined,6.0,medium,308,0.0966666666666666,-0.5706986335764013,0.8232758620689655,0.5392296718972895,0.1172641954533889,1.0
TX,combined,0.0,strong,301,0.0063888888888888,-0.1370147288494305,0.0434782608695652,0.0,0.1990247921455444,0.1725598670292046
TX,combined,0.0,strong,302,0.0101388888888888,-0.1268614437708409,0.2054794520547945,0.0,0.1996228976387047,0.1673840470317662
TX,combined,0.0,strong,303,0.0080555555555555,-0.0994136444004944,0.2413793103448276,0.0,0.1997837454676006,0.1768251386000996
TX,combined,0.0,strong,304,0.0080555555555555,-0.1188834393406765,0.1551724137931034,0.0181818181818181,0.1995724940163602,0.1814886601821332
TX,combined,0.0,strong,305,0.0070833333333333,-0.0689034020868209,0.2156862745098039,0.0,0.2011576388058633,0.1835660242465212
TX,combined,0.0,strong,306,0.0073611111111111,-0.1219104990384553,0.1320754716981132,0.0,0.2007627921629038,0.1792597167777375
TX,combined,0.0,strong,307,0.0077777777777777,-0.1414372797835038,0.2321428571428571,0.0,0.1995395685687321,0.1701960630884791
TX,combined,0.0,strong,308,0.0072222222222222,-0.1544976498153804,0.1538461538461538,0.0,0.1996128174559281,0.168036304655909
TX,combined,0.5,strong,301,0.0179166666666666,-0.2152673537651337,0.3720930232558139,0.032258064516129,0.155911969845129,0.208522695518257
TX,combined,0.5,strong,302,0.0188888888888888,-0.2233151062730147,0.2720588235294117,0.0232558139534883,0.1544765583605592,0.208544635515232
TX,combined,0.5,strong,303,0.0198611111111111,-0.2103780084888702,0.3496503496503496,0.0,0.1562113677144583,0.227592261291478
TX,combined,0.5,strong,304,0.0186111111111111,-0.1719221294873368,0.3208955223880597,0.016,0.154662341190028,0.2155802072672383
TX,combined,0.5,strong,305,0.0186111111111111,-0.1572693079110565,0.4328358208955223,0.0384615384615384,0.1541548906526764,0.215802917018001
TX,combined,0.5,strong,306,0.0179166666666666,-0.1841490314029899,0.4186046511627907,0.0084033613445378,0.1545464778181509,0.2163122991110274
TX,combined,0.5,strong,307,0.0236111111111111,-0.2151734458804947,0.4647058823529412,0.062111801242236,0.15528705714599,0.2401415678008423
TX,combined,0.5,strong,308,0.0223611111111111,-0.215586399234681,0.3291925465838509,0.0134228187919463,0.1549692335416533,0.2397611879210845
TX,combined,1.0,strong,301,0.0358333333333333,-0.2504987441480782,0.5697674418604651,0.1254612546125461,0.1236404453575737,0.308886855001199
TX,combined,1.0,strong,302,0.0401388888888888,-0.3112375118359437,0.5882352941176471,0.1282051282051282,0.1150455829540862,0.3717792765301619
TX,combined,1.0,strong,303,0.0391666666666666,-0.2968716454829001,0.6276595744680851,0.1073825503355704,0.1323293938516745,0.3855132621873627
TX,combined,1.0,strong,304,0.0390277777777777,-0.2797887018860708,0.597864768683274,0.1052631578947368,0.1336137312880314,0.3582392140651606
TX,combined,1.0,strong,305,0.0375,-0.2551352084036434,0.5296296296296297,0.1342756183745583,0.1188244914345234,0.3322062235560393
TX,combined,1.0,strong,306,0.0420833333333333,-0.2862284405466038,0.6138613861386139,0.1363636363636363,0.1220434604202268,0.3573467159481991
TX,combined,1.0,strong,307,0.0405555555555555,-0.3157685131378234,0.541095890410959,0.0699300699300699,0.1238502003201496,0.3798780024059967
TX,combined,1.0,strong,308,0.0409722222222222,-0.3302859108821761,0.6338983050847458,0.1033333333333333,0.1195161119414841,0.3853945514656712
TX,combined,1.5,strong,301,0.0643055555555555,-0.4011197027422899,0.7537796976241901,0.223826714801444,0.1158263610444754,0.6454758404280014
TX,combined,1.5,strong,302,0.0691666666666666,-0.4434824566610438,0.7228915662650602,0.2504065040650406,0.1122635897507102,0.7326338062664929
TX,combined,1.5,strong,303,0.0691666666666666,-0.4304596682501594,0.7791164658634538,0.2420701168614357,0.1264115561374249,0.7186996605665028
TX,combined,1.5,strong,304,0.0627777777777777,-0.3672309415717186,0.7477876106194691,0.2874354561101549,0.118786507119091,0.5870045635241535
TX,combined,1.5,strong,305,0.0648611111111111,-0.3886101221445466,0.7323340471092077,0.2804674457429048,0.1172404171018836,0.653730981535306
TX,combined,1.5,strong,306,0.0641666666666666,-0.4059214860890603,0.7727272727272727,0.231858407079646,0.1102383442005777,0.6435508069615071
TX,combined,1.5,strong,307,0.0690277777777777,-0.4347190192291477,0.7766599597585513,0.2227891156462585,0.1117806046435409,0.7040149025128818
TX,combined,1.5,strong,308,0.07,-0.4408231021466019,0.7420634920634921,0.2532258064516129,0.1212439546899238,0.7086795569731428
TX,combined,2.0,strong,301,0.0854166666666666,-0.4748814540654256,0.8178861788617886,0.3486766398158803,0.1085797149516098,0.9251173941034966
TX,combined,2.0,strong,302,0.0819444444444444,-0.4907167060195978,0.8338983050847457,0.3365269461077844,0.1138198315282364,0.92499229296082
TX,combined,2.0,strong,303,0.0845833333333333,-0.5002508986702215,0.8390804597701149,0.3329383886255924,0.1246139226767217,0.9280913031412816
TX,combined,2.0,strong,304,0.0841666666666666,-0.4669435363050837,0.8399339933993399,0.3673012318029115,0.1132235999251734,0.8873088860287835
TX,combined,2.0,strong,305,0.0823611111111111,-0.4663152758948563,0.8195615514333895,0.4015233949945593,0.115208010624555,0.8929612949407009
TX,combined,2.0,strong,306,0.0847222222222222,-0.4791405889577917,0.8278688524590164,0.3293978748524203,0.1062081789969041,0.9190976166382518
TX,combined,2.0,strong,307,0.0848611111111111,-0.4949964647273957,0.8428805237315876,0.3476744186046511,0.1090709363343569,0.928280690552536
TX,combined,2.0,strong,308,0.0826388888888888,-0.5026905649064304,0.8336134453781513,0.3134328358208955,0.119208415123835,0.9220283192813472
TX,combined,2.5,strong,301,0.0909722222222222,-0.5009254005495267,0.8687022900763359,0.4518451845184518,0.1049689384827707,0.970185913472887
TX,combined,2.5,strong,302,0.0870833333333333,-0.5359449312615968,0.8277511961722488,0.4616788321167883,0.1163793243973112,0.9833528265107212
TX,combined,2.5,strong,303,0.0891666666666666,-0.5213988802961228,0.8660436137071651,0.4492619926199262,0.1185817319035741,0.9701208727646906
TX,combined,2.5,strong,304,0.0906944444444444,-0.5145364736630069,0.8376722817764165,0.4700176366843033,0.115194679408469,0.9734851232702074
TX,combined,2.5,strong,305,0.0881944444444444,-0.5083312738681565,0.8440944881889764,0.4588665447897623,0.1180638734231195,0.9669434697139874
TX,combined,2.5,strong,306,0.0904166666666666,-0.5169931240033013,0.8463901689708141,0.4394079555966697,0.1030384672644297,0.9768183605131548
TX,combined,2.5,strong,307,0.0901388888888889,-0.5338059386159895,0.8305084745762712,0.4105571847507331,0.1117922797772597,0.976737651582372
TX,combined,2.5,strong,308,0.0897222222222222,-0.5373779780499928,0.8622291021671826,0.4371482176360225,0.1158069300884474,0.966999871294594
TX,combined,3.0,strong,301,0.0958333333333333,-0.5228908360138835,0.8507246376811595,0.5277572168763879,0.109739263084818,0.9866666666666668
TX,combined,3.0,strong,302,0.0893055555555555,-0.5377486100839951,0.8320373250388803,0.531733746130031,0.1112597867936473,0.9866861598440544
TX,combined,3.0,strong,303,0.0930555555555555,-0.5294751828828147,0.8567164179104477,0.526395173453997,0.1146410232154712,0.98674059107455
TX,combined,3.0,strong,304,0.0943055555555555,-0.5263749497138382,0.8556701030927835,0.5288389513108614,0.1145082479139919,0.9738931227059638
TX,combined,3.0,strong,305,0.0913888888888889,-0.5117547738024827,0.8267477203647416,0.5447761194029851,0.1200442531471033,0.9801873638344228
TX,combined,3.0,strong,306,0.0930555555555555,-0.5307364823530476,0.8477611940298507,0.5108864696734059,0.1059441562404558,0.99
TX,combined,3.0,strong,307,0.0923611111111111,-0.5515762527361134,0.8360902255639098,0.4921681780708986,0.1089976976708623,0.9866666666666668
TX,combined,3.0,strong,308,0.0926388888888889,-0.5457207503753045,0.8515742128935532,0.5016129032258064,0.1181180320711394,0.9966666666666668
TX,combined,3.5,strong,301,0.0970833333333333,-0.5324001140520163,0.8354792560801144,0.5813350615683733,0.1088936255710524,0.9834228187919462
TX,combined,3.5,strong,302,0.09125,-0.5442833410040773,0.8051750380517504,0.5610795454545454,0.112019403269434,0.9966666666666668
TX,combined,3.5,strong,303,0.0947222222222222,-0.5391764354311193,0.8577712609970675,0.5611263736263736,0.1110587638083506,0.9866666666666668
TX,combined,3.5,strong,304,0.0956944444444444,-0.5343696531003823,0.8345428156748912,0.58203125,0.1109132069150933,0.9866923076923076
TX,combined,3.5,strong,305,0.0945833333333333,-0.5204463074556356,0.8311306901615272,0.5857795172863666,0.1166634093566974,0.9867441860465116
TX,combined,3.5,strong,306,0.0952777777777777,-0.535148484669107,0.8396501457725948,0.5604395604395604,0.1070487227041091,0.99
TX,combined,3.5,strong,307,0.0948611111111111,-0.5662770405760569,0.862371888726208,0.5309470544369873,0.1086561626499122,0.9966666666666668
TX,combined,3.5,strong,308,0.0923611111111111,-0.5512857038394825,0.8285714285714286,0.5422848664688428,0.1177367153253405,0.9933333333333332
TX,combined,4.0,strong,301,0.0993055555555555,-0.5431401857787748,0.820979020979021,0.5864236329352609,0.1109304520618039,1.0
TX,combined,4.0,strong,302,0.0933333333333333,-0.5471681906639049,0.8318452380952381,0.5930232558139535,0.1085716324032012,0.9966666666666668
TX,combined,4.0,strong,303,0.0955555555555555,-0.5380277910024124,0.8343023255813954,0.5855855855855856,0.1132887839983056,1.0
TX,combined,4.0,strong,304,0.0968055555555555,-0.5388262509961367,0.8421807747489239,0.5958904109589042,0.1190614136064178,0.9933333333333332
TX,combined,4.0,strong,305,0.0969444444444444,-0.5328454738972275,0.8481375358166189,0.6013555144793592,0.1186399444890573,1.0
TX,combined,4.0,strong,306,0.0970833333333333,-0.5356336768938799,0.8512160228898427,0.5752794214332676,0.1062589380038032,0.99
TX,combined,4.0,strong,307,0.0954166666666666,-0.5590773505885063,0.8413391557496361,0.5657534246575342,0.1102970836021263,1.0
TX,combined,4.0,strong,308,0.0943055555555555,-0.5574062738887899,0.8262150220913107,0.5575842696629213,0.117875840680075,1.0
TX,combined,5.0,strong,301,0.0998611111111111,-0.5496531781077781,0.8261474269819193,0.5878712871287128,0.1140979606677786,1.0
TX,combined,5.0,strong,302,0.09375,-0.5544955656357285,0.8014814814814815,0.5870841487279843,0.1140044270028019,1.0
TX,combined,5.0,strong,303,0.0976388888888888,-0.5448366340106117,0.8278805120910384,0.5971622455274522,0.1151096118446491,1.0
TX,combined,5.0,strong,304,0.1001388888888888,-0.5441016568436822,0.8432732316227461,0.5942028985507246,0.1169461427423417,1.0
TX,combined,5.0,strong,305,0.0988888888888888,-0.5384590729423445,0.8314606741573034,0.6060786650774732,0.1176179949817004,1.0
TX,combined,5.0,strong,306,0.0994444444444444,-0.5425815471998581,0.8463687150837989,0.5861423220973783,0.1111261924107927,1.0
TX,combined,5.0,strong,307,0.0966666666666666,-0.5700569041907437,0.8318965517241379,0.5405982905982906,0.1112757083911784,1.0
TX,combined,5.0,strong,308,0.0959722222222222,-0.5620825674417815,0.849493487698987,0.5667796610169491,0.1192018289297196,1.0
TX,combined,6.0,strong,301,0.1005555555555555,-0.5514706339205769,0.824585635359116,0.5665374677002584,0.1129784055859242,1.0
TX,combined,6.0,strong,302,0.0948611111111111,-0.5527891828779672,0.7862371888726208,0.5626702997275205,0.1099237814473766,0.9966666666666668
TX,combined,6.0,strong,303,0.0975,-0.5469550210531977,0.8376068376068376,0.5674603174603174,0.1156393761686935,1.0
TX,combined,6.0,strong,304,0.0994444444444444,-0.5497329491325348,0.8226256983240223,0.5767766497461929,0.116581046965824,1.0
TX,combined,6.0,strong,305,0.0994444444444444,-0.5474222371590336,0.8477653631284916,0.5807668133249528,0.1170920316492716,1.0
TX,combined,6.0,strong,306,0.1006944444444444,-0.549444749692616,0.8344827586206897,0.562987012987013,0.1083381746276685,1.0
TX,combined,6.0,strong,307,0.0977777777777777,-0.5787877947339957,0.8352272727272727,0.5192878338278932,0.1112169940579145,1.0
TX,combined,6.0,strong,308,0.0970833333333333,-0.560855817808784,0.8297567954220315,0.5409604519774012,0.1201113671772908,1.0
TX,combined,0.0,weak,301,0.0059722222222222,-0.0374474903490699,0.1162790697674418,0.0,0.2002429083891207,0.1628372620464315
TX,combined,0.0,weak,302,0.0105555555555555,-0.1294175659668432,0.1842105263157894,0.0147058823529411,0.1999904210995203,0.1605492432701466
TX,combined,0.0,weak,303,0.0048611111111111,-0.0363863770226715,0.1428571428571428,0.0,0.1991594320858182,0.1662823886908301
TX,combined,0.0,weak,304,0.0080555555555555,-0.0630978750777598,0.1724137931034483,0.0,0.1997242658704699,0.1711129056097104
TX,combined,0.0,weak,305,0.0061111111111111,-0.1006267671700869,0.0909090909090909,0.0,0.2016008571449834,0.1613606293615909
TX,combined,0.0,weak,306,0.00625,-0.0884495387660934,0.1111111111111111,0.0,0.2008115536037672,0.1582785889172911
TX,combined,0.0,weak,307,0.0048611111111111,-0.1033005757380253,0.0571428571428571,0.0,0.1989700558020474,0.1579175901693262
TX,combined,0.0,weak,308,0.0063888888888888,-0.1381582132999319,0.1739130434782608,0.0,0.2003545856302532,0.1592564939051579
TX,combined,0.5,weak,301,0.0109722222222222,-0.143718532880257,0.240506329113924,0.0135135135135135,0.1551531639969472,0.1776469775700807
TX,combined,0.5,weak,302,0.0131944444444444,-0.1708646290446341,0.2421052631578947,0.0113636363636363,0.1547395724926259,0.1805730530892368
TX,combined,0.5,weak,303,0.01125,-0.1296717676399461,0.2098765432098765,0.0,0.157207983044344,0.1786858329868153
TX,combined,0.5,weak,304,0.0140277777777777,-0.1312983072206515,0.2673267326732673,0.0,0.1564831916075009,0.1863669302213992
TX,combined,0.5,weak,305,0.0126388888888888,-0.0875836995839513,0.1648351648351648,0.0119047619047619,0.1594070013705288,0.1849970049185559
TX,combined,0.5,weak,306,0.0141666666666666,-0.1463793582919716,0.4019607843137255,0.0212765957446808,0.1549772302180347,0.192108568295246
TX,combined,0.5,weak,307,0.0123611111111111,-0.1274939675346277,0.3370786516853932,0.0,0.1558618507755458,0.1932611927010918
TX,combined,0.5,weak,308,0.0120833333333333,-0.1635406062861655,0.2298850574712643,0.0,0.1562491943420641,0.1875175908396534
TX,combined,1.0,weak,301,0.0272222222222222,-0.2111450014696549,0.4387755102040816,0.0169491525423728,0.1257451727878748,0.2361636032002259
TX,combined,1.0,weak,302,0.025,-0.2355194779507457,0.45,0.0342857142857142,0.1196988660286542,0.2358111427833903
TX,combined,1.0,weak,303,0.0268055555555555,-0.1949156228487974,0.3782383419689119,0.0273224043715847,0.128510602685384,0.2620667441526411
TX,combined,1.0,weak,304,0.0304166666666666,-0.2437439486631142,0.5342465753424658,0.0518867924528301,0.1303053151517221,0.269614198242866
TX,combined,1.0,weak,305,0.0290277777777777,-0.1821100793861724,0.416267942583732,0.0666666666666666,0.1241320116603826,0.2614029520381599
TX,combined,1.0,weak,306,0.0283333333333333,-0.2354423410226676,0.4411764705882353,0.046875,0.1185787710204393,0.2541371118768996
TX,combined,1.0,weak,307,0.0261111111111111,-0.2478660787450788,0.4680851063829787,0.0232558139534883,0.1233836263118265,0.2685709743228398
TX,combined,1.0,weak,308,0.0275,-0.2316942529564931,0.4444444444444444,0.0271739130434782,0.1204764181793685,0.2538846799574328
TX,combined,1.5,weak,301,0.0443055555555555,-0.2980885573187949,0.6238244514106583,0.0948012232415902,0.1117001377318473,0.3827747235296718
TX,combined,1.5,weak,302,0.04875,-0.3505040929872527,0.6011396011396012,0.0931506849315068,0.1142549848867522,0.4543247425943336
TX,combined,1.5,weak,303,0.0481944444444444,-0.327963351495847,0.6426512968299711,0.0650887573964497,0.1276014830153885,0.4327594766237113
TX,combined,1.5,weak,304,0.05125,-0.3334930945413436,0.6747967479674797,0.141025641025641,0.1198103488990888,0.4453414998211413
TX,combined,1.5,weak,305,0.0498611111111111,-0.3237028201824842,0.6350974930362117,0.1303191489361702,0.1141033749654397,0.455310346551692
TX,combined,1.5,weak,306,0.0473611111111111,-0.3016311459876765,0.6217008797653959,0.0686567164179104,0.1100598302741578,0.396155234988819
TX,combined,1.5,weak,307,0.0511111111111111,-0.3380861200907903,0.6168478260869565,0.0975609756097561,0.1155735735191377,0.4627663760559313
TX,combined,1.5,weak,308,0.0520833333333333,-0.3655418555553669,0.6133333333333333,0.0683060109289617,0.1140787613159289,0.4971902302314328
TX,combined,2.0,weak,301,0.0684722222222222,-0.380947208213878,0.7099391480730223,0.2210884353741496,0.1108036430248226,0.6446406408279125
TX,combined,2.0,weak,302,0.0705555555555555,-0.4449879528427104,0.7401574803149606,0.1610017889087656,0.1106285245749876,0.7125299358124759
TX,combined,2.0,weak,303,0.07125,-0.4324517020330039,0.7758284600389863,0.2,0.1186741675154941,0.692803744586846
TX,combined,2.0,weak,304,0.0720833333333333,-0.4318761580672914,0.7707129094412332,0.1996672212978369,0.1167106572346787,0.7233138564408664
TX,combined,2.0,weak,305,0.0706944444444444,-0.4085618608191163,0.7721021611001965,0.2266666666666666,0.1140538071553383,0.6862378040151401
TX,combined,2.0,weak,306,0.0676388888888888,-0.3995307459261532,0.728952772073922,0.2110726643598615,0.1060889806991872,0.6410816107147099
TX,combined,2.0,weak,307,0.0729166666666666,-0.4561310992905982,0.780952380952381,0.1841216216216216,0.1094255498692766,0.726328405480103
TX,combined,2.0,weak,308,0.0701388888888888,-0.4353542643541633,0.7722772277227723,0.175,0.1206377572252227,0.696933240941358
TX,combined,2.5,weak,301,0.0827777777777777,-0.4551674261379683,0.7986577181208053,0.3365384615384615,0.1085730100896769,0.8354666366090748
TX,combined,2.5,weak,302,0.08,-0.4921132937401447,0.7829861111111112,0.3112244897959184,0.1140621477929871,0.862469417831323
TX,combined,2.5,weak,303,0.0833333333333333,-0.4853895781791341,0.82,0.2698826597131681,0.1174183003408921,0.8837936190357997
TX,combined,2.5,weak,304,0.0861111111111111,-0.4764679670697805,0.8161290322580645,0.3348891481913652,0.1173184041062708,0.8704739608700741
TX,combined,2.5,weak,305,0.0829166666666666,-0.4667130820930028,0.8073701842546064,0.3217391304347826,0.1109330677971493,0.8488732112939271
TX,combined,2.5,weak,306,0.0826388888888888,-0.4742043849386171,0.8252100840336134,0.2857142857142857,0.1045776425525844,0.8385346785566571
TX,combined,2.5,weak,307,0.0838888888888888,-0.4986641378031222,0.804635761589404,0.2820181112548512,0.1102993789838923,0.8684721747306203
TX,combined,2.5,weak,308,0.0804166666666666,-0.4987650574563314,0.8031088082901554,0.2857142857142857,0.1203546247873034,0.8452615185544797
TX,combined,3.0,weak,301,0.09125,-0.5036373601826667,0.821917808219178,0.4288407163053723,0.1110909651428249,0.937572473825173
TX,combined,3.0,weak,302,0.0870833333333333,-0.5233892018771745,0.8261562998405104,0.4280155642023346,0.111009158735886,0.9380885684987628
TX,combined,3.0,weak,303,0.0876388888888888,-0.5126989131519454,0.8177496038034865,0.3975409836065574,0.1169419697048747,0.912241875953908
TX,combined,3.0,weak,304,0.0916666666666666,-0.5138519736260339,0.8196969696969697,0.4203581526861451,0.1121011143749709,0.9380105789046732
TX,combined,3.0,weak,305,0.0898611111111111,-0.500253151222576,0.8176197836166924,0.4366197183098591,0.1193848655557394,0.9345880592121376
TX,combined,3.0,weak,306,0.0898611111111111,-0.4993760340963657,0.8454404945904173,0.4013944223107569,0.1103199776179392,0.9313227871671708
TX,combined,3.0,weak,307,0.0905555555555555,-0.5388115556255975,0.8205521472392638,0.3641133263378804,0.1110536434965165,0.9605273229186272
TX,combined,3.0,weak,308,0.0866666666666666,-0.5215200484337202,0.8125,0.3884816753926701,0.1179767561271775,0.9194007581883736
TX,combined,3.5,weak,301,0.0955555555555555,-0.5279217935743276,0.8517441860465116,0.5015600624024961,0.1103490227427255,0.9669026725430164
TX,combined,3.5,weak,302,0.09,-0.5364216163522065,0.8194444444444444,0.4983579638752052,0.1111510673024482,0.9735683981194816
TX,combined,3.5,weak,303,0.0918055555555555,-0.5298556771869742,0.8366111951588502,0.4790268456375839,0.1174169540343022,0.9668725303684126
TX,combined,3.5,weak,304,0.095,-0.528614553017671,0.8435672514619883,0.5031496062992126,0.114692402554662,0.9669639363863954
TX,combined,3.5,weak,305,0.0930555555555555,-0.508623512592684,0.8283582089552238,0.5079491255961844,0.1176418877586218,0.9670392432296782
TX,combined,3.5,weak,306,0.0943055555555555,-0.5235527912399659,0.8468335787923417,0.5015898251192369,0.1050557384218478,0.9668621067821068
TX,combined,3.5,weak,307,0.0940277777777777,-0.5552342725715875,0.8522895125553914,0.4644995722840034,0.1098602232219682,0.99
TX,combined,3.5,weak,308,0.0922222222222222,-0.5421270856287104,0.8509036144578314,0.4600526777875329,0.1205319328424489,0.9506226215812912
TX,combined,4.0,weak,301,0.0976388888888888,-0.5399085758182813,0.8378378378378378,0.5489655172413793,0.1117128295435781,0.9867561521252796
TX,combined,4.0,weak,302,0.0915277777777777,-0.5395505912847758,0.8103186646433991,0.549890750182083,0.1107040212183288,0.9835016835016837
TX,combined,4.0,weak,303,0.0948611111111111,-0.5373291159303104,0.8199121522693997,0.5301470588235294,0.1124891761135002,0.9800788954635108
TX,combined,4.0,weak,304,0.0959722222222222,-0.5396254382806118,0.8335745296671491,0.556636553161918,0.1161547881846796,0.9800919540229884
TX,combined,4.0,weak,305,0.0951388888888888,-0.5276042972262319,0.8233576642335766,0.5515536723163842,0.1172244747379917,0.980235294117647
TX,combined,4.0,weak,306,0.0959722222222222,-0.5311951154213492,0.8437047756874095,0.5433854907539118,0.1071514600090757,0.9867131746031746
TX,combined,4.0,weak,307,0.0965277777777777,-0.5563405829589471,0.8287769784172662,0.5118050266565118,0.1083200135037992,0.9966666666666668
TX,combined,4.0,weak,308,0.0934722222222222,-0.5549457373697262,0.8216939078751857,0.5136399064692128,0.1203084521012709,0.9867441860465116
TX,combined,5.0,weak,301,0.1,-0.5430658921739262,0.8347222222222223,0.5772669220945083,0.1097071921392971,0.9900401606425704
TX,combined,5.0,weak,302,0.0945833333333333,-0.5514493336234427,0.8002936857562408,0.5739130434782609,0.108863213027369,1.0
TX,combined,5.0,weak,303,0.0973611111111111,-0.5470427959755716,0.833095577746077,0.5710560625814863,0.1157710379926266,1.0
TX,combined,5.0,weak,304,0.0988888888888888,-0.5468584815404502,0.8300561797752809,0.5849529780564263,0.1158325296784125,0.9933333333333332
TX,combined,5.0,weak,305,0.0979166666666666,-0.5429895049994805,0.8382978723404255,0.5932098765432099,0.1188560788174707,0.9966666666666668
TX,combined,5.0,weak,306,0.0984722222222222,-0.5478545178710665,0.8307475317348378,0.5661861074705111,0.1084576281036055,1.0
TX,combined,5.0,weak,307,0.0972222222222222,-0.5770542301478788,0.8442857142857143,0.5364806866952789,0.1085905243066432,1.0
TX,combined,5.0,weak,308,0.0965277777777777,-0.5588540630190145,0.8474820143884892,0.5501754385964912,0.1177476460639511,0.9933536585365856
TX,combined,6.0,weak,301,0.1011111111111111,-0.5483783534259891,0.8337912087912088,0.5675675675675675,0.1113673294196291,1.0
TX,combined,6.0,weak,302,0.0955555555555555,-0.5520797384506966,0.7950581395348837,0.561141304347826,0.1108493897490502,1.0
TX,combined,6.0,weak,303,0.0990277777777777,-0.5478613095236181,0.8274894810659187,0.5674267100977198,0.1136828529637316,0.9966666666666668
TX,combined,6.0,weak,304,0.1,-0.5469378543079676,0.8236111111111111,0.5660621761658031,0.1196082009328012,0.9966666666666668
TX,combined,6.0,weak,305,0.0995833333333333,-0.5422621586614969,0.8326359832635983,0.5786481364497789,0.1189284420052775,1.0
TX,combined,6.0,weak,306,0.1005555555555555,-0.545722510822969,0.8383977900552486,0.5597112860892388,0.1116193959277021,1.0
TX,combined,6.0,weak,307,0.0977777777777777,-0.570713394757346,0.8309659090909091,0.5196733481811433,0.109876177640622,1.0
TX,combined,6.0,weak,308,0.0970833333333333,-0.5626688301723867,0.8297567954220315,0.529796511627907,0.118873559060275,1.0
WA,combined,0.0,medium,301,0.0047222222222222,0.0842748606532151,0.2058823529411764,0.1891891891891892,0.2049298640172293,0.1632711329706044
WA,combined,0.0,medium,302,0.0031944444444444,0.1541862522420559,0.0434782608695652,0.05,0.2015801299577254,0.1614362026673199
WA,combined,0.0,medium,303,0.00375,0.0702520496974192,0.0,0.1935483870967742,0.200428185943411,0.1577774984391701
WA,combined,0.0,medium,304,0.0020833333333333,0.0979249063983924,0.2666666666666666,0.1875,0.1977420045573469,0.1735076562348055
WA,combined,0.0,medium,305,0.0038888888888888,0.0912494109351307,0.1071428571428571,0.1612903225806451,0.204991791121177,0.1675580714575018
WA,combined,0.0,medium,306,0.0036111111111111,0.104628614799452,0.1538461538461538,0.2068965517241379,0.2003689172151816,0.1689180696925606
WA,combined,0.0,medium,307,0.0043055555555555,0.087405164906011,0.032258064516129,0.037037037037037,0.2054636170723992,0.1734680565822572
WA,combined,0.0,medium,308,0.0029166666666666,0.1348013457491722,0.0476190476190476,0.1363636363636363,0.2009646397652406,0.1705863512414516
WA,combined,0.5,medium,301,0.0072222222222222,0.0457455632167435,0.2115384615384615,0.25,0.1672649559328871,0.1563586840077201
WA,combined,0.5,medium,302,0.0058333333333333,0.0640226844382932,0.0952380952380952,0.1521739130434782,0.1579295576863873,0.1464087795944504
WA,combined,0.5,medium,303,0.00625,0.0484877700684602,0.0666666666666666,0.196078431372549,0.1599085553803071,0.1614005833031701
WA,combined,0.5,medium,304,0.0059722222222222,0.0726821920897782,0.0930232558139534,0.22,0.1568240873911023,0.1624916845360741
WA,combined,0.5,medium,305,0.0075,0.066325388119226,0.1666666666666666,0.2203389830508474,0.1776235405067456,0.1507370137420058
WA,combined,0.5,medium,306,0.0056944444444444,0.070986074325256,0.1707317073170731,0.1956521739130435,0.1574529107573954,0.1737245372649929
WA,combined,0.5,medium,307,0.0079166666666666,0.0399832609335692,0.087719298245614,0.1587301587301587,0.1558235889368499,0.1630748391297721
WA,combined,0.5,medium,308,0.0072222222222222,0.0652059796477152,0.1153846153846153,0.296875,0.160634349892654,0.1628481609970738
WA,combined,1.0,medium,301,0.0113888888888888,0.0392731703357617,0.2317073170731707,0.3271028037383177,0.1294692296807621,0.1518889857086236
WA,combined,1.0,medium,302,0.0136111111111111,0.0131313137978188,0.2346938775510204,0.2389380530973451,0.1240785861506008,0.1471347878464046
WA,combined,1.0,medium,303,0.0147222222222222,-0.0266167558697883,0.3490566037735849,0.2558139534883721,0.1232462071184817,0.1583722874674042
WA,combined,1.0,medium,304,0.0106944444444444,0.0356207034292426,0.1818181818181818,0.3106796116504854,0.1206036571891421,0.1602490186414531
WA,combined,1.0,medium,305,0.01125,0.0659160983958223,0.2962962962962963,0.3934426229508196,0.1517984294724744,0.1592292040741062
WA,combined,1.0,medium,306,0.0101388888888888,0.0493775575423984,0.1643835616438356,0.3963963963963964,0.1316870612249932,0.1619711467960062
WA,combined,1.0,medium,307,0.0161111111111111,-0.0190622045747932,0.5258620689655172,0.2461538461538461,0.1385502156954026,0.160828920080876
WA,combined,1.0,medium,308,0.0145833333333333,0.0204691085214381,0.4,0.2682926829268293,0.1293865954011186,0.1564401355116872
WA,combined,1.5,medium,301,0.0176388888888888,-0.0033051889301559,0.4173228346456692,0.5,0.1299688723204104,0.1621323150813519
WA,combined,1.5,medium,302,0.0173611111111111,-0.0036342924916302,0.288,0.4978354978354978,0.1109826935182957,0.1548851415825525
WA,combined,1.5,medium,303,0.0205555555555555,-0.0054004210403803,0.3986486486486486,0.4309623430962343,0.119705983370715,0.1655048179570893
WA,combined,1.5,medium,304,0.0175,-0.0106753833146477,0.3174603174603174,0.4476190476190476,0.1102001657430696,0.160955502162372
WA,combined,1.5,medium,305,0.0179166666666666,0.0255655667727996,0.3410852713178294,0.5065502183406113,0.1457694037515344,0.1628504055616791
WA,combined,1.5,medium,306,0.0177777777777777,-0.0097883781335752,0.390625,0.5022026431718062,0.1126241708838659,0.1622204706581874
WA,combined,1.5,medium,307,0.0191666666666666,-0.0131174505994447,0.2898550724637681,0.4405286343612334,0.112583182909414,0.1673939876817984
WA,combined,1.5,medium,308,0.02125,-0.0117029347619496,0.4117647058823529,0.4120171673819742,0.1189238376476263,0.157541980026862
WA,combined,2.0,medium,301,0.0268055555555555,-0.0285413284546767,0.5181347150259067,0.6129753914988815,0.1302465958721177,0.1897990295332345
WA,combined,2.0,medium,302,0.0311111111111111,-0.0709054483476828,0.5267857142857143,0.602,0.1221234331522159,0.1893125878987741
WA,combined,2.0,medium,303,0.0306944444444444,-0.0488061341276676,0.5067873303167421,0.5899581589958159,0.115219252990519,0.1851562816770501
WA,combined,2.0,medium,304,0.0283333333333333,-0.0514349962516863,0.5490196078431373,0.6017699115044248,0.1059452983098488,0.191017172599024
WA,combined,2.0,medium,305,0.0306944444444444,-0.0499380375663135,0.5158371040723982,0.59026369168357,0.1424611154982184,0.1873860724717257
WA,combined,2.0,medium,306,0.0236111111111111,-0.0084791968775173,0.3529411764705882,0.639080459770115,0.1100630292454151,0.1660862350860762
WA,combined,2.0,medium,307,0.0331944444444444,-0.0986936232861833,0.5271966527196653,0.5443037974683544,0.1196346713347746,0.2065045299702511
WA,combined,2.0,medium,308,0.0311111111111111,-0.0766813073840639,0.5625,0.5720620842572062,0.1234133804301828,0.1940119852422552
WA,combined,2.5,medium,301,0.0384722222222222,-0.0929223827478471,0.5992779783393501,0.7066974595842956,0.1172631685163518,0.2312620987943453
WA,combined,2.5,medium,302,0.0455555555555555,-0.14576155045755,0.649390243902439,0.6794871794871795,0.1138935763206803,0.2826446622481432
WA,combined,2.5,medium,303,0.0481944444444444,-0.1523030316664331,0.6887608069164265,0.6622662266226622,0.1134731025926278,0.3020448382588128
WA,combined,2.5,medium,304,0.0377777777777777,-0.0918941997601857,0.5882352941176471,0.7093301435406698,0.1133617143275174,0.2291417873298379
WA,combined,2.5,medium,305,0.0441666666666666,-0.1152226533556685,0.610062893081761,0.694006309148265,0.1361431002110865,0.2679900718418999
WA,combined,2.5,medium,306,0.0304166666666666,-0.0637507510156387,0.6073059360730594,0.7536585365853659,0.1194078040026144,0.1872394511231199
WA,combined,2.5,medium,307,0.0440277777777777,-0.1338302986578056,0.6309148264984227,0.676605504587156,0.1195920987850537,0.2748927350592885
WA,combined,2.5,medium,308,0.0443055555555555,-0.1287579874095786,0.6206896551724138,0.6547192353643967,0.124733208898455,0.2698363999356507
WA,combined,3.0,medium,301,0.0554166666666666,-0.171918695292816,0.7443609022556391,0.7568493150684932,0.1156574466033418,0.3552619374861202
WA,combined,3.0,medium,302,0.0654166666666666,-0.250033092889339,0.8004246284501062,0.7258687258687259,0.1177504464277185,0.5031571294236732
WA,combined,3.0,medium,303,0.0640277777777777,-0.229831777887609,0.7245119305856833,0.7198417930125247,0.1147583427647661,0.4907531393619465
WA,combined,3.0,medium,304,0.0530555555555555,-0.1629512900364446,0.6675392670157068,0.7539410555174777,0.1135047070013701,0.3471350634687116
WA,combined,3.0,medium,305,0.0629166666666666,-0.2204231369546383,0.7483443708609272,0.729099157485418,0.1282784928498238,0.4427296057524058
WA,combined,3.0,medium,306,0.0490277777777777,-0.1392452651708548,0.7082152974504249,0.779532967032967,0.1192552319701166,0.2965588182983044
WA,combined,3.0,medium,307,0.0665277777777777,-0.2510730952816492,0.755741127348643,0.7121820615796519,0.1159326935859437,0.5111327055530865
WA,combined,3.0,medium,308,0.0608333333333333,-0.1975093382557631,0.7146118721461188,0.7145877378435518,0.130301450292684,0.4093315330320228
WA,combined,3.5,medium,301,0.0743055555555555,-0.2482497766401551,0.7962616822429907,0.7802649611694837,0.1204085444606679,0.5927745954041448
WA,combined,3.5,medium,302,0.0786111111111111,-0.2904859273477304,0.7915194346289752,0.7716049382716049,0.1186813183645543,0.6822234062229801
WA,combined,3.5,medium,303,0.0897222222222222,-0.3457848032509211,0.846749226006192,0.7199248120300752,0.1156443356073034,0.87144725078246
WA,combined,3.5,medium,304,0.075,-0.2679665716550407,0.7796296296296297,0.7764116575591985,0.1084282224103936,0.6085849837690513
WA,combined,3.5,medium,305,0.0868055555555555,-0.3197880616543104,0.848,0.7387551113130395,0.12420440469346,0.7660345818458849
WA,combined,3.5,medium,306,0.0680555555555555,-0.2171787885904029,0.789795918367347,0.804155614500442,0.1186821867551429,0.4975088139692643
WA,combined,3.5,medium,307,0.0809722222222222,-0.3026196120543777,0.8147512864493996,0.7523191094619666,0.1176681090080989,0.6967682384116795
WA,combined,3.5,medium,308,0.0872222222222222,-0.3297820420099495,0.8535031847133758,0.7308420056764428,0.1235997360594437,0.7835572112356358
WA,combined,4.0,medium,301,0.0930555555555555,-0.3384193166689214,0.8432835820895522,0.7827169274537695,0.1231129764138345,0.9059056677074484
WA,combined,4.0,medium,302,0.0969444444444444,-0.3743785857415661,0.8553008595988538,0.7723261560183551,0.1181815301939955,0.9734508657264076
WA,combined,4.0,medium,303,0.0984722222222222,-0.3874942890918674,0.8617771509167842,0.7446560435289545,0.1171272217077211,0.9900271002710028
WA,combined,4.0,medium,304,0.0936111111111111,-0.353487729148294,0.8160237388724035,0.7762589928057554,0.1144168255213905,0.95074641648918
WA,combined,4.0,medium,305,0.0990277777777777,-0.3736072637284983,0.8681626928471248,0.7542468856172141,0.1292279853181449,0.9738039215686274
WA,combined,4.0,medium,306,0.0926388888888889,-0.3444977608922452,0.8425787106446777,0.7859380438565959,0.1141520494237192,0.8968397623989404
WA,combined,4.0,medium,307,0.0966666666666666,-0.3699019212357246,0.8333333333333334,0.7591543978859947,0.1102383764232746,0.9572830836116702
WA,combined,4.0,medium,308,0.0981944444444444,-0.3761375070314819,0.867043847241867,0.754234098607452,0.125778401031095,0.960325972237508
WA,combined,5.0,medium,301,0.1043055555555555,-0.3958446517866296,0.8748335552596538,0.7882786130714943,0.1225079598567643,0.9933333333333332
WA,combined,5.0,medium,302,0.1018055555555555,-0.4060063829669944,0.859481582537517,0.7788649706457925,0.1140581939109705,1.0
WA,combined,5.0,medium,303,0.1034722222222222,-0.4077272428015591,0.8738255033557047,0.7726063829787234,0.1112603786397639,0.9966666666666668
WA,combined,5.0,medium,304,0.10125,-0.3894109364727267,0.8765432098765432,0.7992266508030934,0.1092586555034889,0.9966666666666668
WA,combined,5.0,medium,305,0.1033333333333333,-0.404073723344997,0.8709677419354839,0.7719471947194719,0.127128945370936,1.0
WA,combined,5.0,medium,306,0.1038888888888888,-0.3798646830391781,0.8836898395721925,0.8073471676948962,0.1163366277076095,0.9966666666666668
WA,combined,5.0,medium,307,0.1029166666666666,-0.4252191520086488,0.8677462887989204,0.7741617357001972,0.1166005206846808,1.0
WA,combined,5.0,medium,308,0.1048611111111111,-0.4176510722353416,0.8860927152317881,0.7674341007674341,0.1223279813808203,1.0
WA,combined,6.0,medium,301,0.1075,-0.4116861583835309,0.8708010335917312,0.7787312289304321,0.115274272288926,1.0
WA,combined,6.0,medium,302,0.1044444444444444,-0.4269744444200177,0.863031914893617,0.7688031393067364,0.1176546335941644,1.0
WA,combined,6.0,medium,303,0.1073611111111111,-0.4292605922135342,0.8771021992238034,0.7598650927487353,0.1147900075220849,1.0
WA,combined,6.0,medium,304,0.105,-0.4100794933667717,0.873015873015873,0.7858888210140501,0.1129777152663032,0.9966666666666668
WA,combined,6.0,medium,305,0.1069444444444444,-0.4209857730008567,0.8831168831168831,0.7680077871512005,0.1327362429046058,1.0
WA,combined,6.0,medium,306,0.1076388888888889,-0.410812090227762,0.8877419354838709,0.7914235705950992,0.1095334793531119,1.0
WA,combined,6.0,medium,307,0.1073611111111111,-0.4327151172184423,0.8706338939197931,0.764163372859025,0.1085467796710572,1.0
WA,combined,6.0,medium,308,0.1059722222222222,-0.4338578058562291,0.8558322411533421,0.763,0.1250100278747097,1.0
WA,combined,0.0,strong,301,0.00375,0.0610977590923517,0.0,0.0714285714285714,0.2110581797090772,0.1725598670292046
WA,combined,0.0,strong,302,0.0029166666666666,0.1231885332839273,0.0476190476190476,0.0869565217391304,0.2034742572788623,0.1673840470317662
WA,combined,0.0,strong,303,0.0026388888888888,0.0777499051404316,0.0,0.1052631578947368,0.1981065638775594,0.1768251386000996
WA,combined,0.0,strong,304,0.0025,0.0559914656414228,0.0555555555555555,0.0588235294117647,0.199807689616355,0.1814886601821332
WA,combined,0.0,strong,305,0.0040277777777777,0.0698142265014825,0.1034482758620689,0.1290322580645161,0.2059611411509014,0.1835660242465212
WA,combined,0.0,strong,306,0.0026388888888888,0.0836685338624238,0.0526315789473684,0.15,0.204056328728213,0.1792597167777375
WA,combined,0.0,strong,307,0.0048611111111111,0.087687073116571,0.1428571428571428,0.0,0.2045383836879156,0.1701960630884791
WA,combined,0.0,strong,308,0.0036111111111111,0.104792572041328,0.0,0.16,0.1990687202159881,0.168036304655909
WA,combined,0.5,strong,301,0.0063888888888888,0.0700313883052271,0.108695652173913,0.3050847457627119,0.1612392565308882,0.1656901644214153
WA,combined,0.5,strong,302,0.0072222222222222,0.0802865188728924,0.0769230769230769,0.1206896551724138,0.156821714519933,0.1528921707170945
WA,combined,0.5,strong,303,0.0077777777777777,-0.0098089812215942,0.3571428571428571,0.2131147540983606,0.1538792645270279,0.1597203956357292
WA,combined,0.5,strong,304,0.0061111111111111,0.0779818693922813,0.0909090909090909,0.2083333333333333,0.1572207679578098,0.1693662564556372
WA,combined,0.5,strong,305,0.0070833333333333,0.0412021337313779,0.1764705882352941,0.2105263157894736,0.1683418142164965,0.179316233053684
WA,combined,0.5,strong,306,0.0063888888888888,0.1043322099019877,0.1521739130434782,0.2037037037037037,0.1561672243234162,0.1602965108147618
WA,combined,0.5,strong,307,0.0073611111111111,0.0198896846819735,0.0754716981132075,0.1228070175438596,0.161672783596594,0.1668622976066618
WA,combined,0.5,strong,308,0.0080555555555555,0.0394897688789045,0.2068965517241379,0.203125,0.1604398047360601,0.1691283893238077
WA,combined,1.0,strong,301,0.0133333333333333,0.0233401476506271,0.2708333333333333,0.366412213740458,0.1319965854977453,0.152124463398115
WA,combined,1.0,strong,302,0.0133333333333333,-0.0056708991038634,0.3020833333333333,0.2983870967741935,0.1276268596781377,0.1506613035109317
WA,combined,1.0,strong,303,0.0155555555555555,0.0131770351513832,0.3303571428571428,0.2857142857142857,0.1337329102967244,0.1656447645316659
WA,combined,1.0,strong,304,0.0106944444444444,0.0431349661037239,0.1818181818181818,0.3398058252427184,0.1235153434201466,0.1583837518417676
WA,combined,1.0,strong,305,0.0119444444444444,0.0359071590443898,0.313953488372093,0.4015748031496063,0.1488881976813256,0.1570637336766062
WA,combined,1.0,strong,306,0.0120833333333333,0.0541351598052465,0.1954022988505747,0.3739837398373983,0.1335629579095329,0.1552589217220776
WA,combined,1.0,strong,307,0.0131944444444444,0.0142868767678763,0.2947368421052631,0.3089430894308943,0.1282812084104584,0.1630863886040521
WA,combined,1.0,strong,308,0.0123611111111111,0.0410057252922162,0.3146067415730337,0.3389830508474576,0.1342322895083166,0.1517256752024426
WA,combined,1.5,strong,301,0.0172222222222222,0.0208946811015311,0.4193548387096774,0.5443037974683544,0.136733669952707,0.1561287411286334
WA,combined,1.5,strong,302,0.0191666666666666,-0.0391673889923731,0.3695652173913043,0.4940239043824701,0.1055467851179005,0.1557808689978803
WA,combined,1.5,strong,303,0.0238888888888888,-0.0471230722288792,0.4825581395348837,0.4452554744525547,0.1168461501925202,0.1797502012993882
WA,combined,1.5,strong,304,0.0161111111111111,-0.0056360781361939,0.3275862068965517,0.4908256880733945,0.1170901938546568,0.1662913280161792
WA,combined,1.5,strong,305,0.0201388888888888,-0.0145159105442116,0.3793103448275862,0.4883720930232558,0.1461522920689118,0.1664587594348285
WA,combined,1.5,strong,306,0.0156944444444444,0.0266767851043636,0.3716814159292035,0.5431034482758621,0.1179530446396289,0.156404955302041
WA,combined,1.5,strong,307,0.0241666666666666,-0.0616734913715836,0.4310344827586206,0.44,0.1158664810983935,0.1823551247182221
WA,combined,1.5,strong,308,0.0209722222222222,-0.0139777646287013,0.390728476821192,0.432,0.1289390994284624,0.1675219301596358
WA,combined,2.0,strong,301,0.0279166666666666,-0.065079516049665,0.5422885572139303,0.6463414634146342,0.1231293042179381,0.1916440643388683
WA,combined,2.0,strong,302,0.0302777777777777,-0.0773583304859998,0.5275229357798165,0.6199616122840691,0.1220079015149945,0.1983073811916104
WA,combined,2.0,strong,303,0.0330555555555555,-0.0926389296959448,0.5378151260504201,0.5936920222634509,0.1150855312729824,0.2098958727162353
WA,combined,2.0,strong,304,0.0266666666666666,-0.039350390787445,0.46875,0.643298969072165,0.1043451130363374,0.1856973812714208
WA,combined,2.0,strong,305,0.03,-0.0525147533534438,0.5787037037037037,0.6594982078853047,0.1357959080121496,0.1851294749317587
WA,combined,2.0,strong,306,0.0256944444444444,-0.0251167671393852,0.5513513513513514,0.6693877551020408,0.118095466696737,0.1761281421163593
WA,combined,2.0,strong,307,0.0319444444444444,-0.087451026662703,0.5173913043478261,0.5895953757225434,0.1144627506465836,0.2174259007077837
WA,combined,2.0,strong,308,0.0327777777777777,-0.0795500398664704,0.4957627118644068,0.574,0.129412303528154,0.199688989769684
WA,combined,2.5,strong,301,0.0394444444444444,-0.1028252109249608,0.6056338028169014,0.7232049947970863,0.1252913489433035,0.2403876013802733
WA,combined,2.5,strong,302,0.0443055555555555,-0.146150384098249,0.6833855799373041,0.7212178877259753,0.1154352396069424,0.2893241193375546
WA,combined,2.5,strong,303,0.0459722222222222,-0.1452022893985284,0.6586102719033232,0.7072691552062869,0.1114368045188477,0.3000816474946113
WA,combined,2.5,strong,304,0.03875,-0.1056636495694406,0.6057347670250897,0.7171270718232045,0.1087251137335438,0.2442817977667913
WA,combined,2.5,strong,305,0.0427777777777777,-0.1292229228730033,0.6525974025974026,0.7215686274509804,0.1430244551702346,0.2668935995307345
WA,combined,2.5,strong,306,0.0323611111111111,-0.071760353189253,0.5708154506437768,0.7664804469273743,0.1133397217855376,0.1978123795575596
WA,combined,2.5,strong,307,0.0463888888888888,-0.1615842455172365,0.6706586826347305,0.7138755980861244,0.1189111686843092,0.2973021754130628
WA,combined,2.5,strong,308,0.0402777777777777,-0.108650727386336,0.593103448275862,0.7237394957983193,0.1242881758835833,0.2325272461407472
WA,combined,3.0,strong,301,0.0515277777777777,-0.1405632498843696,0.692722371967655,0.7955367913148371,0.1181674532968856,0.3162499096289728
WA,combined,3.0,strong,302,0.0611111111111111,-0.2120687711789866,0.7295454545454545,0.7625649913344887,0.1203542121620453,0.446916472154932
WA,combined,3.0,strong,303,0.0686111111111111,-0.2435067704561976,0.7692307692307693,0.7380675203725262,0.1030902371842397,0.5316961099766897
WA,combined,3.0,strong,304,0.0568055555555555,-0.1898168386177508,0.7799511002444988,0.7728380024360536,0.1035477015807295,0.3960288504249213
WA,combined,3.0,strong,305,0.0615277777777777,-0.1976448537407878,0.7900677200902935,0.7614788312462731,0.1314727034981411,0.4127222704037845
WA,combined,3.0,strong,306,0.05,-0.1513249398671285,0.6888888888888889,0.7946650124069479,0.1187471683924379,0.3119575814663697
WA,combined,3.0,strong,307,0.0633333333333333,-0.2424890883938929,0.7390350877192983,0.7507489514679448,0.1244304796971886,0.4778719573574507
WA,combined,3.0,strong,308,0.0633333333333333,-0.2045025387148948,0.7412280701754386,0.753562945368171,0.1235653356046026,0.4222229013577417
WA,combined,3.5,strong,301,0.0759722222222222,-0.2595011352990253,0.7915904936014625,0.7932471863276365,0.1154237211289083,0.6303663684617744
WA,combined,3.5,strong,302,0.0877777777777777,-0.3340690824774528,0.8481012658227848,0.757537688442211,0.1137163298647904,0.8416590661770302
WA,combined,3.5,strong,303,0.0852777777777777,-0.3326811404768313,0.8224755700325733,0.7654628476546285,0.1096550374716703,0.8112492151294671
WA,combined,3.5,strong,304,0.0756944444444444,-0.2757206167054071,0.8165137614678899,0.7842127842127842,0.1102398970533488,0.6575200404600859
WA,combined,3.5,strong,305,0.0845833333333333,-0.3147669975160383,0.8160919540229885,0.7738095238095238,0.1366858347132376,0.7628907392077705
WA,combined,3.5,strong,306,0.07,-0.2330912832305007,0.8174603174603174,0.8195337620578779,0.1162580007487623,0.5048057972833201
WA,combined,3.5,strong,307,0.08375,-0.3270141362133767,0.8524046434494196,0.7569597878921785,0.1168373553503638,0.791450293180031
WA,combined,3.5,strong,308,0.0868055555555555,-0.3284280614775876,0.8432,0.7463608292898103,0.1279859596816401,0.7872321384225807
WA,combined,4.0,strong,301,0.0976388888888888,-0.3597143234224874,0.8435277382645804,0.780388151174668,0.1157300841656768,0.96347278841748
WA,combined,4.0,strong,302,0.09625,-0.3886549592106254,0.8542568542568543,0.7752808988764045,0.1172981553318043,0.9933333333333332
WA,combined,4.0,strong,303,0.0980555555555555,-0.3787841467570363,0.8640226628895185,0.7661174785100286,0.1162487070315077,0.980019723865878
WA,combined,4.0,strong,304,0.0916666666666666,-0.3501912526164235,0.8560606060606061,0.7965367965367965,0.1126630387278127,0.9036634080667408
WA,combined,4.0,strong,305,0.0993055555555555,-0.3781622149921961,0.8531468531468531,0.7661319073083779,0.1377504163504148,0.9834901960784316
WA,combined,4.0,strong,306,0.0875,-0.3045124725601598,0.8333333333333334,0.8162283515073765,0.1131730382679113,0.7735629067225112
WA,combined,4.0,strong,307,0.0975,-0.3873707689079257,0.8846153846153846,0.7683757619218358,0.1242937736132049,0.9866908212560386
WA,combined,4.0,strong,308,0.1,-0.374392045102163,0.8569444444444444,0.7690960056061668,0.1250582265686832,0.9702293413805316
WA,combined,5.0,strong,301,0.1026388888888888,-0.4011555264985459,0.871447902571042,0.7908476658476659,0.1226707927579513,1.0
WA,combined,5.0,strong,302,0.10125,-0.416810433008339,0.8641975308641975,0.7775590551181102,0.1092128803311726,0.9966666666666668
WA,combined,5.0,strong,303,0.1029166666666666,-0.4071204416822223,0.8744939271255061,0.773288814691152,0.1067966915572013,0.9966666666666668
WA,combined,5.0,strong,304,0.1025,-0.3918648234758838,0.8726287262872628,0.8005865102639296,0.107241508769733,1.0
WA,combined,5.0,strong,305,0.1055555555555555,-0.3963491226258788,0.8763157894736842,0.7808304714330315,0.1341759416718993,1.0
WA,combined,5.0,strong,306,0.1034722222222222,-0.3856504727796122,0.8966442953020134,0.8081118881118882,0.1214839649132561,1.0
WA,combined,5.0,strong,307,0.1040277777777777,-0.4149921230296207,0.8664886515353805,0.7760416666666666,0.1137525953017389,1.0
WA,combined,5.0,strong,308,0.1045833333333333,-0.4173547357427992,0.8831341301460823,0.7746249184605349,0.1229250765526347,0.9966666666666668
WA,combined,6.0,strong,301,0.1090277777777777,-0.4109349349090549,0.8598726114649682,0.7806646525679758,0.122202524291653,1.0
WA,combined,6.0,strong,302,0.1041666666666666,-0.4330299712119684,0.86,0.7698621142481944,0.1172942987734959,1.0
WA,combined,6.0,strong,303,0.1070833333333333,-0.43525925672449,0.8910505836575876,0.7585390598579641,0.1141428910783931,0.9966666666666668
WA,combined,6.0,strong,304,0.1056944444444444,-0.4226924663194789,0.8817345597897503,0.7826893353941268,0.1164469575754946,1.0
WA,combined,6.0,strong,305,0.1080555555555555,-0.4369027696856636,0.8868894601542416,0.7587837837837837,0.1310021649845395,1.0
WA,combined,6.0,strong,306,0.1052777777777777,-0.4135972449518075,0.8759894459102903,0.792679355783309,0.112777728596005,1.0
WA,combined,6.0,strong,307,0.1065277777777777,-0.4340083460664788,0.8722294654498044,0.7646668876367252,0.1127502510578614,1.0
WA,combined,6.0,strong,308,0.1066666666666666,-0.4257360577414144,0.8580729166666666,0.7681300813008131,0.1252599654524472,1.0
WA,combined,0.0,weak,301,0.0047222222222222,0.1089212247753419,0.0,0.1212121212121212,0.2044782487797193,0.1628372620464315
WA,combined,0.0,weak,302,0.0031944444444444,0.0563041828881378,0.0434782608695652,0.0869565217391304,0.1972038616150947,0.1605492432701466
WA,combined,0.0,weak,303,0.0025,0.0752573068659186,0.0,0.1052631578947368,0.2007969515419206,0.1662823886908301
WA,combined,0.0,weak,304,0.0030555555555555,0.0947190991125013,0.0454545454545454,0.1818181818181818,0.1985571283146612,0.1711129056097104
WA,combined,0.0,weak,305,0.0044444444444444,0.1240900437629362,0.1875,0.064516129032258,0.2010763676179562,0.1613606293615909
WA,combined,0.0,weak,306,0.0031944444444444,0.0972640998149946,0.0,0.1481481481481481,0.1991731909741655,0.1582785889172911
WA,combined,0.0,weak,307,0.0044444444444444,0.0366978411269747,0.0625,0.064516129032258,0.2038681742737399,0.1579175901693262
WA,combined,0.0,weak,308,0.0038888888888888,0.0742642023392061,0.0714285714285714,0.1935483870967742,0.2027552373237358,0.1592564939051579
WA,combined,0.5,weak,301,0.0070833333333333,0.0585461312427767,0.1176470588235294,0.2131147540983606,0.1619164099430742,0.1637804313826081
WA,combined,0.5,weak,302,0.00625,0.074117467797383,0.1333333333333333,0.196078431372549,0.1597393085224114,0.1431437253190478
WA,combined,0.5,weak,303,0.0068055555555555,0.0682325639277806,0.0612244897959183,0.1346153846153846,0.1576134441188565,0.153407950627127
WA,combined,0.5,weak,304,0.0066666666666666,0.1018708886033955,0.1041666666666666,0.1923076923076923,0.1584193121200763,0.1504032154411246
WA,combined,0.5,weak,305,0.0061111111111111,0.0435852323172982,0.1590909090909091,0.2982456140350877,0.1712666339158626,0.1584816037625701
WA,combined,0.5,weak,306,0.0055555555555555,0.1069792082854926,0.025,0.2962962962962963,0.165173158478112,0.1607316837168141
WA,combined,0.5,weak,307,0.0081944444444444,0.0704222932374646,0.135593220338983,0.2272727272727272,0.1645110821204836,0.1587185004712749
WA,combined,0.5,weak,308,0.0068055555555555,0.0672839541110113,0.1632653061224489,0.2,0.1583905341003935,0.1596115730274273
WA,combined,1.0,weak,301,0.0122222222222222,0.0452659525450633,0.2159090909090909,0.3445378151260504,0.1374084930109529,0.1573908169516775
WA,combined,1.0,weak,302,0.0119444444444444,0.0313366396130754,0.2093023255813953,0.3245614035087719,0.1272210157002294,0.144993751064387
WA,combined,1.0,weak,303,0.0129166666666666,0.0135779136903071,0.2365591397849462,0.2583333333333333,0.1318120075316735,0.1572225917500572
WA,combined,1.0,weak,304,0.0119444444444444,0.0436437150872569,0.1860465116279069,0.3009708737864077,0.116930865008315,0.1509035394717627
WA,combined,1.0,weak,305,0.0115277777777777,0.0659841660197395,0.2891566265060241,0.3504273504273504,0.1602318777612766,0.1508649108913317
WA,combined,1.0,weak,306,0.01,0.0794115639311439,0.1666666666666666,0.3653846153846153,0.1285957575168147,0.1603113407471958
WA,combined,1.0,weak,307,0.0127777777777777,0.0241081857991263,0.2391304347826087,0.2586206896551724,0.126253855801019,0.1500353164115497
WA,combined,1.0,weak,308,0.0120833333333333,0.0314537631711536,0.2183908045977011,0.2897196261682243,0.1280498975033914,0.1504183700710921
WA,combined,1.5,weak,301,0.0161111111111111,0.0285962931841402,0.25,0.5114155251141552,0.1261628163145278,0.157986407175325
WA,combined,1.5,weak,302,0.0190277777777777,-0.0125345491696624,0.2992700729927007,0.4622222222222222,0.1185542793180503,0.1572578596588691
WA,combined,1.5,weak,303,0.0211111111111111,-0.0069819809579894,0.3684210526315789,0.4137931034482758,0.1184977507436102,0.1689228713916247
WA,combined,1.5,weak,304,0.0194444444444444,-0.009540848584621,0.3571428571428571,0.4187192118226601,0.1147598218331793,0.1701482940715485
WA,combined,1.5,weak,305,0.0170833333333333,0.0258632149262074,0.3495934959349593,0.5238095238095238,0.1510326001842452,0.1552010719055616
WA,combined,1.5,weak,306,0.0155555555555555,0.0315782920987387,0.3035714285714285,0.482233502538071,0.1167849453372247,0.1511592485884699
WA,combined,1.5,weak,307,0.0195833333333333,-0.0091231877611612,0.425531914893617,0.4343891402714932,0.1142375323801256,0.1622140813423805
WA,combined,1.5,weak,308,0.0201388888888888,0.0108334655994113,0.3103448275862069,0.4078947368421052,0.119626298693817,0.1561024672811878
WA,combined,2.0,weak,301,0.0254166666666666,-0.0168229432138395,0.4043715846994535,0.6220657276995305,0.1162504121631993,0.1725526621439728
WA,combined,2.0,weak,302,0.0286111111111111,-0.0628378408049449,0.5728155339805825,0.571753986332574,0.1199496796895121,0.1800059587367976
WA,combined,2.0,weak,303,0.0290277777777777,-0.035829940939668,0.507177033492823,0.5645161290322581,0.124437013302314,0.1840708599529637
WA,combined,2.0,weak,304,0.0269444444444444,-0.047241787124982,0.5051546391752577,0.6004672897196262,0.1118791627373269,0.1824143649832514
WA,combined,2.0,weak,305,0.0290277777777777,-0.0492101485090618,0.5358851674641149,0.5730593607305936,0.140199171402773,0.1820763677779306
WA,combined,2.0,weak,306,0.0243055555555555,-0.0009737886137312,0.4342857142857143,0.6359102244389028,0.1208941402883178,0.1542882154689625
WA,combined,2.0,weak,307,0.0333333333333333,-0.0762114467002031,0.55,0.5023474178403756,0.1206752655956617,0.204680637174272
WA,combined,2.0,weak,308,0.0286111111111111,-0.0511419994663388,0.5242718446601942,0.5523809523809524,0.1264651004341093,0.1724548807766691
WA,combined,2.5,weak,301,0.0369444444444444,-0.0703501593744805,0.5639097744360902,0.6920152091254753,0.1290503204622954,0.2246759059169
WA,combined,2.5,weak,302,0.0391666666666666,-0.1093949479990383,0.5851063829787234,0.6847290640394089,0.1155182442918022,0.2302699434804563
WA,combined,2.5,weak,303,0.0451388888888888,-0.1487610035368301,0.683076923076923,0.6313823163138231,0.1171352476621421,0.2815632721648383
WA,combined,2.5,weak,304,0.0377777777777777,-0.053478273735088,0.5330882352941176,0.6875,0.1011063934965593,0.2228007663497362
WA,combined,2.5,weak,305,0.0436111111111111,-0.1269569932171085,0.6337579617834395,0.6581818181818182,0.1437533418921839,0.2517860753601644
WA,combined,2.5,weak,306,0.0325,-0.0303412838690062,0.4829059829059829,0.7220026350461133,0.1173384314630725,0.1875519320448671
WA,combined,2.5,weak,307,0.0431944444444444,-0.1379649809778919,0.6141479099678456,0.6344647519582245,0.1263183949297821,0.2758769924768136
WA,combined,2.5,weak,308,0.0413888888888888,-0.1018184497578847,0.6040268456375839,0.6251728907330567,0.1244260736865906,0.2548780279717165
WA,combined,3.0,weak,301,0.0541666666666666,-0.1618813509288071,0.717948717948718,0.7269200930954228,0.1242419427585585,0.3445142469632311
WA,combined,3.0,weak,302,0.0618055555555555,-0.2233329536500635,0.7235955056179775,0.6992592592592592,0.1190370152408922,0.4686372926899101
WA,combined,3.0,weak,303,0.0638888888888888,-0.2280371638485343,0.7695652173913043,0.6953937592867756,0.1186930304526544,0.4744288872062194
WA,combined,3.0,weak,304,0.05375,-0.1601285834606524,0.7209302325581395,0.73896499238965,0.1090997299261037,0.3461086282503996
WA,combined,3.0,weak,305,0.06,-0.1891120790590001,0.7291666666666666,0.7192224622030238,0.130858686711503,0.392530269434432
WA,combined,3.0,weak,306,0.0476388888888888,-0.115711650333215,0.641399416909621,0.7607692307692308,0.1118551695562519,0.2858487450461512
WA,combined,3.0,weak,307,0.0588888888888888,-0.2006511331429902,0.7216981132075472,0.7057915057915058,0.1201649188917794,0.4040320692287354
WA,combined,3.0,weak,308,0.0586111111111111,-0.1953945024485962,0.7298578199052133,0.70234375,0.1250315474201523,0.3935756411134675
WA,combined,3.5,weak,301,0.0718055555555555,-0.2406045991064308,0.793036750483559,0.7697176241480039,0.1192834587404568,0.566879599280932
WA,combined,3.5,weak,302,0.0811111111111111,-0.3007062638070911,0.8133561643835616,0.7236976506639428,0.1207922195979232,0.7436790809579952
WA,combined,3.5,weak,303,0.0834722222222222,-0.316977087347822,0.8136439267886856,0.7101147028154328,0.1113248295281227,0.7613533889692564
WA,combined,3.5,weak,304,0.0722222222222222,-0.2494442756139934,0.8038461538461539,0.7652605459057072,0.1031310590797616,0.565111009653457
WA,combined,3.5,weak,305,0.0840277777777777,-0.3025017034875407,0.8363636363636363,0.7228177641653905,0.1330906102011082,0.7211676403961998
WA,combined,3.5,weak,306,0.0609722222222222,-0.177719377597871,0.7608200455580866,0.812618595825427,0.116554045536442,0.3981960290880506
WA,combined,3.5,weak,307,0.0809722222222222,-0.309295481310076,0.7941680960548885,0.7164811870694223,0.1109549863551241,0.7342578673311065
WA,combined,3.5,weak,308,0.0781944444444444,-0.2807020574487107,0.8063943161634103,0.7311492459698388,0.1212278965005025,0.6525857578177707
WA,combined,4.0,weak,301,0.0940277777777777,-0.3352997579202669,0.8478581979320532,0.7639419404125286,0.1210840300155675,0.8686395111566347
WA,combined,4.0,weak,302,0.0936111111111111,-0.3567775797416397,0.8234421364985163,0.7630582891748675,0.1225212031613996,0.9278653540583316
WA,combined,4.0,weak,303,0.0952777777777777,-0.3834612657597094,0.8673469387755102,0.7380655873806559,0.1146183410868998,0.9472125225674012
WA,combined,4.0,weak,304,0.0930555555555555,-0.3419132773039656,0.8552238805970149,0.7733383121732637,0.1164740574665986,0.8754721841932632
WA,combined,4.0,weak,305,0.0965277777777777,-0.3634304152095327,0.8446043165467626,0.7478397486252946,0.1331546140354111,0.9473214312302564
WA,combined,4.0,weak,306,0.0908333333333333,-0.3220355730336637,0.8425076452599388,0.7862266857962698,0.1070689212597586,0.8166349842166
WA,combined,4.0,weak,307,0.0952777777777777,-0.3716389109301307,0.8440233236151603,0.7495029821073559,0.1112198849618782,0.9475179030769092
WA,combined,4.0,weak,308,0.0977777777777777,-0.3826240126713563,0.8806818181818182,0.736734693877551,0.1195119608898279,0.9539717435109848
WA,combined,5.0,weak,301,0.1022222222222222,-0.3986155693647984,0.875,0.7839370078740158,0.1190620301597774,0.9866666666666668
WA,combined,5.0,weak,302,0.0998611111111111,-0.4035385009231924,0.8609179415855355,0.7798948751642576,0.1149942540903009,0.9866666666666668
WA,combined,5.0,weak,303,0.1025,-0.4095378170410949,0.8726287262872628,0.7692568713946386,0.1179460071787734,1.0
WA,combined,5.0,weak,304,0.1004166666666666,-0.3946861111254439,0.8589211618257261,0.7946674839105118,0.1125520298407757,0.9966666666666668
WA,combined,5.0,weak,305,0.1038888888888888,-0.4051464656757207,0.8622994652406417,0.7713242615333554,0.1350451159534924,0.9866925064599484
WA,combined,5.0,weak,306,0.1029166666666666,-0.3489627749492487,0.8609986504723347,0.8166219839142091,0.1143608716608285,0.99
WA,combined,5.0,weak,307,0.1041666666666666,-0.4043084063054197,0.8706666666666667,0.7760314341846758,0.1134301444764021,0.9966666666666668
WA,combined,5.0,weak,308,0.1036111111111111,-0.4167274182342044,0.8739946380697051,0.7621658670322139,0.1211761372741462,0.9867123287671232
WA,combined,6.0,weak,301,0.1070833333333333,-0.4118948577305205,0.8625162127107653,0.7793167128347184,0.1244445025321547,1.0
WA,combined,6.0,weak,302,0.1047222222222222,-0.4249276399183033,0.8594164456233422,0.7685704853086828,0.1173247813805767,1.0
WA,combined,6.0,weak,303,0.1075,-0.4260745844090241,0.8798449612403101,0.761968085106383,0.1125121722972577,1.0
WA,combined,6.0,weak,304,0.1051388888888888,-0.4149855160183454,0.8877146631439894,0.7841328413284133,0.1093119443008836,0.9966666666666668
WA,combined,6.0,weak,305,0.1081944444444444,-0.4265961581050777,0.865211810012837,0.7624750499001997,0.1261541675859415,1.0
WA,combined,6.0,weak,306,0.1077777777777777,-0.403512032267749,0.8994845360824743,0.7913858775271022,0.1168055455075773,0.9966666666666668
WA,combined,6.0,weak,307,0.1061111111111111,-0.4317592321951926,0.8337696335078534,0.7619047619047619,0.1148790527755817,1.0
WA,combined,6.0,weak,308,0.1075,-0.4306662169091301,0.8669250645994832,0.7650147686248769,0.1191619534433462,1.0
